claim_id,policy_number,claim_text,claimant_name,category,incident_type,affected_item,severity,sentiment,date_of_loss,location
30c70454-a314-4de1-ae55-772fd4d0c1c2,AU-425404234,"Are you KIDDING ME with this?! I filed this claim two days ago and I'm STILL waiting for someone to do SOMETHING.  My car is FUBAR because some idiot couldn't be bothered to look up from their damn phone or whatever map they were staring at!  Missed a critical road sign in SOUTH JOSEPHTON, Alaska, of all places, on JUNE 16TH, 2025.  Now I'm stuck with a damaged vehicle and you people are just sitting there twiddling your thumbs.  This is UNACCEPTABLE!  I want this fixed, and I want it fixed YESTERDAY.  The sheer incompetence is astounding.  Get your act together and give me some real answers, not just more waiting!",Clifford Williams,Auto,Driver Error / Behavior (Unusual),Driver was looking at a map or GPS device and missed a critical road sign.,Major,Frustrated,2025-06-16,"South Josephton, AK"
36e5481d-a036-4e36-85d5-38d5a5884480,HO-974728081,"Uh, hi. So, I'm not really sure how to explain this.  There was water.  Lots of it.  It came from… I think a pipe? In the guest bathroom.  You know, the one we don't really use much.  It just… burst, I guess.  And now the floor is all… wet and warped, and the walls look funny too.  It's a mess.  I don't know what else to say.  I just want it fixed, but I don't even know where to start with all this paperwork and stuff.  It's all very confusing.",Robert Mathis,Home,Water Damage,A burst pipe in an infrequently used guest bathroom caused significant floor and wall damage.,Moderate,Confused,2025-11-18,"New Rhondaburgh, SD"
ec5c5a73-87cb-42ba-931a-0227ba4a0af9,HO-932233301,"OH MY GOODNESS! My entire house just went dark! There was this awful POP and then everything died! The lights, the TV, even the refrigerator! I think it was a power surge, something just fried the whole electrical panel! It's terrifying! I don't know what's going on, but it's like the house is dead! We're in New Paigechester, KS, and this happened just now, on March 14, 2025! I'm so scared, please help!",Donna Montgomery,Home,Electrical Issues,Power surge from an unknown source fried the home's main electrical panel.,Major,Panicked,2025-03-14,"New Paigechester, KS"
c0df6789-9c88-4f74-b7f8-9cbf41d1cb83,HO-183465778,"OH MY GOODNESS! It's Benjamin Webb, and I'm calling about my pool!  On January 25th, 2025, something TERRIBLE happened at my house in Fosterburgh, DC. The pool pump motor just seized UP!  Completely seized!  I heard this awful grinding noise, and then… nothing!  The whole pool system is probably ruined!  My beautiful pool is just… DEAD! I don't know what to do! This is a DISASTER!",Benjamin Webb,Home,Mechanical Failure,"Pool pump motor seized, leading to damage to the pool system.",Major,Panicked,2025-01-25,"Fosterburgh, DC"
814b6930-59fa-4718-8b3a-6f4242e3a5ae,HO-668438927,"On November 28, 2024, a third-party negligence incident occurred at my residence in Cassandraside, MA. The overflowing pool belonging to my neighbor resulted in water intrusion and subsequent damage to the foundation of my home. The extent of the water ingress and its impact on structural integrity is currently being assessed.",Tara Brock,Home,Third-Party Negligence,A neighbor's overflowing pool caused water damage to the foundation.,Moderate,Formal,2024-11-28,"Cassandraside, MA"
5f3681e7-8fc8-488a-8ea8-947431cfd74e,AU-665068943,"OH MY GOD! I can't believe this happened! I just went into the store for like, ten minutes, and when I came back, my car was totally broken into! The lock on the driver's side is completely mangled, and the inside... it's a disaster! They ripped out all my specialized equipment – the stuff I NEED for my job! It's all GONE! I'm freaking out, what am I going to do?! This was on June 17th, 2025, in Melissaton! I'm so scared and I don't know what to do, please help me!",Eric Fowler,Auto,Security/Theft Related,"Theft of specialized equipment from inside the vehicle, causing lock and interior damage.",Major,Panicked,2025-06-17,"Melissaton, MP"
b711999f-d1d6-42e2-973b-a9648d10d1f3,AU-637755506,"On March 25, 2025, a custom suspension modification on my vehicle, a 2018 Toyota Tacoma, experienced a failure while operating on East Michaelshire, TN roadways. This failure resulted in a loss of vehicle control.  The specific component that failed was the rear adjustable coilover assembly. This incident occurred at approximately 14:30 local time.",Gina Smith,Auto,Modification/Customization Related,"Custom suspension modification failed, leading to loss of control.",Moderate,Formal,2025-03-25,"East Michaelshire, TN"
aa264e7a-221c-4da3-9cb8-6cc9f2ce0844,AU-281601441,"On November 5, 2024, while operating my vehicle, a 2022 Honda CR-V, the vehicle sustained damage due to an incident occurring during a film production stunt in Brooksmouth, ID.  The specific nature of the stunt involved the operation of pyrotechnics and simulated vehicular impact.  The damage appears to be concentrated on the front passenger side panel and windshield.  Further inspection by a qualified assessor is required to determine the full extent of the damage and the necessary repair procedures.",Lisa Pearson,Auto,Unusual Circumstances,Vehicle was damaged during a movie stunt gone wrong.,Moderate,Formal,2024-11-05,"Brooksmouth, ID"
71bf0861-7e2a-4a3f-968a-79589e897fea,HO-485001807,"Gun cleaning accident.  Discharge.  Interior wall damaged.  New Lorimouth, KS. May 13, 2025.",Gabriel Hubbard,Home,Accidental Damage,Accidental discharge of a firearm during cleaning damaged an interior wall.,Minor,Minimalist,2025-05-13,"New Lorimouth, KS"
b2d9cca0-eec8-4c2a-9dd5-e4ae204dd19e,AU-886206320,"Oh my god, I can't believe this just happened! I was driving near Brianhaven, FM on November 20th, and suddenly the ground just... GAVE WAY! There was this horrifying landslide, and my car just slid right into it! It's all debris and mud, I can't even see the road! I'm so scared, is my car okay? Is anyone hurt?! This is a nightmare!",Jack Jones,Auto,Environmental Hazard,"Landslide blocked the road, and the vehicle slid into the debris.",Major,Panicked,2024-11-20,"Brianhaven, FM"
b02e8a24-18ac-4df1-bbb3-73cc4258a617,AU-948889150,"Unbelievable! I'm filing a claim for my car, which somehow, SOMEHOW, ended up ON A MOVING TRAIN on October 5th, 2025, near Lesliefurt, LA. Don't ask me how it happened, I have no damn clue! One minute I'm driving, the next I'm on a damn train! This is absolutely ridiculous and a colossal waste of my time. My car is probably a wreck. I demand this be sorted out IMMEDIATELY. I'm not waiting around for weeks while you people figure out how a car gets onto a train! Get this fixed NOW!",Michael Lucas,Auto,Unusual Circumstances,Vehicle was accidentally driven onto a moving train or ferry.,Total Loss,Frustrated,2025-10-05,"Lesliefurt, LA"
7c5a5f14-7d15-4865-8835-5efb77657c4b,AU-506941912,"This is an absolute JOKE! My car is sitting in my driveway, useless, all because this POS aftermarket turbo decided to blow its guts out on September 30th, 2025, right here in Trevorbury.  Now my entire engine is FUBAR.  Do you people even understand what this means?  I've got places to be, things to do, and I'm stuck here twiddling my thumbs because your company is going to drag its feet on this.  This isn't some little scratch; this is a MAJOR engine failure caused by faulty aftermarket parts that I was told were top-of-the-line.  I demand you expedite this claim and get my car back to running condition IMMEDIATELY.  I'm not paying a dime for this garbage, and I expect a full and swift payout.  Don't waste my time with bureaucratic nonsense!",Lance Patterson,Auto,Modification/Customization Related,"Aftermarket turbocharger malfunctioned, causing engine damage.",Major,Frustrated,2025-09-30,"Trevorbury, LA"
79f01ce3-8d81-40d9-8d54-b0f44727e5b6,AU-896224575,"Oh dear, I am so incredibly sorry to have to file this claim.  It's my fault, really.  On January 9th, 2025, while I was driving my car near New Thomasview, TX, the adaptive cruise control system just... malfunctioned.  It suddenly and without warning applied the brakes quite hard. I'm so embarrassed and truly regretful for any inconvenience or damage this has caused. I'm not entirely sure what happened, but I take full responsibility for whatever went wrong. I'm so sorry.",Lauren Scott,Auto,Product Defect (Specific),Malfunctioning adaptive cruise control system caused a sudden deceleration.,Moderate,Apologetic,2025-01-09,"New Thomasview, TX"
5d538126-e7f9-4fa7-870d-657e71f9848e,AU-250661983,"OH MY GOSH!  It was like a freight train came out of nowhere! I was just driving on Main Street in Seanport, minding my own business on February 6th, 2025, and BAM!  The wind just *slammed* into my car.  It was so sudden, so violent!  My car was tossed around like a toy!  I thought it was going to flip over!  Branches were flying everywhere, and the noise was deafening!  I've never experienced anything like it, it was terrifying!  I'm still shaking, I can barely type this!  The car is a mess, I don't even know how bad it is, but it was a HUGE gust of wind, just for a second, and it completely obliterated everything!  Please, you have to help me!",Sarah Scott,Auto,Unusual Circumstances,"Vehicle was caught in a sudden, localized microburst of wind.",Major,Panicked,2025-02-06,"Seanport, MN"
dccd2499-732e-41b4-857b-203054c79e92,AU-921316877,"On May 12, 2024, while operating the insured vehicle in Harrisstad, WI, a malfunction was detected within the exhaust system. Subsequent investigation revealed a leak in the exhaust system, which resulted in the ingress of toxic fumes into the vehicle's cabin. This incident occurred due to a lack of proper maintenance.",Nicholas Schultz,Auto,Maintenance Related (Neglect),Leaking exhaust system caused toxic fumes to enter the cabin.,Moderate,Formal,2024-05-12,"Harrisstad, WI"
cf3875b1-f9f2-4215-8bee-1bc2da5eb7e8,HO-716232684,"Oh, hello. I'm so incredibly sorry to have to report this. It's quite embarrassing, really. On Friday, May 16th, at my home in Lake Andrew, WA, I unfortunately had a bit of a disaster.  I left the bathtub running for just a moment too long, and the drain was completely clogged.  It overflowed, and... well, the water went everywhere. It's damaged the bathroom floor and, I'm so sorry to say, the ceiling in the room below. I feel absolutely terrible about it and I take full responsibility for my carelessness. I truly hope this isn't too much trouble.",Paul Wood,Home,Water Damage,Overflowing bathtub due to a drain clog caused water damage to the bathroom floor and ceiling below.,Moderate,Apologetic,2025-05-16,"Lake Andrew, WA"
eab83f51-07eb-48b5-8d17-21e632dff1c4,HO-920000901,"On October 4, 2024, an electrical incident occurred at the insured property located in New Elizabeth, TN. The incident involved an incorrectly installed light fixture. This installation deficiency resulted in overheating, which subsequently caused damage to the surrounding ceiling material.  The extent of the ceiling damage is currently being assessed.",Jacob Mendez,Home,Electrical Issues,Incorrectly installed light fixture led to overheating and damage to the ceiling.,Moderate,Formal,2024-10-04,"New Elizabeth, TN"
fc3faf11-3ac0-4f11-b51a-ca871d68b111,AU-319439530,Car fire. Fuel line ruptured. Internal malfunction. Vehicle damaged.,Christopher Salinas,Auto,Vehicle Malfunction (Internal),Fuel line rupture leading to a vehicle fire.,Total Loss,Minimalist,2024-05-16,"Stokesfort, MS"
ab6d6563-1ace-49fc-badc-57b54b6bd7f6,AU-885818007,"I... I'm not really sure what happened, to be honest.  It was on this really steep road, going down, you know?  Like, really steep.  And then, all of a sudden, the car just... wouldn't stop.  The brakes just went.  Like, completely.  It was terrifying.  I think something just broke inside the car.  It happened on July 13th, I think?  Somewhere near East Reneemouth, Maryland.  I'm not sure if that's important.  It just felt like the car decided to give up on me.  I'm not sure what this means for the car, or... anything, really.  I just know the brakes are gone.",Stephen Pierce,Auto,Vehicle Malfunction (Internal),"Sudden, catastrophic brake failure on a steep mountain descent.",Total Loss,Confused,2025-07-13,"East Reneemouth, MD"
2b501dc3-a70a-4c23-ad66-cdee32e8791f,AU-626387152,"I'm not really sure how to explain this, but something fell from that big bridge thingy near Sullivanland.  It was on December 19th, I think?  It was really loud and then my car... well, it just looks all dented and messed up.  I don't know what it was, maybe ice? It was cold that day.  I just hope it can be fixed, it's my only way to get around.  I don't really know what to do, this is all very confusing.",Emily Edwards,Auto,External Factors (Non-Collision),Vehicle was damaged by falling ice from a bridge or overpass.,Moderate,Confused,2023-12-19,"Sullivanland, VT"
66a61ca4-06b0-47a3-974d-5ee1af79cc77,AU-477694005,"Oh gosh, I'm so incredibly sorry to have to report this.  It's just… mortifying.  Last night, August 31st, 2024, at my home in New Laura, NH, my car was unfortunately targeted.  Someone stole all four tires and the rims, and they actually left it up on blocks.  I’m just so embarrassed about it all, and to make matters worse, it looks like the suspension was damaged in the process.  I truly feel awful about this whole situation.",Kimberly Rodriguez,Auto,Security/Theft Related,"Theft of tires and rims, leaving the vehicle on blocks and damaging the suspension.",Major,Apologetic,2024-08-31,"New Laura, NH"
b707397f-d73b-4a7a-8d8d-3b42478caed4,HO-532223694,"Oh dear, I'm so incredibly sorry to be making this claim. It's all my fault, really. We had that awful wind on April 11th here in Lewisberg, and unfortunately, our trampoline… well, it sort of took flight. I know, I know, it's embarrassing. It's ended up in our neighbor's fence, and I'm just mortified by the damage. I should have secured it better, I truly regret not being more proactive. I hope there's no too much trouble caused by this. I'm really so very sorry.",Brenda Harrison,Home,Wind Damage,A trampoline in the backyard was blown into the neighbor's fence.,Moderate,Apologetic,2024-04-11,"Lewisberg, IL"
73b04956-f7b8-41d2-956f-8e47f3e0ac9a,AU-283912237,"Oh, hi there. I'm so incredibly sorry to have to bother you with this. It's all my fault, really. I purchased a battery charger, and I guess it was defective.  It caused a fire in my garage the other day, on March 20th, 2025, here in Virginiafort.  I feel absolutely terrible about it.  I'm just so embarrassed and mortified that this happened. I hope there's something that can be done.",Kelly Miller,Auto,Product Defect (Specific),Defective battery charger caused a fire in the garage.,Moderate,Apologetic,2025-03-20,"Virginiafort, MP"
24e2dcd2-99ec-48aa-bb67-daf355706c2a,HO-156450836,"I... I don't really know what to call this. Someone, I guess, messed with my yard. It was... they broke my stuff.  My little gnome, you know, the one with the fishing pole? And my Christmas lights, even though it's February now, I just hadn't taken them down yet.  And some other things, I think.  It's all just... broken.  I don't know who would do that.  It happened maybe on Friday?  February 3rd?  In Glennmouth.  My yard is just a mess now.  I'm not sure what to do about it, honestly.  It's all just… not how it was.",Cristian Davis,Home,Vandalism,Yard decorations were destroyed.,Minor,Confused,2024-02-03,"Glennmouth, LA"
ceb58e05-53f9-4555-bded-92efe9f775ba,AU-946744175,"On November 12, 2024, at approximately 08:15 Central Standard Time, an animal collision occurred on Highway 10 near New Bobby, Alabama. The claimant's vehicle was traveling southbound when it encountered a bovine animal that had escaped from a nearby pasture and entered the roadway. The claimant was unable to avoid striking the animal, resulting in a rear-end collision with the vehicle directly in front of the claimant's vehicle. The bovine was deceased at the scene. The claimant's vehicle sustained significant damage to the front end. The vehicle directly in front of the claimant's vehicle also sustained damage. Emergency services were contacted and responded to the scene.",Elaine Hernandez,Auto,Animal Collision,"Cow escaped from a pasture and walked onto the highway, causing a rear-end collision.",Major,Formal,2024-11-12,"New Bobby, AL"
3571bdb5-6644-471c-b40c-8857c5b1e629,HO-070843700,Pipe burst. Guest bath. Water damage. Floor. Walls. Significant.,Terry Benson DDS,Home,Water Damage,A burst pipe in an infrequently used guest bathroom caused significant floor and wall damage.,Major,Minimalist,2024-06-11,"East Stephenmouth, WA"
810d1d85-f01e-4e36-8906-9ede966534b6,AU-076655176,"Oh dear, I am so incredibly sorry to have to report this.  It was a truly… well, a rather unusual situation, I suppose is the polite way to put it.  I was just out for a drive on July 4th, minding my own business in Martinstad, when this… this movie stunt just went spectacularly wrong right in front of me.  Honestly, I don't even know how to explain it, but my car somehow got caught in the middle of it.  I feel absolutely terrible, and I'm so embarrassed to be filing a claim for something so… bizarre.  I really hope it's not too much trouble.  I'm just so regretful that my car had to be involved in such a mess.",George Hodges,Auto,Unusual Circumstances,Vehicle was damaged during a movie stunt gone wrong.,Moderate,Apologetic,2024-07-04,"Martinstad, IA"
ef6ccf62-a68d-476c-834f-3c72f1412e05,AU-523387264,"Oh, hello. I'm so incredibly sorry to be bothering you with this. It's all my fault, really. I should have been more careful, and now… well, my car is gone. It happened on November 19th in South Williamview. I was just… I was making a quick stop, and I left it for literally two minutes, and when I came back, it was just gone. They took it. And apparently, they were quite rough with it, from what the police are telling me. There's damage from when they… forced their way in, I suppose. I feel absolutely dreadful about the whole situation, and I truly apologize for any inconvenience this causes you.",Jeffery Phillips,Auto,Security/Theft Related,Carjacking with damage to the vehicle during the forced removal.,Major,Apologetic,2024-11-19,"South Williamview, ND"
2757baaa-bb68-4b5c-a7a0-fdda2420f5ec,HO-680887689,"Unbelievable!  So, apparently, we have a family of furry little vandals living in our attic or something.  Squirrels!  They decided to go on a chewing spree and completely destroyed the cable to my satellite dish.  And to make matters worse, they didn't just stop at the cable, oh no, they decided to gnaw their way right through my ROOF SHINGLES too!  I'm in Simmonsburgh, AL, and this happened on November 12th, 2024.  I pay good money for this insurance, and now I've got a hole in my roof and no TV because of some rodents.  This is an absolute disgrace!  I need someone to get out here IMMEDIATELY and fix this mess.  I'm not waiting around for weeks while my house gets rained on.  Get this resolved NOW!",Thomas Johnson,Home,Animal Damage,"Squirrels chewed through the satellite dish cable, damaging the roof shingles.",Moderate,Frustrated,2024-11-12,"Simmonsburgh, AL"
562a9eb0-7d41-4d9d-b429-b4fac1117f83,HO-688049415,Garage door opener broke. Door fell.  Damage to mechanism.  Happened 2024-02-10. Port Alejandroville.,Jordan Myers,Home,Mechanical Failure,"Garage door opener mechanism failed, causing the door to crash down.",Moderate,Minimalist,2024-02-10,"Port Alejandroville, WI"
c7a6da1c-c451-4f34-9735-c604308d179a,HO-457364910,"OH MY GOSH, I can't believe this happened! It was just a normal day, August 1st, here in Colemanchester, and then BAM!  My garage door opener just completely died!  It wasn't even making a noise or anything, and then the whole door just SLAMMED down!  I thought my car was going to be crushed!  It's completely ruined, I think!  I'm so scared, I don't even know what to do!  It's a mechanical failure, I guess, but it was so sudden and violent!  Please, you have to help me!",Jennifer Decker,Home,Mechanical Failure,"Garage door opener mechanism failed, causing the door to crash down.",Major,Panicked,2024-08-01,"Colemanchester, PA"
8cd3b98e-0e42-4e0c-9a3b-6fee666303c1,HO-073825012,"Oh dear, I am so incredibly sorry to be bothering you with this.  It's truly embarrassing, but I seem to have had a bit of a... well, a malfunction with one of our solar panels.  It looks like it was poorly manufactured, and it unfortunately caused a small fire right on our roof.  It was quite a shock, and I'm so mortified that this happened.  I hope it hasn't caused too much trouble, and I'm really sorry for any inconvenience this product defect has brought about.  We're just so grateful it wasn't worse. This happened on July 5th, 2024, here in Ambermouth, NJ.",Lori Nunez,Home,Product Defect,Poorly manufactured solar panel malfunctioned and caused minor fire damage.,Minor,Apologetic,2024-07-05,"Ambermouth, NJ"
c44a1770-abdd-4056-8039-e84848fa4b9a,AU-964285456,"I was driving on the highway near New Annette, it was... uh... February 18th, 2025. Suddenly, there was this really loud BANG! Like, a huge explosion noise from my car. I guess it was a tire? It felt like the car just went crazy and I couldn't steer it properly for a second. It was really scary. I don't really know what happened to the tire, it just... blew up? And then I lost control for a bit.  I'm not sure what this means for my car, it's all very confusing.",Sharon Winters,Auto,Vehicle Malfunction (Internal),"Explosive tire blowout at highway speeds, causing loss of control.",Major,Confused,2025-02-18,"New Annette, GA"
97f521be-fa7d-46f8-afb5-b9717e1f2ab9,HO-416509171,"This is absolutely ridiculous! My decking is completely warped and split.  It's not like a tree fell on it or anything, it's just…rotted from all this blasted humidity in Danielport.  I've lived here for years and this has never been an issue until now.  It's a hazard waiting to happen, and frankly, it looks like garbage.  I can't even use my backyard properly.  I want this fixed NOW.  I'm paying for insurance for a reason, and it's certainly not to deal with a crumbling deck.  Get someone out here to assess this mess and get it sorted before someone gets hurt or I have to spend a fortune to replace it myself!",Michael Murillo,Home,Structural Failure,"Decking warped and split due to prolonged exposure to high humidity, without specific water damage event.",Major,Frustrated,2025-08-16,"Danielport, CA"
3219c6d5-52fb-4f6d-a72b-7596b4e8b98a,AU-125836654,"Oh, goodness, I am so incredibly sorry to have to report this. It's all my fault, really, and I feel absolutely dreadful about it.  I was driving on March 23rd, 2024, near Port Raymondview, and there was this absolutely ferocious wind.  Unfortunately, a shopping cart, I think it must have come from that grocery store down the road, just… it blew right into the path of my car.  I tried to swerve, but there wasn't really anything I could do.  It made quite a thud, and I'm so embarrassed that my car sustained some damage because of it.  I truly hope it's not too much trouble, and again, I apologize profusely for any inconvenience this has caused.",Nancy Carlson,Auto,Object in Roadway,Shopping cart blew onto the roadway in high winds.,Minor,Apologetic,2024-03-23,"Port Raymondview, PR"
49573a17-2dda-4049-bd28-e5bd05f7fedf,HO-037544816,"ARE YOU KIDDING ME?! I'm filing this claim because my STUPID sump pump decided to quit on me during a torrential downpour on November 23rd, 2025.  Now my entire basement is a swimming pool!  This is an absolute NIGHTMARE.  I'm dealing with water damage, potential mold issues, and God knows what else.  This isn't some leaky faucet, this is a MAJOR failure that has completely disrupted my life!  I expect this to be handled IMMEDIATELY.  I'm not waiting around for you to take your sweet time while my house rots. FIX THIS NOW!",Kaitlyn Arias,Home,Mechanical Failure,"Sump pump failed during a heavy rain, leading to basement flooding.",Major,Frustrated,2025-11-23,"New Jeremyland, TN"
d2689f0b-4b7a-414a-8c18-adfde0c98441,AU-868177896,"ARE YOU KIDDING ME?! I was driving on Route 17 near Oliverville on March 16th, minding my own business, when this *gosh darn bear* just materialized out of the woods and SLAMMED into the side of my car!  The whole passenger side is a wreck.  This is absolutely ridiculous!  I can't believe I have to deal with this on top of everything else.  I need this fixed NOW.  I don't have time for this nonsense, so get this claim sorted out ASAP!",Rebecca Clarke,Auto,Animal Collision,Bear emerged from dense woods and collided with the side of the car.,Moderate,Frustrated,2025-03-16,"Oliverville, AS"
874863aa-3162-42e8-a1ea-37f4e2e39109,HO-472800107,"Oh dear, I'm so incredibly sorry to have to report this.  It's all rather embarrassing, really.  On Tuesday, July 29th, 2025, something just… fell out of the sky and completely shattered the roof of my greenhouse.  I know, I know, it sounds absolutely ridiculous, and I feel just awful about it.  Apparently, it was from a passing aircraft, which I never would have imagined possible.  My poor little greenhouse, it was just getting to be such a lovely space for my tomatoes.  I'm truly mortified that this has happened, and I hope it's not too much of an inconvenience.  Again, I am so, so sorry.",David Stanley,Home,Structural Failure,Greenhouse roof shattered from a falling object originating from a passing aircraft.,Moderate,Apologetic,2025-07-29,"East Edwardfort, TN"
1b804ff7-5c65-4d2b-8019-1349f57dd491,AU-534738138,"OH MY GOSH! I was just parked at the outdoor concert in Barbaramouth, minding my own business, and suddenly there was this HUGE crash! A piece of the stage equipment just fell right onto my car!  It's completely smashed! I'm so scared, I can't even believe this happened!  Is my car even fixable? This is a nightmare!",Debra Marshall,Auto,Unusual Circumstances,Vehicle was damaged by a falling piece of stage equipment during an outdoor concert.,Major,Panicked,2023-12-04,"Barbaramouth, CA"
f3ba77d8-9c21-4d3e-a776-0fc5a8c3b00a,HO-658929786,"On May 26, 2024, a fire occurred at the property located in Sullivanfort, NE. The fire originated from a short circuit within the attic fan.  Damage has been sustained to the attic area and surrounding structural components.",Mark Larson,Home,Fire Damage,Fire started from a short circuit in the attic fan.,Moderate,Formal,2024-05-26,"Sullivanfort, NE"
9921b841-5a61-436a-8664-15ca887051c8,AU-260275676,"Oh, gosh, I'm so incredibly sorry to have to report this. It's all my fault, really. I know I should have kept a closer eye on my tires, and I'm just mortified that my neglect led to this.  On November 5th, 2024, while driving in Port Lauramouth, WV, in what I thought was just a bit of moderate rain, my car started hydroplaning. I completely lost control, and well, there was an incident.  I'm so embarrassed and deeply regret not taking better care of my vehicle. I hope this doesn't cause too much trouble.",Albert Thompson,Auto,Maintenance Related (Neglect),Worn tires led to hydroplaning and loss of control in moderate rain.,Moderate,Apologetic,2024-11-05,"Port Lauramouth, WV"
6d5828ce-fa8f-4123-884e-e1d755458dfb,HO-962065063,"OH MY GOSH! It was TERRIFYING!  A lightning strike!  It hit our house, right near the entertainment center!  There was a huge flash, and then smoke, and FIRE!  It just... it just EXPLODED into flames!  The whole entertainment center is ruined, black and burnt and smoky!  I'm so scared, I don't even know what to do!  It happened just a little while ago, on March 28th, 2024, here in Port Jessicaview!  Please, you have to help!",Heather Simmons,Home,Fire Damage,Electrical surge from a lightning strike ignited the entertainment center.,Major,Panicked,2024-03-28,"Port Jessicaview, CA"
35cd3afd-dd86-4876-87f4-821d48941b5e,HO-530319632,"Oh, I am so terribly sorry to have to report this.  It's just awful and I feel absolutely mortified.  On March 31st, 2025, here in Port Mariaville, it seems there was some... well, some vandalism.  Someone, and I'm not sure how, but I suppose it's my fault for not keeping a closer eye on things, scratched up the exterior paint on my house.  It's really quite noticeable and it makes the whole place look so run down. I'm just so embarrassed by it all and truly regret that this happened.",Debra Davis,Home,Vandalism,Exterior paint was scratched and damaged.,Minor,Apologetic,2025-03-31,"Port Mariaville, OH"
8efb89bc-bc24-4e85-a82c-6162f4fe11a2,AU-141963646,"On June 18, 2025, at approximately 14:30 EST, an environmental hazard event occurred in South Kevinberg, VA. A severe dust storm resulted in near-zero visibility, leading to a multi-vehicle collision. My vehicle was involved in this incident, sustaining damage as a direct consequence of the reduced visibility and subsequent impact. The incident falls under the category of Auto. Further details regarding specific vehicle damage will be provided in subsequent documentation.",Andrea Dawson,Auto,Environmental Hazard,Dust storm with near-zero visibility led to a multi-vehicle pile-up.,Moderate,Formal,2025-06-18,"South Kevinberg, VA"
5ccc3ac1-eeeb-4ae0-8925-1e4ba042dea2,HO-692447614,"Are you KIDDING ME with this? A DEER! A giant, stupid deer, decided to go through my sliding glass door. RUTTING SEASON, apparently. As if I care about their primitive urges! Now I've got a gaping hole in my house in West Jasmine, and it's JULY 29th, 2025, and I'm freezing my butt off because this animal decided to make a dramatic entrance. This is absolutely unacceptable! I've got glass all over my living room, and who knows what else got in. I demand this be fixed YESTERDAY. I'm not living like this with a giant hole in my house because of some wild beast. Get this sorted out NOW!",Antonio Oneill,Home,Animal Damage,Deer crashed through a sliding glass door during rutting season.,Major,Frustrated,2025-07-29,"West Jasmine, AK"
8453b108-cce4-436f-a4fe-4b6d055bfffa,AU-780040742,"Lightning strike. Vehicle damaged. July 5, 2025. New Melissashire, MN.",Sara Johnson,Auto,External Factors (Non-Collision),Vehicle was struck by lightning.,Major,Minimalist,2025-07-05,"New Melissashire, MN"
b8e5ce2b-3acd-429b-9ad5-00147441beb6,AU-283567645,"Oh, I am so terribly sorry about this.  I know it's not ideal, but I have to report some damage to my vehicle.  On April 30th, 2024, over in Amandaborough, we had that awful rain.  I'm just mortified to say that an embankment near my house gave way, and my car, my poor little car, got completely covered in mud.  It was just a torrent.  I feel so awful about it, and I'm really embarrassed to even have to file this.  I truly hope it's not too much trouble.  I feel like it's my fault for parking where I did, even though I didn't think anything like that would happen.  I'm so sorry.",Melissa Knight,Auto,Environmental Hazard,Mudslide from an embankment washed over the vehicle.,Major,Apologetic,2024-04-30,"Amandaborough, MS"
fddae937-728e-43f5-b0af-dd0115783d71,AU-283157833,"On July 19, 2024, at approximately 14:30 EST, the insured vehicle, a 2022 Honda CR-V, was present in the vicinity of South Richardstad, CT, during a public demonstration. The demonstration subsequently escalated into a violent incident, during which the vehicle sustained damage. The nature of the damage is currently under assessment.",Stephanie Garner,Auto,Unusual Circumstances,Vehicle was involved in a protest that turned violent.,Moderate,Formal,2024-07-19,"South Richardstad, CT"
4e3d22dc-cbae-422f-bb98-63dbe96dc55b,HO-951905620,"OH MY GOSH! I can't believe this! My holiday decorations! They were ON MY PORCH, just waiting for me to bring them in for the season, and now they're GONE! Stolen! It's 2024-07-28, and I just noticed it this morning! Who would do this?! I'm so shaken up! They were all there yesterday, and now... nothing! It's like they vanished! We live in Mccormickside, MO, and I'm absolutely terrified! What am I going to do?!",Heidi Taylor,Home,Theft,Holiday decorations were stolen from the front porch.,Minor,Panicked,2024-07-28,"Mccormickside, MO"
fc9b2b38-8043-4826-8978-0ac57a5f3b49,AU-031579193,"On September 20, 2025, an attempted theft of the catalytic converter from my vehicle occurred at my residence in New Robert, MA. The incident resulted in damage to the exhaust system. The vehicle is a 2018 Honda CR-V. I am filing this claim to report the damage and seek repair compensation.",Jonathan Fritz,Auto,Security/Theft Related,Attempted theft of catalytic converter resulted in damage to exhaust system.,Moderate,Formal,2025-09-20,"New Robert, MA"
fc1e94cc-79c7-48ec-9ec9-ca002cadf4e2,HO-680667215,"Uh, so, I think something happened with our thermostat? It's one of those fancy smart ones, you know? It was around, I think, February 13th this year, maybe? We live out in West Jennifer, Florida.  Anyway, there was this... smell. Like burning plastic or something. And then, oh gosh, there was this little fire!  It didn't get too big, thankfully, but it was scary.  It seemed to come from the wall where the thermostat is.  I don't really know what's considered 'damage' with insurance stuff, but the thermostat is definitely broken, and there's some black stuff on the wall.  I'm not sure if it's... a big deal?  It's just really confusing.",Ryan Armstrong,Home,Product Defect,Defective smart thermostat caused electrical fire.,Moderate,Confused,2025-02-13,"West Jennifer, FL"
535753ea-54b6-462e-9c6e-c1c18e939b8a,HO-288930741,"This is absolutely ridiculous! My neighbor's cat, 'Whiskers,' was STOLEN right out of MY backyard on June 12th, 2024, in New Cristina.  Now I have to deal with this nonsense?  It's not even MY cat!  This is a complete invasion of privacy and a massive inconvenience.  I'm sick and tired of all this hassle.  Just get this sorted out already.  I expect a prompt resolution, not another headache from your company.",Vincent Aguilar,Home,Theft,A neighbor's cat was stolen from the backyard.,Moderate,Frustrated,2024-06-12,"New Cristina, DC"
818e7a09-fbc8-45e5-b790-cad6ae5ae7bf,HO-621348496,"Okay, so, um, I think there's something wrong with my house.  There are these little… uh… rodents?  Rats, I guess. They've been… uh… nesting in the crawl space, and I think they’ve been chewing on things.  Like, wires and… stuff.  And that fluffy stuff, the insulation. It just… it seems like a lot of damage.  I’m not really sure what to call it, but it’s in my home.  This all happened recently, I think it was around April 28th of this year, 2025.  We’re in Englishberg, Washington.",Felicia Sanchez,Home,Animal Damage,"Rats nested in the crawl space, chewing electrical wires and insulation.",Moderate,Confused,2025-04-28,"Englishberg, WA"
995b885d-1900-46fc-a44d-694e2f4f8bcd,HO-875244125,Pet. Candle. Fire. Living room. Small burn marks. Carpet damaged. Some smoke smell.,Rachel Davis,Home,Accidental Damage,"A pet knocked over a candle, causing a small fire in the living room.",Minor,Minimalist,2025-09-25,"Thomasburgh, AS"
ba4b1c08-542d-4cdb-a1de-54609e14943b,AU-708850097,"On December 16, 2023, an environmental hazard occurred at my property in Martinezland, NE. A mudslide originating from an adjacent embankment inundated my vehicle. The vehicle sustained damage due to the deposited mud and debris.",Yolanda Petty,Auto,Environmental Hazard,Mudslide from an embankment washed over the vehicle.,Moderate,Formal,2023-12-16,"Martinezland, NE"
3236c444-f4f1-46b3-86fe-d179fcb0276b,HO-369594153,"On July 21, 2025, an electrical issue was identified affecting the exterior lighting system at the property located in Julieburgh, IA. Subsequent investigation revealed a ground fault within the system, which directly resulted in significant corrosion and subsequent failure of the components. This incident falls under the Home category.",Shawn Brown,Home,Electrical Issues,Ground fault in the exterior lighting system caused corrosion and failure.,Moderate,Formal,2025-07-21,"Julieburgh, IA"
4febb143-06ea-404c-b85a-1fa1defcbd00,AU-314932067,"Oh dear, I am so, so sorry to have to report this.  It's all my fault, really.  On January 3rd, 2025, while I was driving through Carrilloland, OK, a flock of birds... well, they sort of flew directly into my windshield at a pretty high speed. I honestly don't know what else I could have done. I feel absolutely terrible about it, both for the damage to my car and, of course, for the poor birds.  It was a truly unfortunate and embarrassing incident, and I deeply regret it.",Barry Silva,Auto,Animal Collision,Flock of birds flew into the windshield at high speed.,Moderate,Apologetic,2025-01-03,"Carrilloland, OK"
8970f7e1-acec-42fb-9af9-38cd19e5ae6f,HO-570611287,"This is absolutely ridiculous! We've been dealing with this prolonged drought for MONTHS now, and my house is literally falling apart. The soil around my foundation has shrunk so much it's created cracks that go all the way through. I'm looking at thousands, probably tens of thousands, in repairs!  This isn't some leaky faucet; this is a structural issue caused by UNCONTROLLABLE weather that you people are supposed to cover! I'm sick of the inconvenience, the constant worry, and the fact that I'm paying for insurance and it feels like it's doing NOTHING.  Get this sorted out, and I mean FAST. I'm not waiting around for this to get worse.",Connor Stewart,Home,Environmental,Prolonged drought led to soil shrinkage and foundation cracks.,Major,Frustrated,2025-10-31,"North Jasontown, NY"
264bd07f-e62b-4bbd-b178-76012e8de23d,AU-651076041,"Oh dear, I'm really not sure how to explain this. It was on Monday, February 26th, on the highway near Lake Stevenstad.  My car, well, it was making a really strange noise, and then something felt... loose?  I think it was a tire. It just seemed like the rubber was coming off or something, like it was falling apart.  It happened while I was driving, and it was quite frightening, honestly. I don't really know what it's called, but the tire just looked... wrong.  I had to pull over very carefully. I'm not sure if it's a big deal or not, I just know the tire is ruined and I'm worried about what happened.",Evelyn Walker,Auto,Product Defect (Specific),Faulty tire tread separation at highway speeds.,Moderate,Confused,2024-02-26,"Lake Stevenstad, GA"
a7cff4c8-1838-4a08-bb86-d6bd1fa5e674,AU-962453125,"Oh my god, it was absolutely terrifying! The rain just wouldn't stop yesterday, November 6th, 2024, here in Rebeccaside. I was driving, and suddenly the water was just everywhere! It came up so fast, my car just choked and stalled! Then, this massive wave of water just… it just swept my whole car downstream! I barely got out! I don't even know where it is now, it's all a blur of water and panic! My poor car, it's gone! Just gone!",Shane Henderson,Auto,Environmental Hazard,Flash flood caused the vehicle to stall and be swept downstream.,Total Loss,Panicked,2024-11-06,"Rebeccaside, KS"
f606b1e4-646c-4f2d-9054-187c41208496,AU-243276344,"On October 16, 2025, in Albertshire, TN, the insured vehicle sustained damage due to an environmental hazard. Extreme ambient temperatures caused the asphalt surface to soften. Consequently, the vehicle's tires left imprints in the road surface, resulting in compromised vehicle stability during operation. This incident falls under the Auto category.",John Warren,Auto,Environmental Hazard,"Extreme heat caused asphalt to become soft, leading to tire imprints and vehicle instability.",Moderate,Formal,2025-10-16,"Albertshire, TN"
6d565e0f-884f-4bd7-86ad-44aca5f1c33b,HO-920832873,"Oh, dear.  I'm so incredibly sorry to have to report this.  It's... well, it's quite embarrassing, really.  I'm Justin Palmer, and unfortunately, on January 25th, 2025, at my home in West Cassandra, AZ, we had a rather unfortunate incident.  It seems... it seems my Christmas tree lights, of all things, malfunctioned and started a fire in the living room.  I'm just mortified that something so festive could cause such a mess.  I can't believe it.  I feel absolutely terrible about the damage.  Truly, I do.",Justin Palmer MD,Home,Fire Damage,Christmas tree lights malfunctioned and started a fire in the living room.,Moderate,Apologetic,2025-01-25,"West Cassandra, AZ"
49bdb58e-317b-4951-860b-da70c9c1ec15,HO-466647073,"Oh, hello. I'm so terribly sorry to bother you with this, but I seem to have experienced a rather embarrassing incident. On Halloween night, 2025, someone... well, someone took my little garden fountain. It's not a grand thing, just a small, charming decorative fountain that sat by the rose bushes. I feel absolutely awful that this happened, and honestly, I'm a bit mortified. I should have been more mindful of security, I suppose, and now this has happened. I truly regret any inconvenience this causes you. It was a silly, sentimental piece, and I'm just so sorry it's gone.",Spencer Mcpherson,Home,Theft,A small decorative fountain was stolen from the garden.,Minor,Apologetic,2025-10-31,"New Daniel, VT"
3c202398-3fdd-48a1-933d-ea1957a3d8b2,AU-977828312,"OH MY GOSH! I was just driving along on December 22nd, 2023, near New Juliemouth, and suddenly there was this HUGE CRASH!  Ice, like a giant block of ice, fell from that overpass! It shattered my windshield, dented the hood, and I think it might have hit the roof too! I slammed on the brakes, I was so terrified, I thought my car was going to flip!  It was so sudden and loud, I'm still shaking!  Please, you have to help me, I don't know what to do!",Rachel Gray,Auto,External Factors (Non-Collision),Vehicle was damaged by falling ice from a bridge or overpass.,Major,Panicked,2023-12-22,"New Juliemouth, CA"
87265ab3-d052-4800-8b74-2965e67e3b01,AU-463786621,"Oil filter old. Engine oil gone. Engine seized. Happened 2024-09-01. Barbarabury, ND.",Kimberly Eaton,Auto,Maintenance Related (Neglect),Unchanged oil filter caused engine oil starvation and seizure.,Total Loss,Minimalist,2024-09-01,"Barbarabury, ND"
c0043de4-e61f-4b4a-9db3-fd6de0b58c4e,AU-941162210,"On March 29, 2024, a product defect was identified in the brake pad material of my vehicle. This defect resulted in the premature failure of the brake pads. The incident occurred in Michellehaven, AZ. The repair necessitated the replacement of the defective brake pads. Further inspection revealed no other damage to the braking system or associated components.",Michelle Dean,Auto,Product Defect (Specific),Defective brake pad material caused premature failure.,Moderate,Formal,2024-03-29,"Michellehaven, AZ"
1f470044-0451-4770-8282-84c810b1e1d6,AU-847423968,"Um, I'm not really sure how to explain this. So, I was just driving, you know, on that road near Williamport, on Tuesday, the first of October. And then, all of a sudden, it felt like... like my brain just went fuzzy?  I think I was supposed to be going somewhere, but I just… stopped responding.  It was really weird.  The car, well, it kind of just bumped into a bush, I think?  I don't really remember much after that until people were talking to me.  I don't know what happened to me, it was very unsettling.  And I'm not sure what this means for the car, or… insurance.  Is that what this is for?",Jonathan Jimenez DDS,Auto,Driver Error / Behavior (Unusual),"Driver experienced a medical emergency (e.g., stroke, seizure) while driving.",Moderate,Confused,2024-10-01,"Williamport, CO"
e6211080-0468-4379-86c3-5ca5bca3a2b3,AU-213724902,"So, my car, it's been making weird noises for a while, I think.  And then the other day, it just... stopped.  Like, all steamy and smelly.  I don't really know what happened, something about it getting too hot?  The mechanic said something about the cooling thingy and a 'gasket' failing because it wasn't... looked after?  I'm not really sure what that means.  It was on Sunday, the 24th of March, I think, when we were near Glennstad.  It just feels like a big mess and I don't know what to do.",Craig Sanchez,Auto,Maintenance Related (Neglect),Cooling system neglect led to engine overheating and gasket failure.,Major,Confused,2024-03-24,"Glennstad, ME"
2e722d58-1b2c-4e32-b20b-bac7cbae3e45,HO-992492906,"On May 12, 2024, during a period of significant wind activity in South Patrickfort, MH, a trampoline located on the insured property experienced wind damage. This resulted in the trampoline being displaced and impacting the adjacent neighbor's fence. The incident occurred due to extreme weather conditions.",Lori Smith,Home,Wind Damage,A trampoline in the backyard was blown into the neighbor's fence.,Moderate,Formal,2024-05-12,"South Patrickfort, MH"
4ac72793-7cb2-4a00-bd58-b4fa732f93ab,HO-083646969,"I... I think there was a fire? In the garage. It was just this morning, like, September 22nd, I guess.  I'm not really sure what happened.  My husband, he was working on something in there, with some rags that had oil on them, I think?  He left them out, and then... poof.  Smoke.  And some black stuff on the wall.  I don't know if it's bad.  It looks like the paint is kind of... bubbled?  And there's a smell.  Is that what's supposed to happen?  I don't really understand how fires start like that.  Is this something... you guys handle?",Christopher Miller,Home,Fire Damage,Spontaneous combustion of oily rags left in the garage.,Moderate,Confused,2024-09-22,"Williamsville, KS"
21d2b33c-050b-43b0-a66c-884cffb7c6f8,HO-783146553,"Oh my gosh, I don't even know where to start! It was last night, December 27th, and there was this terrible sparking sound from outside my house in Port Isaac.  Then all the exterior lights just died!  I ran to the window and saw smoke coming from one of the fixtures.  I think it's some kind of electrical short, and now everything is ruined!  It's terrifying to think what could have happened.  I'm so scared about the damage and if it's spread anywhere else! This is a disaster!",Jennifer Curtis,Home,Electrical Issues,Ground fault in the exterior lighting system caused corrosion and failure.,Major,Panicked,2023-12-27,"Port Isaac, WA"
3983dca8-55e0-4302-aaa5-1ee359ee81a4,HO-368009233,"OH MY GOODNESS!  I'm shaking so badly right now!  There was a contractor working on the house next door, and I heard this HUGE CRASH!  I looked out, and their equipment, I think it was a backhoe or something, just SMASHED right through my fence!  It's GONE!  Just a gaping hole where my beautiful fence used to be!  I can't believe this happened, it's a complete mess!  I'm so scared and I don't know what to do!",Leslie Macias,Home,Third-Party Negligence,A contractor working on a nearby property caused damage to the fence.,Major,Panicked,2025-03-18,"Ashleefurt, MH"
6f2544ba-d000-4536-80cd-c594fa71bf22,AU-097416414,"So, um, I was just driving along, you know, on East Nicholas, I think it was August 6th, 2025? And there was just… stuff in the road. Like, orange things and maybe some other big plastic things. They just… rolled out.  And then there was a *thump*.  I'm not really sure what happened, it all happened so fast.  Did I hit them?  Did they just… appear?  My car made a funny noise afterwards, and I think something underneath is a little… wobbly?  I don't really know much about cars, honestly.  I just hope it's okay.  I'm really confused about why those things were in the middle of the road.  Were they supposed to be there?",Emily Nelson,Auto,Object in Roadway,"Construction equipment (e.g., traffic cone, barrier) rolled into the path of traffic.",Moderate,Confused,2025-08-06,"East Nicholas, MN"
61627984-e240-4480-9e40-707b812a3258,AU-004830388,Hail damage. Grapefruit size. Car. Dented.  2024-04-16. Carsonland.,Rachel Morrison,Auto,Environmental Hazard,Hailstorm with unusually large hail (grapefruit size) caused significant denting.,Major,Minimalist,2024-04-16,"Carsonland, MH"
00cdb116-d8cc-41ee-aebb-26c0c0a1fc4d,HO-868586548,"Are you KIDDING me with this?! On October 27th, 2024, right here in North Kimberly, ID, some absolute moron on the golf course decided to use my house as their personal target practice! A stray golf ball, a damn GOLF BALL, just SMASHED through my living room window!  This is completely unacceptable. Now I've got a gaping hole in my house, I'm worried about drafts, security, and frankly, the sheer inconvenience of it all is infuriating. I expect this to be handled IMMEDIATELY. I'm not waiting around for this to drag on. Get this window fixed, and fast!",Curtis Conrad,Home,Accidental Damage,A stray golf ball from a nearby course shattered a window.,Moderate,Frustrated,2024-10-27,"North Kimberly, ID"
2a7cb5a1-95fd-4e72-9de8-f28dfd38434b,AU-007121763,"Oh gosh, I'm so incredibly sorry to have to report this. I'm Sheri Estrada, and I'm just mortified about what happened on November 22nd, 2024, out near South Jordan, KY.  It seems like my car... well, it had a defective airbag inflator, and it went off unexpectedly and ejected shrapnel. I feel absolutely awful that this happened. I don't even know how to explain it, but I'm so, so sorry for any trouble this causes.  I truly regret that this product defect led to this incident. It's just been a real mess, and I'm so embarrassed about it all.",Sheri Estrada,Auto,Product Defect (Specific),Defective airbag inflator caused shrapnel to be ejected.,Major,Apologetic,2024-11-22,"South Jordan, KY"
e2b89c3c-ba45-4e9d-9375-99cc610a49a3,AU-151640880,"Oh, gosh, I'm so incredibly sorry about this.  I was driving along on November 3rd, 2025, near Johnport, VI, and I honestly don't know how it happened. A deer just... it just jumped right over the guardrail, out of nowhere, and straight into my path.  There was absolutely no way I could have avoided it. I feel absolutely terrible about the damage to my car. I really wish I could have done something differently, but it all happened so fast. I'm just so sorry for the trouble this is going to cause.",Ryan Salinas,Auto,Animal Collision,Deer jumped over the guardrail directly into the path of the vehicle.,Moderate,Apologetic,2025-11-03,"Johnport, VI"
ddf1c6f9-227b-4bb4-bc58-8838b73df440,HO-753063778,"Oh dear, so, um, there was this really big wind the other day, I think it was, like, February 2nd?  And, well, our fence, you know, the one that runs along the side of the house, it just… it just blew over.  And it landed, right on top of my car.  The one that was just sitting there in the driveway.  It's… it's not good.  The fence is all broken, and the car… it looks all squished. I'm not sure what part of the fence hit what part of the car, honestly, it all happened so fast.  It's just a mess, really.  I don't know if the car is fixable or anything like that.  It's a… a red one?  I think that's what it is.",Emily Watson,Home,Wind Damage,Wind caused a fence to fall onto a parked car in the driveway.,Major,Confused,2024-02-02,"West Kimberlychester, SD"
e27d425c-f9ec-445d-812a-a3cadfb16cc5,HO-251673029,"OH MY GOSH! I can't believe this is happening!  My staircase just... COLLAPSED!  It was on 2024-05-17, right here in Whitemouth, PA.  One minute I was just walking down, the next it just gave way!  It wasn't old, it wasn't worn out, it's like the material itself just failed!  I'm so scared, what if someone had been on it?!  This is a disaster!",Mariah Gallegos,Home,Structural Failure,"Staircase collapsed due to a manufacturing defect in the material, not wear and tear.",Major,Panicked,2024-05-17,"Whitemouth, PA"
d623062d-ec47-4e70-8c70-4c825ff05e3a,AU-905165082,"So, like, my car started making this really weird grinding noise, you know?  And then the brakes just… weren't working right.  Like, they were soft.  My mechanic said something about the brake pads, that they were, uh, defective?  Whatever that means.  They had to replace them and stuff.  It happened around the end of June, I think it was the 29th, out near West Joshua.  I don't really know what to call this, it just seems like the car part was bad and it made my car not stop right.  I hope this makes sense.",Brandon Dougherty,Auto,Product Defect (Specific),Defective brake pad material caused premature failure.,Moderate,Confused,2024-06-29,"West Joshua, MN"
f42fbbdc-1992-4712-a30e-1c6aa951a6d6,AU-669670369,"Oh my gosh, I'm so shaken up! I was just trying to cross the road near East Carlostown, you know, a normal street, and my truck just... it just died! It wasn't even a big bump or anything, but suddenly there was this horrible grinding noise and smoke everywhere! It's my off-road truck, the one I spent so much on, and now it's just a wreck! I don't know what happened, it was so sudden and terrifying! Please, you have to help me, I'm so scared!",Julia Anderson,Auto,Modification/Customization Related,Vehicle was modified for off-road use and damaged crossing a standard road.,Major,Panicked,2024-05-25,"East Carlostown, NY"
452f6f43-39ae-4346-b8ff-7b27a8ca3aa2,HO-143961578,"Oh my gosh, I'm still shaking! It's Carolyn Miller, and I need to report something absolutely terrifying that happened on October 4th, 2025, at my home in Lake Michaelbury.  The door lock, the main one on my back door, it just… it failed! It was a product defect, I know it!  Someone got in! They *stole* things!  I just… I can't believe this is real!  I heard a noise, and then I realized the door was open and my valuables were gone!  It's horrifying!  I feel so violated and scared for my safety!",Carolyn Miller,Home,Product Defect,Faulty door lock mechanism led to a breach and theft.,Major,Panicked,2025-10-04,"Lake Michaelbury, ND"
d388e266-6e5e-48f9-aea4-23aaf1495e3e,AU-633745605,Tire. Blew out. Highway speed. Lost control. Car damaged.,Frederick Calhoun,Auto,Vehicle Malfunction (Internal),"Explosive tire blowout at highway speeds, causing loss of control.",Major,Minimalist,2024-01-02,"Walkermouth, VT"
c0b2f52c-232f-45fa-ad3c-0141c197b848,HO-333172086,"OH MY GOSH! I just discovered this HORRIBLE mold growing in my bedroom! It's all over the wall near the window! I think it's from that rain we had on April 11th, 2025. The window frame looks like it wasn't sealed right and water just seeped in! It's spreading so fast, I'm absolutely terrified! What am I going to do?! This is a disaster!",Lisa Stevens,Home,Water Damage,Rainwater infiltration through a poorly sealed window frame caused mold growth in the bedroom.,Moderate,Panicked,2025-04-11,"West Amanda, FM"
07a3edca-5c19-465d-8f4d-b48bbc222bbc,AU-852440844,"OH MY GOD! It was terrifying! I was just driving along on the highway, minding my own business, when suddenly BAM! My tire exploded! It was like a bomb went off right under me! The car swerved like crazy, I was losing control, I thought I was going to flip! It was a miracle I didn't crash worse! I'm still shaking!  It was a complete blowout, smoke everywhere, just pure terror!",Timothy Winters,Auto,Vehicle Malfunction (Internal),"Explosive tire blowout at highway speeds, causing loss of control.",Major,Panicked,2024-01-18,"Bradleyburgh, KY"
3cc0fdbf-08a5-42a2-b7d3-3dbc070667e1,HO-762335797,"I... I don't really know what to call this.  Someone, I guess, threw rocks? At my windows.  All of them.  They're all broken.  It was a few days ago, maybe the 30th of December?  Here in Moniquestad.  I just... I don't understand how this happens.  My house.  It's just... broken.  I don't know what else to say.  I hope this is the right place to tell someone.",Devin Lopez,Home,Vandalism,Windows were smashed with rocks.,Major,Confused,2023-12-30,"Moniquestad, AR"
03838855-07c7-4679-bf56-27bd544a6c78,HO-940387356,"On September 12, 2024, vandalism occurred at the insured property located in Madelineton, OR.  Specifically, graffiti was spray-painted on the exterior walls of the residence. The extent of the damage requires professional cleaning and repainting of the affected areas.",Terry Hansen,Home,Vandalism,Graffiti was spray-painted on the exterior walls.,Moderate,Formal,2024-09-12,"Madelineton, OR"
603fe024-c4a5-44d2-9f5a-1a8efbf9dc2f,AU-179090354,"On January 21, 2025, at approximately 14:30 hours, while operating my vehicle on North John, NC, a coyote suddenly emerged from behind a parked truck. This unexpected event necessitated an immediate and forceful application of the brakes. The sudden deceleration resulted in damage to the vehicle.",Richard Douglas,Auto,Animal Collision,"Coyote darted out from behind a parked truck, leading to a sudden braking incident.",Minor,Formal,2025-01-21,"North John, NC"
de2024c5-1ca4-4061-924d-19e9598595f1,HO-367582592,"Uh, hello? I think I need to report something that happened at my house.  It's about the lights, I think?  There was this new light fixture my husband put up, you know, in the living room ceiling.  And I guess... it got too hot?  Because now there's this brown, like, scorch mark, or something, all around it.  It looks pretty bad.  I don't really know how electricity works, but it was definitely the light, I'm sure of it.  It's in South Gabriel, Iowa.  This happened... I think it was July 3rd, 2024.  Is that right?  I just want to know if this is something you can help with.  I'm really not sure what to do.",Howard Jackson,Home,Electrical Issues,Incorrectly installed light fixture led to overheating and damage to the ceiling.,Moderate,Confused,2024-07-03,"South Gabriel, IA"
2c8eeace-93b1-4155-9fde-72f56b2df71e,HO-088194854,"Oh, goodness, I'm so incredibly sorry to have to report this.  It's quite embarrassing, really.  It seems the insulation material that was used in the construction of my home back in Blackburgh, VI, has turned out to be... well, faulty.  This has unfortunately led to some mold growth, and I feel just terrible about the whole situation.  I truly hope this hasn't caused too much inconvenience, and I'm just so sorry for any trouble this has caused.",Wayne Hopkins,Home,Product Defect,Faulty insulation material used in construction led to mold growth.,Moderate,Apologetic,2025-03-16,"Blackburgh, VI"
f7416eb9-9bbf-4191-b8fc-5d3b0b07b398,HO-619043152,Pipe burst. Basement. Cold snap. Water damage.,William Buck,Home,Environmental,Extreme temperature fluctuations caused a pipe to burst in the basement.,Moderate,Minimalist,2025-03-25,"Port Jo, IA"
9dd7f5d2-956b-45cb-8e39-0e05abd787c1,HO-394428995,"Oh, goodness, I'm so incredibly sorry to even have to report this.  It's all my fault, really, or at least I feel like it is.  I should have been more on top of things.  You see, there was some construction happening next door, on the adjacent property, and... well, it seems some of their debris, I'm so embarrassed to say, just tumbled right onto my roof.  I'm just mortified that this happened, and I hope it's not too much of a bother for you all to sort out.  I'm truly, truly sorry for any inconvenience this causes.",Heidi Morrison,Home,Third-Party Negligence,Construction debris from an adjacent property fell onto the roof.,Moderate,Apologetic,2025-07-26,"West Tyler, CA"
f01f3f72-4ef1-41a4-91bb-eb1dd96b29de,HO-738462203,"On September 13, 2024, at approximately 21:00 hours, fireworks launched by a neighboring property in Nobleborough, NH, caused direct damage to the roof structure of the insured property located at [Insured's Address]. The impact resulted in material compromise to several shingles and underlayment, requiring professional assessment and repair.",Emily Lee,Home,Third-Party Negligence,Neighbor's fireworks caused damage to the roof.,Moderate,Formal,2024-09-13,"Nobleborough, NH"
9dd23400-d0dc-47cf-8f4c-ec2a192a16d4,HO-981737710,"I'm not entirely sure what happened, but my house feels... wrong.  There are these big cracks, like spiderwebs, all over the walls and even some on the floor in the basement.  It's like the ground just... sank?  I was told something about a 'sinkhole' but I don't really get what that means.  It just seems like the whole foundation is messed up.  I just want it fixed, I don't understand why it's happening.  It's like the house is falling apart from underneath, and I don't know what to do.",David Weber,Home,Structural Failure,Foundation cracked due to an undetected sinkhole forming beneath the property.,Major,Confused,2025-10-25,"Michaelton, MI"
f0327f7d-e67c-484a-a0f1-7d334a71e216,HO-811451623,Wall damage. Bees. Large hive. Structural issues.,Patrick Gallegos,Home,Animal Damage,"Bees built a large hive within the exterior wall, causing structural issues.",Major,Minimalist,2024-12-09,"Port James, MI"
e3fb0437-1cc5-4efc-abe5-9064d6d0f49d,HO-273310960,"Oh, hello. So, I'm... Kevin? Yeah, Kevin Davis. Um, so, there was this thing that happened.  It's...  It got really, really cold, you know?  Like, colder than usual, I think. And then, I guess because of that, a pipe down in the basement... it just sort of... broke?  Water was everywhere.  It was a mess.  I don't really know how it all works, the temperature and the pipes, but it seems like that's what happened.  It was on January 8th, I think, 2025.  We're out near Lake Randyfurt, in Utah.  I just hope you can, you know, figure out what needs to be done.",Kevin Davis,Home,Environmental,Extreme temperature fluctuations caused a pipe to burst in the basement.,Moderate,Confused,2025-01-08,"Lake Randyfurt, UT"
42f0d3c1-58e5-4eda-9550-1951664a49d2,AU-774984880,"Oh, goodness, I am so incredibly sorry to have to report this.  It's all my fault, really, though I don't know how I could have prevented it.  On October 1st, 2025, my car was parked in New Marthamouth, VT, and... well, a sonic boom from an aircraft just happened.  I know, it sounds absolutely ridiculous, and I'm mortified to even be filing a claim for something so bizarre.  The boom was just so loud, and apparently, it caused some significant damage to the vehicle.  I feel just awful about this, truly.  It was such an unexpected and frankly, embarrassing situation, and I'm just so sorry for any inconvenience this causes.",Mike Gonzalez,Auto,External Factors (Non-Collision),Vehicle was damaged by a sonic boom from an aircraft.,Moderate,Apologetic,2025-10-01,"New Marthamouth, VT"
4854abcc-544c-4db2-a04e-9a73f6f58e06,AU-383274415,"Oh, goodness. I'm so incredibly sorry to have to report this. It was entirely my fault, I'm afraid. I completely spaced on getting my brakes checked before this trip. We were coming down a really steep hill near North David, TN on June 15th, 2024, and suddenly, they just… gave out. It was terrifying, and I'm so ashamed I put myself and my passengers in such danger. I'm just so relieved no one was hurt, but the damage to the car is quite extensive from where we ended up. I am truly, truly sorry for this whole mess. I should have been more responsible.",Jill Berry,Auto,Vehicle Malfunction (Internal),"Sudden, catastrophic brake failure on a steep mountain descent.",Major,Apologetic,2024-06-15,"North David, TN"
f6f0ac00-bd28-4057-90a8-c1158db72e80,HO-481407071,"On March 11, 2025, holiday decorations were reported stolen from the front porch of the insured property located in New Oliviaview, VA. The incident occurred during the overnight hours. The stolen items included a collection of inflatable figures, string lights, and wreaths. The value of the stolen decorations is currently being assessed.",Dawn Harris,Home,Theft,Holiday decorations were stolen from the front porch.,Moderate,Formal,2025-03-11,"New Oliviaview, VA"
93564ddb-4ac4-48aa-b3bd-e1182079a1a8,AU-081992881,"Uh, yeah, hi. So, my car... it's gone.  Someone, I guess, took it.  And then... well, they apparently put a whole bunch of stuff in it, like, way too much stuff.  My car's not really built for hauling, you know?  It's all bent and creaky now.  I don't even know what they were carrying, something heavy, I think.  It happened sometime around August 4th, I think, over near East Hollyport.  I just want my car back, or, you know, a new one maybe? I'm not really sure how all this works.",Randy Lambert,Auto,Security/Theft Related,"Vehicle was stolen and used to transport illicit goods, leading to damage from overloading.",Total Loss,Confused,2025-08-04,"East Hollyport, CA"
610b73fc-9789-44a2-b825-c90b3ee5e512,AU-525732474,"Uh, hi.  So, I guess I'm calling about my car.  Someone tried to... well, I think they were trying to steal that... that box thingy under the car?  The exhaust pipe?  And they messed it up.  It's making a really loud noise now, like a really, really loud roar.  I don't really know what happened, honestly.  They cut some stuff, I think.  It was sometime recently, maybe yesterday or the day before?  Here in Staceyburgh.  I just know it wasn't like this before.  They didn't get the thing they wanted, I don't think, but my car sounds awful.  I don't know what to do about it, or how insurance works with this sort of thing.  It just seems like a mess.",Steven Nelson,Auto,Security/Theft Related,Attempted theft of catalytic converter resulted in damage to exhaust system.,Moderate,Confused,2024-12-19,"Staceyburgh, VA"
eb445ba3-2c42-47b2-a7cf-2a273ad41964,AU-387902975,Brakes failed. Downhill. Neglected fluid change. Damage to car. Scared.,Sharon Pittman,Auto,Maintenance Related (Neglect),Neglected brake fluid change resulted in brake fade on a long downhill.,Moderate,Minimalist,2025-05-14,"Tarastad, MP"
307e6654-d6e4-47e6-bda2-08879d23a156,AU-753761307,"On March 3, 2025, while operating a vehicle at highway speeds in Angelachester, Hawaii, the claimant experienced a sudden and complete separation of the tire tread on the front passenger-side wheel. This incident resulted in the immediate loss of vehicle control and necessitated emergency braking.  The vehicle sustained damage to the fender and quarter panel on the passenger side as a direct consequence of the tire failure. The tire in question is identified as a [Specify Tire Brand and Model, if known] manufactured in [Specify Manufacturing Date/Batch, if known].",Beth Higgins,Auto,Product Defect (Specific),Faulty tire tread separation at highway speeds.,Major,Formal,2025-03-03,"Angelachester, HI"
b81fda30-1187-4c7b-baa6-5df3f657bcea,HO-964636120,"Oh, I am just so, so sorry to have to report this. It's incredibly embarrassing, really. On August 15th, 2024, my beautiful greenhouse here in Lake Ariel, Wyoming, suffered a rather unfortunate incident. It seems a piece of something, I can only assume from a passing aircraft, unfortunately fell and shattered the entire roof. I feel absolutely terrible about it, as if I somehow caused this, which I know isn't true, but still, it's on my property, and I just feel awful about the damage. I'm truly sorry for the trouble this causes.",Gerald Thomas,Home,Structural Failure,Greenhouse roof shattered from a falling object originating from a passing aircraft.,Moderate,Apologetic,2024-08-15,"Lake Ariel, WY"
132d1774-a615-4591-8774-198af7c0695e,HO-491802780,"Oh dear, I am so incredibly sorry to have to report this. It's entirely my fault, I'm afraid.  We had a leaking refrigerator water line, and I'm just mortified by the damage it's caused.  It seems the constant dripping has really done a number on our kitchen cabinets and the flooring. I feel absolutely terrible about this whole situation and hope you can understand how embarrassed I am.  I should have noticed it sooner. This happened around July 13th, 2024, here in South Michaelfurt.",Dr. Cameron Perez,Home,Water Damage,Leaking refrigerator water line caused extensive damage to kitchen cabinets and flooring.,Moderate,Apologetic,2024-07-13,"South Michaelfurt, HI"
9dbf408a-398b-401d-84d4-8b0cbd869628,AU-267060736,"Uh, okay, so, I was driving, I think it was on Monday, the 16th of December, out near, um, West Melissa, Mississippi. And something just… like, flew up and hit my car. It was big, like, a really big piece of something. I think it might have been from another car that crashed earlier? Like, a piece of a tire, maybe? Or some metal? I don't really know what happened. It just made a loud bang and then there was this… scrape on my car. I'm not sure what to do now. I don't really understand all this insurance stuff. It just happened so fast.",Michael Flores,Auto,Object in Roadway,"Large piece of debris from a previous accident (e.g., tire tread, metal fragment) struck the vehicle.",Moderate,Confused,2024-12-16,"West Melissa, MS"
f6c8de82-2ad3-4114-b284-980827b5c358,AU-121321081,"OH MY GOD! I can't believe this happened! I was just driving down West Andrew this morning, around 8 AM on August 1st, and suddenly, BAM! Huge chunks of concrete and dust just started raining down from that building demolition! My car is absolutely destroyed! The roof is caved in, the windshield is shattered, and I don't even know what else! I'm so scared! I thought I was going to be crushed! Please, you have to help me! This is a nightmare!",Randall Medina,Auto,External Factors (Non-Collision),Vehicle was damaged by falling debris from a building demolition.,Major,Panicked,2024-08-01,"West Andrew, PR"
afeaeb39-690d-4056-9d41-274a81e91b07,AU-159558785,"OH MY GOSH! I can't believe this happened! I was driving near Greenmouth on July 31st, 2025, just minding my own business, and BAM!  Suddenly, there was this LOUD POP!  I swerved everywhere, it was terrifying!  I think… I think I hit a RATTLESNAKE!  It was just lying there on the road, and it completely blew out my tire!  My heart is still pounding out of my chest!  I've never been so scared in my life!  I don't know what to do, this is a disaster!",Daniel Briggs,Auto,Animal Collision,Rattlesnake hidden on the road surface caused a tire blowout.,Moderate,Panicked,2025-07-31,"Greenmouth, NV"
e98275c1-14b8-403b-b845-180dcfe29ede,AU-134097663,"On January 10, 2025, while operating my vehicle on a public roadway in Justinhaven, AL, the engine experienced a sudden and unexpected stall. Subsequent diagnosis revealed that the vehicle's fuel pump was defective, leading to the engine malfunction. This incident necessitated immediate towing and repairs to restore the vehicle's operational status. The defective fuel pump is considered the direct cause of the engine stalling.",Dennis Ramos,Auto,Product Defect (Specific),Defective fuel pump led to engine stalling in traffic.,Moderate,Formal,2025-01-10,"Justinhaven, AL"
c6cfd922-6f02-4c54-974a-09425b9bc4c1,AU-812916647,"Car braked. Unexpected. Electronic stability control fault. Product defect.  March 4, 2025. North Robertton.  Damage to car.  Possible injury.",Dawn Myers,Auto,Product Defect (Specific),Malfunctioning electronic stability control system caused unexpected braking.,Moderate,Minimalist,2025-04-03,"North Robertton, AS"
4506f0d2-6508-4c3d-9047-9643c462bff5,HO-224113961,"Foundation crack. Land shifted. Subsidence. Margaretland, IA. March 7, 2024.",Troy Warren,Home,Environmental,Land subsidence caused a foundation crack.,Moderate,Minimalist,2024-03-07,"Margaretland, IA"
3123ebf7-326f-46fa-942b-a2bafb6f955e,HO-073909648,"Oh, I'm so terribly sorry to have to report this. It's just awful.  On September 16th, here in New Thomasborough, my porch just... detached. It seems there was some dry rot in the support beams that I never, ever would have guessed was there.  I feel absolutely dreadful about it, truly. I'm not sure if it's something I should have noticed, but if it is, I'm so sorry for my oversight.  It's just a mess and I'm so embarrassed it happened.",Patricia Lee,Home,Structural Failure,"Porch detached due to dry rot in the support beams, not previously visible.",Major,Apologetic,2024-09-16,"New Thomasborough, MT"
e6d2fe02-5ad9-4e4e-9056-fcca3bc62593,AU-344183780,"Exhaust detached. Driving. West Alicia, MA. 2025-08-16.",Jennifer Johnson,Auto,Modification/Customization Related,Custom exhaust system detached from the vehicle while driving.,Moderate,Minimalist,2025-08-16,"West Alicia, MA"
1890e5c6-0511-403e-b2ea-8d387ba92453,HO-259936058,"Oh my god, I can't believe this is happening!  It was about 9 PM on the 22nd, right here in Johnport, and suddenly there was this awful smell!  Smoke!  Coming from the attic!  I rushed up there and the wiring… it’s ancient, I know it is, but it was smoking and sparking!  Lights were flickering like crazy everywhere else in the house, then just… out!  It’s terrifying!  I managed to get the breaker off, but I’m so scared it’s going to happen again or worse!  What if the whole house burns down?!  This is a disaster!",Patrick Mason,Home,Electrical Issues,"Old wiring in the attic failed, causing intermittent power outages and smoke.",Major,Panicked,2023-12-22,"Johnport, AZ"
c17c78c3-195c-431f-9ee2-fbf855da77a1,HO-499708174,"Car hit garage door. Backed up. Door jammed. June 2, 2024. South Sandrabury, NM.",Dennis Perry,Home,Accidental Damage,"Homeowner accidentally backed their car into the garage door, causing it to jam.",Moderate,Minimalist,2024-06-02,"South Sandrabury, NM"
60068264-b47e-4ae4-8cae-123873d507da,AU-211107658,"Oh, man, I am so, so sorry about this.  It was entirely my fault.  I was driving on June 24th, 2025, near West Fernandoport, OH, and I hit this... well, it wasn't even that big of a pothole, really.  But I guess I just overreacted.  I was startled and I overcorrected the steering wheel, and that's when I ended up hitting something else.  I feel absolutely terrible about the damage, and I'm really embarrassed that my own mistake caused this.  I should have just stayed calm.  I'm so sorry for any inconvenience this has caused.",Randy Williams,Auto,Driver Error / Behavior (Unusual),Driver overcorrected after hitting a minor pothole.,Minor,Apologetic,2025-06-24,"West Fernandoport, OH"
83d6248e-422c-4c34-97ba-13234dd24dcd,AU-178539176,"Oh my god, it was TERRIFYING! I was just driving along on the highway near Port Lauraburgh, July 23rd, 2025, and suddenly there was this EXPLOSION!  My tire just blew out, like a bomb went off, and the car started shaking like crazy! I had NO control, I thought I was going to flip over!  It was so sudden and violent, I'm still shaking just thinking about it!  I'm so lucky I didn't crash into anyone or anything, but the tire is completely destroyed, it's just shredded!",Raymond Reid,Auto,Vehicle Malfunction (Internal),"Explosive tire blowout at highway speeds, causing loss of control.",Major,Panicked,2025-07-23,"Port Lauraburgh, WV"
2ecb1e27-a028-465b-8ff6-3b27eb131df2,AU-686850789,"Uh, so, something happened to my car.  It was...  I was at Lake Scott, on February 20th, I think?  And there was this movie being filmed, you know?  And then, well, there was a bang.  And my car, it's... it's not quite right.  Something fell on it, or maybe it got pushed?  I'm not really sure what happened, it all happened so fast.  The whole stunt thing, it was very loud.  The car is definitely... dented.  And some parts look a bit... squished.  I don't really know how to describe it properly.  It's definitely not how it was before.  I've never had to do this insurance thing before, so I'm a bit lost.",Alan Osborne,Auto,Unusual Circumstances,Vehicle was damaged during a movie stunt gone wrong.,Moderate,Confused,2024-02-20,"Lake Scott, WA"
4a2fb8cd-b420-4e3f-99fa-97ca06e4b7ea,HO-869304666,"Oh, gosh, I am so incredibly sorry to have to report this.  It's just… I feel awful about it.  On March 3rd, out here in Davisstad, VA, it looks like someone went and vandalized our exterior lighting fixtures.  I don't know how it happened, and honestly, I'm a bit embarrassed that it's gotten to this point.  I really wish we had better security or something.  We've always tried to keep things in good repair, and this is just… well, it's mortifying.  I'm so sorry for the trouble this must be.",Debbie Johnson,Home,Vandalism,Exterior lighting fixtures were vandalized.,Minor,Apologetic,2025-03-03,"Davisstad, VA"
2b2c330e-3b05-4b0b-99ce-1112ece57920,HO-252560981,"Are you KIDDING ME?  It's AUGUST!  August in GA and my roof is collapsing because of SNOW?!  This is absolutely ridiculous.  We had a freak, insane amount of snow – not that it matters to you, I guess – and now there's a gaping hole in my roof.  My entire attic is exposed, and I'm terrified of what's getting in there.  This is an absolute nightmare, and I can't believe I have to deal with this.  I expect this to be fixed IMMEDIATELY.  I'm not waiting around for some slow-moving bureaucracy to decide if my house is worth saving.  Get this sorted out NOW, or I swear I'll find someone who will.",Amanda Holder,Home,Environmental,Heavy snowfall caused a portion of the roof to collapse.,Major,Frustrated,2025-08-24,"New Cody, GA"
dfcf4dcd-46c1-4fc2-8284-a00afb9aa94f,AU-949700297,"Oh my god, it was terrifying! I was just driving my car, you know, on West Abigail, on Sunday, September 29th, 2024, and suddenly there was this smell, like gasoline, really strong! Then smoke started pouring out from under the hood, and then… FIRE! Flames just shot out, it was so fast!  I pulled over immediately, thank goodness, but the fire just kept going! I think something in the fuel line just burst or something, I don't even know!  It's all burned up now, just a wreck! I'm still shaking, I can't believe it!",Matthew Johnson,Auto,Vehicle Malfunction (Internal),Fuel line rupture leading to a vehicle fire.,Total Loss,Panicked,2024-09-29,"West Abigail, OH"
66a8d247-686f-481d-b28b-25395c51206f,HO-890962835,"Oh, hello. I'm so, so sorry to have to bother you. This is Heather Sanchez, and I need to report some damage to my home. It happened on February 13th, during that really awful windstorm in Schultzport.  I'm just terribly embarrassed about this.  You see, my patio furniture, some chairs and a table, they just... they blew over and smashed right into my living room window.  I should have secured it better, I know.  It's all my fault, really.  I feel awful that this happened and I'm so sorry for the trouble.",Heather Sanchez,Home,Wind Damage,"Patio furniture was blown against a window, shattering it.",Moderate,Apologetic,2024-02-13,"Schultzport, NC"
ab9895af-5fad-461c-a71a-8f06d801b91e,AU-051767716,"OH MY GOSH, I'M STILL SHAKING!  I was just driving near South Samanthaburgh, IN on June 30th, 2025, and this HUGE BEAR just LEAPT out of the trees!  It was so sudden, so terrifying! It slammed right into the side of my car!  I thought it was going to come through the window!  I could hear the metal CRUNCHING!  It was a nightmare, a complete nightmare!",Daniel Martin,Auto,Animal Collision,Bear emerged from dense woods and collided with the side of the car.,Major,Panicked,2025-06-30,"South Samanthaburgh, IN"
9216daaf-c205-44d0-a483-33c2085657d9,HO-364705454,"Oh gosh, I'm so incredibly sorry to have to file this.  It's… well, it's entirely my fault, really.  I think I might have, uh, inadvertently caused some kind of electrical issue with the exterior lighting system at my home in Christyside.  It seems like there's been a ground fault, and it's led to this awful corrosion and the lights have just… failed completely. I feel absolutely terrible about the inconvenience this must be causing. I'm truly mortified that my actions, however unintentional, have led to this damage.  I sincerely hope this can be resolved without too much fuss.",Kyle Hawkins,Home,Electrical Issues,Ground fault in the exterior lighting system caused corrosion and failure.,Moderate,Apologetic,2024-12-30,"Christyside, DC"
edc817d8-1682-4f8a-87e3-139fdd8b9916,AU-842980206,"Tire blowout. Rattlesnake. Road. Lake Mary, NV. 2024-04-28.",Amanda Solomon,Auto,Animal Collision,Rattlesnake hidden on the road surface caused a tire blowout.,Minor,Minimalist,2024-04-28,"Lake Mary, NV"
76480dc7-9a21-46a0-bb73-9e0975cff669,AU-126895317,"Okay, so, uh, I'm not really sure what happened exactly.  My car, it just… stopped.  Like, completely.  I was driving near North Richardbury, I think it was on October 10th, 2024, and it just died on me.  The mechanic said something about the timing belt and how it was overdue?  I don't really know what that means, to be honest.  He said it caused the engine to, like, seize up.  Is that… bad?  It's definitely not working now, and I have no idea what to do.  I just want my car fixed, or… whatever needs to be done.  I'm really confused about all of this.",Matthew Vincent PhD,Auto,Maintenance Related (Neglect),Overdue timing belt replacement caused the engine to seize.,Major,Confused,2024-10-10,"North Richardbury, NV"
55322583-60cd-4167-9162-dfa99519ed19,HO-242796431,"Okay, so, um, something happened.  It was, I think, last Friday?  May 23rd, maybe?  We live in Evansside, you know.  Anyway, my holiday decorations, the ones for, like, Christmas and things... they're just gone.  Stolen.  From the porch.  It's really weird.  I don't even know how someone would... take them.  They were just there, and then they weren't.  I'm not really sure what to do.  Is this... is this something insurance covers?  I don't really understand all this stuff.  I just know my pretty lights and the inflatable snowman are missing.",Cathy Graham,Home,Theft,Holiday decorations were stolen from the front porch.,Minor,Confused,2025-05-23,"Evansside, WY"
70e7bec3-f2df-452a-b146-944dff19eb6e,AU-861563370,"Oh, hello. I'm calling about my truck, a Ford F-150. It's... well, it's quite a mess.  I had a lift kit installed recently, on April 30th, I believe, down in Port Jeffreystad.  I was so excited about it, you know, the custom look.  But it seems... it seems they didn't install it quite right.  I was just pulling out of my driveway, and the truck just... tilted.  It rolled right over.  I'm so incredibly embarrassed and apologetic.  It was my fault for not double-checking, for not being more diligent.  I feel absolutely terrible about the damage, not just to the truck, but the whole situation.  I'm truly sorry for the trouble this is going to cause.",Mr. Steve Miller,Auto,Modification/Customization Related,Improperly installed lift kit caused the vehicle to roll over.,Total Loss,Apologetic,2024-04-30,"Port Jeffreystad, MS"
1c62c4da-b404-4942-9dab-1dbc2b952c12,HO-881653712,"Oh, I am so incredibly sorry to be filing this claim. I feel absolutely awful about it. It seems there was a leak from my refrigerator's water line, and it just… well, it went on for longer than I realized.  I'm so embarrassed to say, but it seems to have caused quite a bit of damage to my kitchen cabinets and the flooring. I'm truly mortified by the extent of it, and I sincerely apologize for any inconvenience this causes. I really didn't mean for this to happen.",Dr. Melissa Cline,Home,Water Damage,Leaking refrigerator water line caused extensive damage to kitchen cabinets and flooring.,Moderate,Apologetic,2024-10-26,"Smithstad, NE"
7cd68b6b-262c-42b5-8464-e195e4c7192e,AU-208974695,"OH MY GOSH! I am absolutely terrified!  My car just started making the MOST awful noise, like it was choking! It was sputtering and losing power like crazy, and I was just driving down the road in Kendraton!  I think it's my engine!  The mechanic said it might be the air filter, that it was so incredibly dirty it could have caused all this! I'm so worried about what this is going to cost and if my car is even going to be okay! Please, someone help me!",Vincent Branch,Auto,Maintenance Related (Neglect),Dirty air filter contributed to engine performance issues and potential damage.,Moderate,Panicked,2025-08-19,"Kendraton, MS"
e9e0aa4a-b81a-41aa-9cd2-23a078e424ee,HO-582273361,"On May 7, 2025, a structural failure was observed at the property located in Hernandezton, MN. The foundation has sustained significant cracking. Preliminary assessment indicates the cause to be an undetected sinkhole that has formed beneath the structure. This event has resulted in damage to the home.",Kelly Sanchez,Home,Structural Failure,Foundation cracked due to an undetected sinkhole forming beneath the property.,Major,Formal,2025-05-07,"Hernandezton, MN"
61ac8789-fee4-4c3c-b370-2fc15da7084b,HO-067900986,"Unbelievable! So, my drone, just doing its thing, decides to take a nosedive straight into the neighbor's greenhouse.  Now I've got Mrs. Henderson hounding me about broken glass and bent metal.  This is an absolute nightmare.  I already had a million things to do, and now I have to deal with this mess, all because of some stupid accident on February 18th, 2025, out here in North Kevinberg.  I expect this to be sorted out IMMEDIATELY.  I'm not paying for a whole new greenhouse because a drone had a bad day! This is a complete waste of my time and energy.",Thomas Mueller,Home,Accidental Damage,"A drone crashed into the neighbor's greenhouse, causing significant structural damage.",Major,Frustrated,2025-02-18,"North Kevinberg, RI"
3313a92a-1667-4f67-9cd7-bf7f21bfe768,HO-885750205,"Are you KIDDING ME with this?! I woke up on March 14th to a HUGE CRASH and a HOLE in my ROOF!  Some moron next door, probably that construction site that's been a nuisance for weeks, let something FALL and smash into MY house.  My beautiful roof, ruined!  Now I've got water dripping, I can hear every bird and squirrel on the planet, and I'm stuck dealing with THIS mess.  This is an absolute nightmare, and I expect you people to fix this ASAP.  I'm not living with a hole in my roof any longer than I absolutely have to!",Chad Bennett,Home,Accidental Damage,A falling object from a construction site next door damaged the roof.,Major,Frustrated,2024-03-14,"New Heathermouth, AL"
6512a37f-7104-46ef-bc48-cc160582c8e2,AU-571863811,"Oh, hi there. I'm so incredibly sorry to have to report this.  It's entirely my fault, I'm just mortified.  I was driving my car on August 2nd, 2024, near Port Austinview, Wyoming, and well, I completely misjudged a speed bump.  It's because of some of the custom undercarriage modifications I had done, which I guess I didn't fully consider the clearance of.  The car got stuck, and I think there might be some damage underneath. I'm just so embarrassed about the whole situation and truly regret not being more careful.",Cheryl Oconnell,Auto,Modification/Customization Related,Undercarriage modifications caused the vehicle to get stuck on a speed bump.,Moderate,Apologetic,2024-08-02,"Port Austinview, WY"
68d48236-c6f9-427d-be62-41abaa8a5196,HO-546899744,"Oh, I'm so terribly sorry to have to bother you with this.  It's just… well, I feel like I should have been more on top of things, and now this has happened.  It's my fault, really.  We noticed the door lock on the back patio was a bit sticky for a while, but I kept putting off calling someone to look at it.  I just assumed it would be fine, you know?  And now, because I was so neglectful, someone managed to get in.  They took quite a few things, and it's just all so embarrassing.  I'm just so sorry for the inconvenience and for not dealing with that faulty lock sooner.  I truly regret not taking care of it.",Barbara Watkins,Home,Product Defect,Faulty door lock mechanism led to a breach and theft.,Moderate,Apologetic,2025-06-29,"Danielfort, RI"
cae29f53-7a90-42c6-8df4-4144f764c132,HO-798238049,"I don't even know where to begin, really. So, um, it was a few days ago, I think? Maybe around June 26th, 2024.  We were getting ready for, you know, the holidays coming up, and I'd put some decorations out on the porch. Pretty ones, actually.  And then, poof!  They were just... gone.  Someone took them.  It's confusing, you know?  Who steals holiday decorations?  It's not like they're valuable in a, in a big way, but they were *ours*.  And now they're not.  It happened here, at our place in Lake Morgan.  I'm not sure what else you need to know, it's all very strange to me.",Bernard Martinez,Home,Theft,Holiday decorations were stolen from the front porch.,Minor,Confused,2024-06-26,"Lake Morgan, GU"
bc4d8968-fabb-4f35-85ac-18edeb55b1f7,AU-186206279,"Oh my gosh, I can't believe this happened! I was driving on April 1st, 2025, near Torresburgh, Hawaii, and my car just started sputtering and shaking like crazy! It was terrifying!  The engine was making this awful noise, and I was so distracted trying to keep it under control that I almost swerved into another car!  It felt like it was going to explode!  I think it's because the spark plugs were so old, they just gave out!  The fuel consumption got so bad lately, I should have gotten it checked sooner, but I never imagined it would lead to something this scary!  What am I going to do?!",Michelle Mcgee,Auto,Maintenance Related (Neglect),"Worn spark plugs caused misfires and increased fuel consumption, leading to driver distraction.",Moderate,Panicked,2025-04-01,"Torresburgh, HI"
451043d2-14dd-4dd1-ab30-b08b96d73ce3,AU-749932939,"Vehicle damaged. Sonic boom. Aircraft. Lake Beverly, IL. 2023-12-22.",Monica Gutierrez,Auto,External Factors (Non-Collision),Vehicle was damaged by a sonic boom from an aircraft.,Moderate,Minimalist,2023-12-22,"Lake Beverly, IL"
b42a14fc-6861-4249-84c4-962c05080967,HO-433880972,"ARE YOU KIDDING ME?! My refrigerator decided to have a melt-down, and now my entire kitchen floor is RUINED. It's the ice maker line, apparently.  Like I don't have enough to deal with!  This is an absolute nightmare.  I can't even walk on it without feeling like I'm going to slip.  I need this fixed YESTERDAY.  This is unacceptable and frankly, a complete disaster.  Get someone out here NOW and make this right.  I'm not waiting around for this to get worse.",Lauren Nguyen,Home,Mechanical Failure,"Refrigerator ice maker line leaked, damaging the flooring.",Moderate,Frustrated,2025-08-22,"North Eric, FM"
6eee2716-c0d1-4223-a2db-bfca033a9a19,HO-251365618,"On April 16, 2024, a fire incident occurred at the property located in West Amandahaven, NM. The origin of the fire was a grease flare-up in the kitchen area. The fire was promptly contained, resulting in damage primarily to the kitchen.  Specific areas affected include the stovetop, surrounding cabinetry, and exhaust hood. The immediate vicinity outside the kitchen sustained minimal smoke and soot residue.  No structural compromise to the dwelling has been identified.",Ryan Larson,Home,Fire Damage,A small fire in the kitchen caused by a grease flare-up that was quickly contained.,Minor,Formal,2024-04-16,"West Amandahaven, NM"
109f4bb2-6b5a-4102-b918-877f3f98a333,HO-292824631,"Oh my gosh, I'm so, so scared! I just discovered a leak, a slow leak, from a faulty plumbing fixture, and it's in my home in West Haleyberg! I had no idea it was happening, and now I'm terrified of what kind of damage it's caused! It's been going on for who knows how long! This is a disaster!",Katherine Gonzalez,Home,Product Defect,"Faulty plumbing fixture caused a slow, undetected leak.",Major,Panicked,2024-03-01,"West Haleyberg, AR"
bcff864b-7937-4224-be30-e4bd395c81f9,HO-987520453,"Unbelievable! My pool pump motor just UP AND DIED on December 22nd, 2024, right here in North Terryshire!  It seized up completely, and now the whole damn pool system is messed up.  This is an absolute nightmare!  I've got a seized motor and a potentially ruined pool, and I'm stuck with it.  This isn't some trivial leak; this is a complete failure of a critical component.  I expect this to be sorted out IMMEDIATELY.  The inconvenience is astronomical, and I'm not waiting around for this to drag on.",Cesar Bush,Home,Mechanical Failure,"Pool pump motor seized, leading to damage to the pool system.",Major,Frustrated,2024-12-22,"North Terryshire, AK"
40758128-d23f-4415-8fbb-3de2d6eb6378,HO-463942957,"This is UNACCEPTABLE! My furnace decided to spontaneously combust, or whatever happened, and CO DETECTED!  Do you people even understand the danger?  We're lucky we're not all dead!  It's November 23rd, it's FREEZING, and my entire house is uninhabitable because your shoddy equipment decided to malfunction.  I have work, I have a life, and now I'm stuck dealing with this mess.  I expect this to be handled YESTERDAY. Get someone out here NOW to fix this disaster and compensate me for this absolute nightmare!",Dr. Zachary Collins,Home,Mechanical Failure,Furnace malfunctioned and released carbon monoxide.,Major,Frustrated,2024-11-23,"Stanleyville, NV"
f7288a3c-bda0-4d29-9f21-c247762ed84d,AU-066086381,"ARE YOU KIDDING ME?! This is ridiculous!  My car, my livelihood, is completely DEAD because some incompetent driver decided to ignore a 'check engine' light for MONTHS! MONTHS!  I've been dealing with this engine making God-knows-what noises for ages, and now it's just… gone.  Completely seized up.  This is UNACCEPTABLE.  I need this sorted out YESTERDAY.  I'm stuck in East Michaelbury with no car, thanks to your company's driver's sheer negligence.  Don't even THINK about dragging your feet on this; I expect a prompt and satisfactory resolution, or you'll hear from my lawyer!",Maria Brock,Auto,Maintenance Related (Neglect),"Driver ignored 'check engine' light for months, leading to complete engine failure.",Total Loss,Frustrated,2024-02-22,"East Michaelbury, FL"
38fbd77f-8849-497f-8e4f-834f0eb30bf3,AU-515897068,"OH MY GOD! It was a nightmare! I was just driving along, minding my own business, when suddenly… BAM!  Stuff just FELL OFF my car!  Like, pieces of it!  I was going too fast, I guess, and these aerodynamic parts, they just detached!  They were unsecured, I didn't realize!  It was terrifying!  I thought the whole car was going to come apart!  It was so loud and shocking!  I don't know what's going to happen now!",Brandon Smith,Auto,Modification/Customization Related,Unsecured aerodynamic modifications detached at high speed.,Major,Panicked,2024-12-07,"Ericksonfurt, NV"
7de6cd3a-8c39-4291-9ece-ec288e6b8a5f,HO-348528960,"This claim pertains to structural damage to the residential property's decking. The decking material has exhibited signs of warping and splitting. This condition is attributed to prolonged exposure to elevated humidity levels, rather than a singular event of water intrusion. The incident date is October 26, 2025, and the location of the property is West Cynthiahaven, MP.",Dustin Walters,Home,Structural Failure,"Decking warped and split due to prolonged exposure to high humidity, without specific water damage event.",Moderate,Formal,2025-10-26,"West Cynthiahaven, MP"
8ca28945-fc16-477e-9795-2a96b98bca4e,AU-857867777,"Are you KIDDING ME?! This is absolutely ridiculous! My seatbelt, the one thing that's supposed to keep me safe, decided to be a useless piece of junk during a collision on May 24th, 2025, out near East Brenda, KY.  The mechanism FAILED TO ENGAGE PROPERLY.  I could have been seriously hurt, and now I have to deal with this bureaucratic nightmare.  This isn't just a minor inconvenience, this is a serious defect that put my life at risk. I expect this to be resolved IMMEDIATELY. I'm not waiting around for weeks for you people to drag your feet. Get this fixed and compensate me for this absolute garbage!",Anthony Yang,Auto,Product Defect (Specific),Defective seatbelt mechanism failed to engage properly during a collision.,Major,Frustrated,2025-05-24,"East Brenda, KY"
f57adfb6-e6a3-47b0-976a-0990d03d97e2,HO-954404668,"Oh dear, I'm so incredibly sorry to have to file this. It's all my fault, really.  I should have been more diligent about cleaning out the oven.  It seems a bit of food residue must have built up, and then the oven, which I've been having trouble with lately, unfortunately decided to ignite it.  It wasn't a huge fire, thankfully, but it did cause some damage to the oven itself and a bit of smoke staining around it. I feel absolutely terrible about it all.",Andrew Dixon,Home,Fire Damage,A malfunctioning oven ignited food residue inside.,Moderate,Apologetic,2025-05-17,"Port Christopher, VT"
bd5bc773-d729-4a1e-b2ac-6a4561255a04,AU-090206131,"Object in road. Hay bale. Fell off farm vehicle. Blocked lane. Harveymouth, NM. June 21, 2025.",Jeremiah Ortiz,Auto,Object in Roadway,Hay bale fell off a farm vehicle and blocked the lane.,Moderate,Minimalist,2025-06-21,"Harveymouth, NM"
6ad41dea-7ae1-451b-8d57-22c143d2f55c,AU-301655740,"On December 8, 2024, at approximately 14:30 Eastern Standard Time, the insured vehicle, a 2020 Honda CR-V (VIN: [Please insert VIN here]), sustained damage while stationary at 123 Oak Street, North Carmen, IN.  The damage is attributed to an unusual atmospheric event characterized by a visible, self-contained sphere of electrical energy that made direct contact with the vehicle's exterior.  Subsequent inspection revealed impact marks and localized melting of paint and plastic components on the driver's side door and quarter panel.  Electrical system diagnostics are pending further evaluation.",Carolyn Smith,Auto,Unusual Circumstances,"Vehicle was damaged by a rare atmospheric phenomenon (e.g., ball lightning).",Moderate,Formal,2024-12-08,"North Carmen, IN"
fd62f7ef-6175-4453-b0df-b68729c393c4,AU-637829683,"OH MY GOSH!  It was TERRIBLE!  We were just driving through Justinmouth on the 10th, and suddenly the road just… COLLAPSED! A huge landslide, like a wall of mud and trees, just came down!  My car, my poor car, it just slid right into it all!  I was so scared, I thought we were going to get buried! The whole car is covered in dirt and rocks, I don't even know if it's drivable!  It was so sudden, I'm still shaking!",Jeanne Sanchez,Auto,Environmental Hazard,"Landslide blocked the road, and the vehicle slid into the debris.",Major,Panicked,2025-07-10,"Justinmouth, MA"
d6b23ae4-a795-4800-a906-cbc8acdc6ac0,HO-230689494,"Mailbox. Bent. Damaged. Vandalism. Jonesside, PA. August 24, 2025.",Richard Barker,Home,Vandalism,Mailbox was bent and damaged.,Minor,Minimalist,2025-08-24,"Jonesside, PA"
d1a4b959-c46d-47d6-baf1-05730bdff116,AU-510459434,"ARE YOU KIDDING ME?! My truck, which I spent a fortune modifying for actual OFF-ROAD USE, got mangled crossing a *standard road*! A standard road! It's not like I was trying to scale Mount Everest. This is beyond ridiculous. I rely on this vehicle, and now it's sitting there in Haileyview, WI, a useless heap because of some shoddy engineering on a perfectly normal street. I demand this gets sorted out IMMEDIATELY. I'm not waiting weeks for some bureaucrat to decide if a pothole is a valid reason for my truck to be undrivable. This is a NIGHTMARE and I expect a fast, no-hassle resolution. Get it done!",Wendy Haynes,Auto,Modification/Customization Related,Vehicle was modified for off-road use and damaged crossing a standard road.,Major,Frustrated,2024-09-10,"Haileyview, WI"
718aab72-7d2c-4c1b-9174-6e315bc4d169,HO-629553540,"On July 26, 2025, a fire originated in the living room of the residence located at Lake Barbara, MI. The cause of the fire has been identified as a malfunction of the Christmas tree lighting system. The incident resulted in damage to the living room area.",Elizabeth Mills,Home,Fire Damage,Christmas tree lights malfunctioned and started a fire in the living room.,Moderate,Formal,2025-07-26,"Lake Barbara, MI"
0ff778e8-fb10-4426-b32f-ff9e9a320541,HO-760041589,"On September 26, 2025, an electrical incident occurred at the property located in South Elizabeth, IA. The incident involved an overloaded extension cord within the workshop area. This overload resulted in the melting and charring of the extension cord. The extension cord is the item identified as damaged.",James Miller,Home,Electrical Issues,Overloaded extension cord in the workshop caused melting and charring.,Minor,Formal,2025-09-26,"South Elizabeth, IA"
6d33ad87-fda3-423f-a874-fe21fd2769c7,HO-004037005,"Oh, hello. I'm Laura Watson and I'm so incredibly sorry to have to file this claim.  It's all my fault, really.  I was so excited about getting this new smart home system installed in our house here in Charlesberg, PA.  It was supposed to make things easier, you know?  But it seems there was a faulty wire in the device itself, and it just... caught fire.  It was a small fire, thankfully, contained to a very small area, but still, it's just so embarrassing and I feel absolutely terrible about the damage.  I'm truly sorry for any inconvenience this causes you.",Laura Watson,Home,Electrical Issues,Faulty wiring in a newly installed smart home device caused a localized fire.,Minor,Apologetic,2024-04-05,"Charlesberg, PA"
139eacc4-87fd-41fe-9d53-82255661ffba,HO-467997820,"On December 16, 2023, a product defect in the concrete mixture used for the driveway at the Milestown, DE property has resulted in the gradual crumbling and degradation of the surface. This deterioration has rendered the driveway unstable and compromised its structural integrity. The extent of the damage necessitates a comprehensive assessment and repair.",Karen Larsen,Home,Product Defect,Defective concrete mixture in the driveway caused it to crumble.,Major,Formal,2023-12-16,"Milestown, DE"
737c163b-2286-4c06-8746-e14b6a5e1627,HO-299193838,"So, um, hello? I'm Dawn Chase and I need to report something that happened to my house.  It's about the... the deck thing?  The wood on the deck, it's all warped and split.  I don't know exactly when it happened, but it's been really humid here by Lake Tiffanychester, you know?  Just... damp all the time for a while.  And now the wood is just… not right.  It wasn't like a big storm or anything, no water just came rushing in.  It just seems like the dampness made it go bad?  I'm really not sure how to explain it.  It's just… broken, I guess.  It’s not like a whole section fell down, but it’s definitely not safe to walk on properly anymore.  I hope that makes sense.  I’m a bit lost with all this.",Dawn Chase,Home,Structural Failure,"Decking warped and split due to prolonged exposure to high humidity, without specific water damage event.",Moderate,Confused,2024-11-10,"Lake Tiffanychester, MT"
ae5fa8b9-859d-4e8e-a7f3-b7f448c3c064,HO-644289948,"I am absolutely LIVID! I bought this paint, this supposed 'high-quality' paint, for my home in Port Angelafurt, FM, and it's already peeling off like a bad sunburn.  It's barely been on the walls since 2025-05-21, and now I have this entire mess to deal with.  The substandard product has caused peeling and damaged my walls!  This is an absolute disgrace and a complete waste of my time and money.  I expect this to be resolved IMMEDIATELY.  Don't waste my time with endless paperwork; just fix this mess you've caused!",Maria Chang,Home,Product Defect,"Substandard paint product failed prematurely, causing peeling and damage.",Moderate,Frustrated,2025-05-21,"Port Angelafurt, FM"
ffac46cd-d3df-46e6-a130-4f60e7645802,AU-797448624,"Um, so, I was driving my car, you know, on June 7th, in New Brendanfort. It was a normal day, I think.  But then, something *happened*. I heard this loud pop, and the car started shaking, and I pulled over.  I got out to look, and... well, there was this snake on the road. A rattlesnake, I think. It was, like, right on the tire.  And now my tire is all, you know, flat.  It looks like it blew out. I'm not sure why, but I think the snake might have... I don't know, done something to it?  It's all very confusing.  I've never had this happen before.  Is this... is this something insurance covers?  I hope so.",Leah Sherman,Auto,Animal Collision,Rattlesnake hidden on the road surface caused a tire blowout.,Moderate,Confused,2024-06-07,"New Brendanfort, AS"
a56812da-e596-4d1a-977b-f06425a16290,HO-110145962,"On February 22, 2024, a structural failure occurred within the attic space of the insured property located in New Megan, IL. The attic floor joists experienced a failure under the weight of stored items. It has been determined that the load capacity of the joists was exceeded, leading to the incident.",Michele Phillips,Home,Structural Failure,"Attic floor joists failed under the weight of stored items, exceeding standard load capacity.",Moderate,Formal,2024-02-22,"New Megan, IL"
e87c658d-247c-4065-9e32-757aca5a19de,HO-728173210,"OH MY GOSH! I can't believe this happened! My son was playing with his toy rocket launcher, and it just... it just LIT UP! There was this HUGE flash and then smoke and a little bit of fire! It was terrifying! I grabbed a wet towel and managed to put it out, but the siding on the house is all scorched and blackened! It's right by the window! I'm so scared it's going to get worse or something! What do I do?! This happened just now, November 29th, 2025, here in Davisberg!",Alyssa Wong,Home,Accidental Damage,"A child's toy rocket launcher accidentally ignited, causing minor fire damage to the siding.",Minor,Panicked,2025-11-29,"Davisberg, NJ"
905d786b-bd56-4996-b277-e81570811129,HO-056236514,"On March 8, 2025, a structural failure occurred at the insured property located in Jenniferstad, SD. The incident involved the collapse of the roof structure. Preliminary assessment indicates the cause of the collapse was the excessive weight imposed by an unusual ice dam formation. This event resulted in significant damage to the home.",Amanda Castaneda,Home,Structural Failure,Roof collapsed under the weight of an unusual ice dam formation.,Major,Formal,2025-03-08,"Jenniferstad, SD"
5e8254d8-419d-409b-80df-509b07ec7a2e,AU-093872682,"Are you KIDDING me with this?! On April 17th, 2025, a ridiculously strong tornado decided to have its way with South Leslieside, KY, and guess whose car got caught in the crossfire? MINE! Tree branches, bits of roofs – you name it, it's smashed my car to smithereens. I can't even get to work! This is an absolute nightmare and frankly, I'm fuming. I expect this to be sorted out IMMEDIATELY. I'm not waiting around for this to drag on.",Rita Powell,Auto,Environmental Hazard,"Tornado debris (tree branches, roofing materials) struck the vehicle.",Major,Frustrated,2025-04-17,"South Leslieside, KY"
7be3bd15-3fd9-4bc6-9a9a-5e762d7c73b5,AU-938840941,Driving. Bug inside. Swatted. Lost control. Hit guardrail. Car damaged. My fault.,Hayden Cunningham,Auto,Driver Error / Behavior (Unusual),"Driver attempted to swat a stinging insect inside the car, losing control.",Moderate,Minimalist,2025-10-30,"Kristinland, GA"
9392c719-6595-4895-bf05-f8aa17b40b58,HO-088507013,"OH MY GOSH! It was supposed to be a normal Sunday morning, but then I heard this awful HISSING and POPPING coming from the basement on July 14th! I ran down there and the water heater was just... SMOKING!  It was terrifying!  The thermostat must have completely failed and it just kept heating and heating until it was about to EXPLODE!  Water was starting to leak everywhere and it smelled like burnt plastic and something metallic.  I'm so scared it's going to cause a fire or something!  I had to turn off the main water valve immediately. This is a nightmare!",Michelle Saunders,Home,Mechanical Failure,"Water heater thermostat failed, causing overheating and damage.",Major,Panicked,2024-07-14,"Michaelport, NH"
cab9cf25-60a0-42d1-b98f-d2607ffed953,AU-918484778,"This is absolutely ridiculous! My car was stolen on January 2nd in Romeroview, NY, and when they finally bothered to find it, it's completely trashed! Joyriders took it for a spin and left it in pieces.  I'm stuck without a car, dealing with all this paperwork, and it's causing me a massive headache. I need this resolved IMMEDIATELY. I want my car fixed or replaced, and I want it yesterday.  This is unacceptable and a complete waste of my time!",Caitlin Scott,Auto,Security/Theft Related,Vehicle was stolen and recovered with significant damage from joyriding.,Total Loss,Frustrated,2024-01-02,"Romeroview, NY"
50ad5ade-06c9-47ab-86b5-c1856fa8bf10,HO-870793642,"Are you KIDDING me with this?! Someone broke into my shed on March 22nd, 2024, out here in Lake Frankberg, and STOLE my lawnmower, along with a bunch of other tools!  I mean, come on, it wasn't even locked, which is my fault, I get it, but still!  Now I've got a gaping hole in my shed and no way to even mow my damn lawn.  This is a complete nightmare.  I need this sorted out IMMEDIATELY.  I'm not waiting around for weeks to get this resolved.  Get this fixed, NOW!",Brett Oconnell,Home,Theft,Lawnmower and other tools were stolen from the unlocked shed.,Major,Frustrated,2024-03-22,"Lake Frankberg, TN"
2949f2f4-47e4-46f6-9a0d-9b6d6f80953a,AU-609694798,"Oh dear, I'm so incredibly embarrassed to be filing this claim.  It was September 1st, 2025, out in Adamsstad.  I... well, I really wasn't myself that day.  There was a bit of a misunderstanding on the road, and I'm afraid I reacted... poorly.  I got really upset, and it unfortunately escalated into something far more serious than just a bit of honking.  I deeply regret my actions and the subsequent damage to my vehicle.  It's all my fault, and I'm truly sorry for causing this whole mess and for having to involve the insurance company.  I just hope it can be fixed.",Karla Davies,Auto,Unusual Circumstances,Vehicle was involved in a 'road rage' incident that escalated to extreme violence.,Major,Apologetic,2025-09-01,"Adamsstad, NH"
b0f182b0-1665-46e4-ab58-34cde5fb86ab,AU-680588013,"So, um, I think there's a problem with my car.  It's been acting kind of… funny.  Like, not running right.  I took it in for some work, and they said something about the air filter being really, really dirty.  And they said that might have caused… well, something with the engine.  I don't really know cars, you know?  But they said it could have caused some damage, or at least made it run bad.  This happened, I think, around February 18th, 2025, when I was in Patriciaborough.  I'm not sure if this is something you guys cover, or what.  It just feels like a big deal because my car is important.",Justin Sullivan,Auto,Maintenance Related (Neglect),Dirty air filter contributed to engine performance issues and potential damage.,Moderate,Confused,2025-02-18,"Patriciaborough, ND"
16c39921-b874-45c5-b5ef-5a99f7614eff,HO-724774044,"This is UNBELIEVABLE!  On November 21st, a massive tree branch decided to make a suicidal dive onto my house in Rebeccaview, NM, and smashed one of my solar panels to smithereens!  I can't believe this happened. Now I've got a cracked solar panel, which is obviously not generating any power, and I'm stuck with this eye-sore and a potentially higher electricity bill.  This is an absolute nightmare and the inconvenience is already through the roof.  I expect this to be sorted out IMMEDIATELY.  I didn't pay for insurance to deal with falling trees and broken property, so get this fixed PRONTO!",Emily Morrow,Home,Accidental Damage,"A falling tree branch struck a solar panel, cracking it.",Moderate,Frustrated,2024-11-21,"Rebeccaview, NM"
07b1df7b-8f47-49c3-aa0b-b917706a8862,HO-786888820,"On April 14, 2025, it was discovered that rodents, specifically rats, had established a nest within the crawl space of the insured property located in New Amy, MH. The rodents have caused damage to the electrical wiring and insulation within this area. Photographic and video evidence documenting the presence of the rodents and the resulting damage has been collected.",Jamie Walker,Home,Animal Damage,"Rats nested in the crawl space, chewing electrical wires and insulation.",Moderate,Formal,2025-04-14,"New Amy, MH"
b96554dc-e77b-4b33-96d0-e0cdc919ee79,HO-780173513,"ARE YOU KIDDING ME?! I'm Evelyn White, and I'm calling because my idiotic husband, bless his heart, decided to play bumper cars with our own garage door this morning, December 21st, 2024. NOW the blasted thing is jammed shut! Jammed! Like I can't even get my car *out*! This is an absolute nightmare, living out here in Lake Luis, WY. Do you have any idea how inconvenient this is? My entire day is ruined! I can't get to my appointments, I can't run errands, I'm practically a prisoner in my own home! I expect this to be fixed IMMEDIATELY. I'm not paying for a jammed garage door out of my own pocket when I pay you people for coverage. GET THIS SORTED OUT, NOW!",Evelyn White,Home,Accidental Damage,"Homeowner accidentally backed their car into the garage door, causing it to jam.",Moderate,Frustrated,2024-12-21,"Lake Luis, WY"
c396503b-0d74-4497-bf4d-4d44f290486e,HO-445206532,Paint failed. Peeling. Damage. Substandard product.,David Schroeder,Home,Product Defect,"Substandard paint product failed prematurely, causing peeling and damage.",Moderate,Minimalist,2025-07-17,"Port Pamela, VT"
f3a83a23-974e-4d63-9bf9-15f135a30d02,HO-452717402,"Furnace. Carbon monoxide. Malfunction. 2025-04-18. West Benjaminland, KS.",Virginia Lee,Home,Mechanical Failure,Furnace malfunctioned and released carbon monoxide.,Major,Minimalist,2025-04-18,"West Benjaminland, KS"
6fad8c13-fa85-4a6a-9d35-964041bf97a3,AU-852044229,"On May 10, 2024, at approximately 14:30 EST, the insured vehicle, a 2022 Toyota Camry (VIN: [Placeholder VIN]), was involved in an incident while stationary at the residence located in Tommyfurt, MI. The damage sustained by the vehicle is attributed to a rare atmospheric phenomenon, specifically observed as a luminous, mobile electrical discharge.  The phenomenon directly impacted the vehicle's exterior and certain internal components.  Visual inspection reveals significant scorching and deformation to the hood, roof, and driver's side quarter panel.  Additionally, electrical systems within the vehicle exhibit non-functional characteristics.",John Ibarra,Auto,Unusual Circumstances,"Vehicle was damaged by a rare atmospheric phenomenon (e.g., ball lightning).",Major,Formal,2024-05-10,"Tommyfurt, MI"
6af6f17c-3ab2-4584-a1ca-b1f83f5fb8da,HO-493457318,"Oh dear, I'm not entirely sure how to explain this.  Something with the electricity went haywire, you see.  I think... I think little critters, you know, mice or something, got into the walls and chewed up some of the wires.  And then, well, there was a little fire.  Just a small one, thankfully, but it smelled awful and there was some smoke damage.  It's my home, you see.  South Judithton, MH.  It all happened on December 7th, 2024, I think.  It's all very confusing, and I'm not sure what to do.",Nancy Smith,Home,Electrical Issues,Rodent infestation led to chewed electrical wires and a resulting short circuit fire.,Moderate,Confused,2024-12-07,"South Judithton, MH"
111b0eeb-8677-47d6-b8c1-0258e38e2acd,AU-960227129,"So, uh, my car's been acting funny. It's making weird noises, and it just doesn't feel right when I'm driving it.  I took it to a mechanic, and they said something about the air filter being really dirty, like, super dirty.  They think that's what caused the engine to, like, not work as well.  I'm not really sure what that means, but they said it could be causing damage.  This happened a few days ago, on April 16th, I think.  It was while I was driving around Derrickside.",Christopher Huerta,Auto,Maintenance Related (Neglect),Dirty air filter contributed to engine performance issues and potential damage.,Moderate,Confused,2024-04-16,"Derrickside, ME"
5da5a638-fd78-41e6-8a85-444209469fa1,AU-829264280,"Vehicle damage. Extreme temps. Warp, crack. June 15, North Jamesmouth.",Jonathan Marsh,Auto,External Factors (Non-Collision),Vehicle was damaged by extreme temperature fluctuations causing materials to warp or crack.,Moderate,Minimalist,2024-06-15,"North Jamesmouth, WA"
166bcca4-11b0-4c17-9135-727db262cf54,HO-921050166,"Are you kidding me with this?! So, this weekend, this ridiculous wind decided to play demolition derby with my backyard.  My shed, my perfectly good shed, is now a pile of splintered wood and twisted metal!  It's completely blown over and partially collapsed.  This is Josechester, WV, not some hurricane zone!  Now I've got this absolute mess to deal with, and who knows what's going to happen to all my tools and equipment.  This is a complete pain in the backside, and I expect this to be handled ASAP.  Don't drag your feet on this, I'm not paying for this disaster!",Juan Allen,Home,Wind Damage,A shed in the backyard was blown over and partially collapsed.,Major,Frustrated,2025-03-09,"Josechester, WV"
569f843c-1c35-408b-b4e9-9b6d5c7bddc8,AU-627002739,"Are you KIDDING ME with this?! I'm stuck here in Lake Russell, Iowa, on April 17th, 2024, because some idiot couldn't be bothered to pay attention to the ROAD! They were staring at their phone or some stupid map like they'd never seen one before and completely missed a CRITICAL road sign. Now my car is banged up, and I'm out of my element, dealing with this absolute NONSENSE! I demand this be fixed YESTERDAY! This is beyond frustrating, it's just plain incompetence!",Brandy Cox,Auto,Driver Error / Behavior (Unusual),Driver was looking at a map or GPS device and missed a critical road sign.,Moderate,Frustrated,2024-04-17,"Lake Russell, IA"
4c6e140d-77e9-4a57-8b4c-29a535be0faa,HO-579579690,"On June 27, 2025, at approximately 14:30 hours, an incident occurred at my residence located in Rodriguezview, SC. A stray animal, identified as originating from a neighboring property, entered my premises and caused damage to the home. The nature of the damage involves [brief, objective description of damage, e.g., structural compromise to a portion of the exterior siding, damage to landscaping, broken window pane].  The animal's presence and subsequent actions are considered the direct cause of this damage.",Michael Benson,Home,Third-Party Negligence,A stray animal from a neighbor's property caused damage.,Moderate,Formal,2025-06-27,"Rodriguezview, SC"
96cd98a3-2a16-48d3-b83e-926cbbf20fc4,HO-983557466,"This is an absolute joke! My roof collapsed because of all the STUPID SNOW!  Do you people even realize how much of a nightmare this is?  It happened around October 16th, 2025, out here in North Anthonychester.  Now I've got a hole in my house, everything is exposed, and I'm stuck in this mess.  I can't believe I pay insurance for this kind of incompetence.  Fix it.  NOW.  I'm not living like this!",Jennifer Miller,Home,Environmental,Heavy snowfall caused a portion of the roof to collapse.,Major,Frustrated,2025-10-16,"North Anthonychester, NC"
1e894f94-44f2-4898-8d62-7395531b1296,AU-586719171,"Oh my gosh, I can't believe this happened!  I was just driving home on April 13th near Hunterchester, minding my own business, and suddenly the road was just... GONE!  There was this HUGE beaver dam, and it had flooded the whole road!  My car just dropped right into it, and I heard this terrible CRUNCHING sound underneath!  I'm so scared!  I don't even know what's wrong with the car, but it sounded awful!  Water was everywhere!  I think something got completely smashed under there!  Please, you have to help me!",Sergio Stevens,Auto,Animal Collision,"Beaver dam overflowed, creating a submerged road hazard that damaged the undercarriage.",Moderate,Panicked,2025-04-13,"Hunterchester, MO"
b9470842-7b3e-4135-adbc-613bc2e4fdc4,HO-279187885,Yard. Vandalism. Decorations gone. Destroyed.,Terri Harris,Home,Vandalism,Yard decorations were destroyed.,Moderate,Minimalist,2024-04-22,"Montesborough, SC"
d65f0197-d0d7-4e7b-840a-f7bc0b59ee3c,HO-244858121,"Oh goodness, I am so incredibly sorry to have to report this, but my furnace seems to have... well, it malfunctioned and unfortunately released carbon monoxide. I feel absolutely terrible about it. I'm not entirely sure how it happened, but I'm so sorry if any of this was preventable on my part. It was on January 2nd, 2024, at my home in East Jenniferborough, TN. I just hope everyone is okay and that this can be sorted out. I'm really embarrassed that this has happened.",Amy Stone,Home,Mechanical Failure,Furnace malfunctioned and released carbon monoxide.,Major,Apologetic,2024-01-02,"East Jenniferborough, TN"
a8f24600-2fc3-4953-8525-b4d797b47b7b,AU-494463333,"Car. Custom parts. Detached. High speed. Lake Rebecca, NE. September 25, 2025.",Caitlin Smith,Auto,Modification/Customization Related,Unsecured aerodynamic modifications detached at high speed.,Major,Minimalist,2025-09-25,"Lake Rebecca, NE"
e3f6b8c3-9735-487c-98a2-35e9fb2633ff,HO-133128236,"Oh, hello. I'm Julian Delgado, and I'm… well, I'm so incredibly embarrassed to have to report this. On January 31st, 2025, something awful happened to my yard decorations.  It seems they were vandalized.  I'm just so mortified that this happened.  I don't know how to even… it's just a mess.  I'm really, truly sorry for the trouble this causes.  I feel terrible about it.",Julian Delgado,Home,Vandalism,Yard decorations were destroyed.,Moderate,Apologetic,2025-01-31,"East Kaylee, WI"
2a820d25-8485-4059-8211-b678a27e8d08,AU-816005490,"I don't even know where to start. I was just driving, you know, on the highway near Bradleyfurt on Friday, the 21st of June. And then... poof! My car just stopped. Like, completely. It made a weird noise, a sort of grinding, and then nothing. It just… seized up. I think that's the word. And then everyone behind me had to slam on their brakes. There were definitely a few other cars involved. I'm not sure how bad it is, but my car is definitely not moving. I don't really understand cars, so I don't know what 'seized' means exactly, but it sounded bad. And the insurance stuff… it's all very confusing. I just hope it can be fixed, but it felt pretty bad.",Thomas Ingram,Auto,Vehicle Malfunction (Internal),"Engine seized unexpectedly, causing a multi-car pile-up as other vehicles braked hard.",Major,Confused,2024-06-21,"Bradleyfurt, LA"
72d96add-6079-4583-a050-3a365768338b,HO-674688172,"On July 23, 2025, at approximately 10:00 AM, I observed vandalism to the exterior of my residence located at [Insert Address Here], South Adam, TX.  The incident resulted in significant scratching and damage to the exterior paintwork. The extent of the damage necessitates professional assessment and repair.",Devin Armstrong,Home,Vandalism,Exterior paint was scratched and damaged.,Moderate,Formal,2025-07-23,"South Adam, TX"
901514cc-169e-44dd-9c00-bddba59b3c38,AU-263401660,"Oh, dear. So, I'm not entirely sure what happened, but my car... well, it was involved in something.  Someone apparently used it to... to smash into a shop?  I just know it wasn't me, and it was on Saturday, the 22nd, I think.  It was in East Christopher, that's where it happened.  The car is all messed up.  I don't know what to call it, but it looks like it's seen better days.  Did someone take it?  I'm just so confused about all of this.  I don't really know anything about cars, or what all these forms mean.  It's all a bit much, really.",Judith Williams,Auto,Security/Theft Related,Vehicle was used to ram a storefront for a robbery.,Total Loss,Confused,2025-03-22,"East Christopher, WY"
1390f469-7854-4f9b-867b-31ed7e9871f5,AU-131792832,"I'm really not sure how to explain this, it was so strange. I was just driving along on Saturday, July 6th, over in Thomasfort. Suddenly, there was this... bug. A really big, angry one. I think it was a bee or something? Anyway, it flew into the car and I just panicked. I tried to swat it away, you know, with my hand.  And then... well, I guess I lost control of the steering wheel for a second.  The car swerved, and I hit... I don't even know what I hit.  It wasn't a big crash, but something on the front of the car looks bent.  I've never had anything like this happen.  A bug! Can you believe it?  I don't really know what to call it, this whole situation.  It's just... weird.",Amanda Hart,Auto,Driver Error / Behavior (Unusual),"Driver attempted to swat a stinging insect inside the car, losing control.",Minor,Confused,2024-07-06,"Thomasfort, AL"
4ea8384d-e7f8-45ca-a8f4-805fd346fb14,HO-161619489,"Are you KIDDING me with this?!  October 15th, 2025, and some lowlife decided to waltz into my unlocked shed in Williamburgh, KY, and steal my lawnmower and a bunch of other tools.  This is absolutely INFURIATING! Now I've got a mess to deal with, and my yard is going to look like a jungle.  This isn't just an inconvenience, this is a major disruption!  I expect this to be handled IMMEDIATELY.  Don't waste my time with endless paperwork and questions.  Just get this fixed so I can get back to normal!",Roberto Hodge,Home,Theft,Lawnmower and other tools were stolen from the unlocked shed.,Major,Frustrated,2025-10-15,"Williamburgh, KY"
f2a82c74-108e-47f2-abcd-49d174d4ee6d,HO-678003001,"Oh my god, I can't believe this is happening! I came home yesterday, February 5th, 2025, and the whole house was dark! I thought the power was out in New Michellehaven, but then I went to the basement and saw it! Rodents! Little monsters chewed through all the main wires in the electrical panel! It's a complete mess! Sparks were flying, it looked like a fire hazard! I'm so scared! The whole house is unusable, I don't know what to do! It's terrifying!",Vincent Bishop,Home,Animal Damage,Rodents gnawed through the main electrical panel wiring.,Major,Panicked,2025-02-05,"New Michellehaven, MO"
3adecc93-dc6a-4aa0-8649-63a999e6a1ae,HO-583704745,"Are you KIDDING me with this? My dog, bless his furry little heart, decides to play demolition derby with a candle and now my living room looks like a disaster zone!  A FIRE, for crying out loud!  This is ridiculous.  I'm stuck dealing with smoke smell, blackened walls, and the sheer inconvenience of it all.  I expect this to be handled IMMEDIATELY.  Don't make me call back a million times.  Get this sorted out NOW before I completely lose it.",Stephanie Espinoza,Home,Accidental Damage,"A pet knocked over a candle, causing a small fire in the living room.",Moderate,Frustrated,2024-12-13,"East Thomas, PR"
d8f519fd-492a-40f0-9a0f-bd16caf621f2,HO-897716376,"Uh, so, yeah. I think something went wrong with the electricity in the attic?  It's like... the lights kept flickering, and then I saw some smoke. It's not a car, it's my house, you know?  The wires up there are really old, I think that's what it was.  It happened around November 10th, 2024, out here in Fernandezton.  I'm not really sure what else to say, it just seemed like a bad electrical thing.  I hope that's okay.  I'm not really sure what a 'claim description' is supposed to be, honestly.",James Gilbert,Home,Electrical Issues,"Old wiring in the attic failed, causing intermittent power outages and smoke.",Moderate,Confused,2024-11-10,"Fernandezton, NV"
865c8683-978d-4142-827f-c99b3e361958,HO-947580587,"Oh, I am so incredibly sorry to have to file this.  It's just… I feel absolutely terrible about this whole situation.  On December 12th, 2023, at my property on West Jason, IN, it appears someone managed to get into the basement – which, I know, I should have secured better, and I'm so ashamed of my oversight. They… they stole the copper pipes.  I honestly don't even know how they got in, and it's just so embarrassing that this happened on my watch.  I'm really, truly sorry for the trouble this is causing.",Ryan Hill,Home,Theft,Copper pipes were stolen from the unoccupied basement.,Moderate,Apologetic,2023-12-12,"West Jason, IN"
8de9e6b7-75df-430a-a2ad-66586e5ce6d2,AU-320928879,"On December 9, 2024, at approximately 14:30 HST, the undersigned was involved in a motor vehicle collision on Highway 101 near Eddieton, Hawaii. The incident occurred due to a sudden and severe dust storm that reduced visibility to near-zero conditions. This environmental hazard resulted in a multi-vehicle pile-up in which the undersigned's vehicle sustained damage. The specific nature and extent of the damage are currently being assessed.",Cynthia Huber,Auto,Environmental Hazard,Dust storm with near-zero visibility led to a multi-vehicle pile-up.,Moderate,Formal,2024-12-09,"Eddieton, HI"
3514074a-bbf5-4cdc-9025-93e6041ea8ed,HO-691304523,"ARE YOU KIDDING ME?! My expensive EV charger just decided to EXPLODE into a tiny fire yesterday, September 30th, 2025, right here in Boothborough.  A MECHANICAL FAILURE, they say.  More like a complete and utter DISASTER!  Now I can't even charge my car, which is already a massive inconvenience.  This is NOT acceptable.  I need this fixed YESTERDAY.  Don't even THINK about dragging your feet on this.  I expect a swift and complete resolution to this infuriating mess!",Stephanie Nguyen,Home,Mechanical Failure,"Electric vehicle charging station malfunctioned, causing a small fire.",Minor,Frustrated,2025-09-30,"Boothborough, TX"
b151ac0c-fca6-4575-b10e-75d08657420f,HO-795240688,"Fire. Entertainment center. Lightning. Electrical surge. Burned. East Rickyfurt. December 9, 2023.",Jessica Tucker,Home,Fire Damage,Electrical surge from a lightning strike ignited the entertainment center.,Major,Minimalist,2023-12-09,"East Rickyfurt, IA"
4bd81d90-d373-4a11-a02d-e2da74ee3b9a,AU-086907459,Dust storm. Zero visibility. Pile-up. My car. Damaged.,Tracy Webb,Auto,Environmental Hazard,Dust storm with near-zero visibility led to a multi-vehicle pile-up.,Major,Minimalist,2024-11-01,"New Laurashire, PW"
cd7fdda8-4b00-40c6-9266-278b18737e02,HO-714958557,"Uh, so, something happened with our smart thermostat. It's that fancy one we got for the house. It just... started smoking and then there was a fire, I think? It wasn't a big fire, not like a whole house fire, but it definitely charred some of the wall and the wires around it.  I'm not really sure what to call it, but the thermostat is all melted and it smells burnt.  It was August 28th, I think, when this all happened at our place in New Sierra. I just don't understand how a thermostat could do that.  Is that a product defect thing?  I'm really confused about all this.",Erica Richardson,Home,Product Defect,Defective smart thermostat caused electrical fire.,Moderate,Confused,2024-08-28,"New Sierra, HI"
f27eaa3a-8e8a-468c-9a3f-0afed141cc89,HO-830382186,"ARE YOU KIDDING ME?! My house is infested with rats, and they've decided to have a convention in my crawl space, chewing up all my electrical wires and insulation! This is absolutely UNACCEPTABLE. I've been dealing with this NIGHTMARE since March 31st, and frankly, I'm sick of the smell and the constant gnawing noises. This is causing a massive inconvenience, not to mention a serious fire hazard! I demand you get someone out here to fix this mess IMMEDIATELY. I'm not paying for rats to destroy my home!",Karen Woodward,Home,Animal Damage,"Rats nested in the crawl space, chewing electrical wires and insulation.",Major,Frustrated,2024-03-31,"Karenmouth, ID"
79e314db-ba59-4014-9a21-189e9fc616c7,AU-341900091,"Are you KIDDING ME with this?! I was driving along, minding my own business, on what looked like a perfectly clear road near Petersonstad on July 21st, 2024. Suddenly, BAM! Out of nowhere, an icy patch.  I LOST CONTROL of my car!  This is absolutely ridiculous.  I'm stuck here dealing with a damaged vehicle because of some freak weather anomaly that shouldn't have been there. This is a HUGE inconvenience, and I expect this to be resolved IMMEDIATELY.  I'm not waiting around for this to drag on.",Gregory Miller,Auto,Environmental Hazard,Icy patch on an otherwise clear road caused a loss of control.,Moderate,Frustrated,2024-07-21,"Petersonstad, NY"
6b49eda3-9cb8-4839-8793-16cbbf6eeb58,AU-385676012,"On May 1, 2024, at approximately 14:00 hours, my vehicle, a 2022 Toyota Camry bearing license plate ABC-123, sustained damage while parked at 123 Main Street, Port Logan, NC. The damage occurred as a result of a runaway parade float impacting the vehicle. The float, a large decorative structure, deviated from its intended parade route and collided with my parked automobile. The front passenger side of the vehicle experienced impact, resulting in visible damage to the bumper, fender, and headlight assembly. The incident was witnessed by several individuals present at the scene.",Zachary Wagner,Auto,Unusual Circumstances,Vehicle was damaged by a runaway parade float.,Moderate,Formal,2024-05-01,"Port Logan, NC"
e14fc0f5-9f03-43a1-894f-e781df63234c,HO-476256167,"Oh, dear. I'm so incredibly embarrassed to have to report this. On February 21st, 2025, we had some really strong winds here in Romeroland, AR.  Unfortunately, my patio furniture, which I *really* should have secured better, got blown around. It ended up smashing right into our back window and shattered it completely.  I feel absolutely awful about it, and I'm so sorry for the trouble this must be causing.  It was entirely my oversight in not putting everything away properly.",Joshua Bradshaw,Home,Wind Damage,"Patio furniture was blown against a window, shattering it.",Moderate,Apologetic,2025-02-21,"Romeroland, AR"
20e042ac-4841-4672-8b4c-a720f9c881e5,AU-948260861,"Uh, okay. So, I was just, you know, driving my car, my Ford Focus, I think?  It's red.  Anyway, I'm in Knightfort, Nevada, on February 10th, 2025.  And then, out of nowhere, this... thing.  It was like a really noisy toy, but bigger.  It just, like, fell out of the sky.  And it hit my car.  Right on the, uh, the hood, I think.  It made a big dent.  And then there was this... whirring sound.  I don't know what it was.  A drone, someone said?  For delivering stuff?  I've never heard of such a thing.  It really messed up my car.  I'm not sure what to do.  It's just... weird, you know?  I don't really understand all this insurance stuff.  Is this covered?",Rodney Hughes,Auto,Unusual Circumstances,Vehicle was damaged by a rogue drone delivery that fell from the sky.,Moderate,Confused,2025-02-10,"Knightfort, NV"
351e4304-8145-4ba1-8ac2-53b53c7d625e,HO-815448150,"Oh my gosh, I'm completely freaking out! I just got home and saw it! My windows! They're all smashed! With rocks! I don't even know what happened! It's like someone just came and destroyed everything! I'm so scared! What am I going to do?! This is unbelievable! It happened sometime today, I think, maybe while I was out! I'm in South Brianborough, GA! This is a nightmare!",Cathy Jacobson,Home,Vandalism,Windows were smashed with rocks.,Major,Panicked,2024-07-27,"South Brianborough, GA"
7a395ad0-0cc2-4968-b775-78236d70dce0,HO-806703743,"Oh my gosh, I just saw it!  Our fences!  Someone deliberately broke them!  They're just… smashed!  I can't believe this happened!  We're in Thompsontown, SC, and this happened today, February 1st, 2025!  I'm so scared!  What are we going to do?!  This is a nightmare!",Brandy Little,Home,Vandalism,Fences were deliberately broken.,Major,Panicked,2025-02-01,"Thompsontown, SC"
1e576338-f6a4-424a-8f22-30d1fe71223a,HO-289022099,"So, uh, something happened.  It's my, you know, the thing in the kitchen, the... appliance.  It got all smoky and there was a little fire.  I think the wires inside were all messed up.  It's in my house, on East Edwin.  It happened, I think, a few days ago, maybe March 2nd?  I'm not really sure about the date.  It wasn't a big fire, just a little bit, but it made a mess.  I don't really know what to do about this insurance thing. Is this even the right place to report it?  I'm just really confused about all of this.",Wayne Lozano,Home,Product Defect,Defective appliance wiring caused a small fire.,Minor,Confused,2024-03-02,"East Edwin, KY"
f9cb157e-f597-43b4-a318-523d1a0dbf0c,HO-632424265,"ARE YOU KIDDING ME?! Raccoons! In MY attic! These furry little vandals decided my house was a five-star hotel and trashed the insulation while they were at it.  I'm dealing with a mess up there, not to mention the STINK and the thought of them nesting. This is an absolute nightmare and a complete invasion. I want this sorted out YESTERDAY.  I'm not living with vermin in my walls. Get someone out here to fix this disaster, like, NOW. This is unacceptable!",Andrew Watts,Home,Animal Damage,Raccoons damaged the attic insulation while seeking shelter.,Moderate,Frustrated,2025-11-10,"West Cynthia, MS"
cbb47b87-b34d-40d1-97ef-9aa28e49040c,AU-371748389,"Vehicle submerged. Canal. Levee broke. Port Benjaminside. August 23, 2024.",Lisa Howard,Auto,External Factors (Non-Collision),Vehicle was submerged in a canal due to a broken levee.,Total Loss,Minimalist,2024-08-23,"Port Benjaminside, MT"
aac7d377-ff4a-46cc-85d3-657c10815273,AU-286303702,"Okay, so... there was this... thing.  On the road.  I think it was one of those orange cone things, or maybe one of those plastic barrier things?  It just... rolled out.  Right in front of my car.  I don't really know what happened after that, I just... stopped.  It was definitely on June 2nd, 2024, I think.  Somewhere around New Michael, DC.  My car hit it, I guess.  It made a noise.  I'm not sure what's broken on my car, though.  It seems... okay?  Maybe a little dented?  I don't know about cars.  And this insurance stuff is all very confusing.  Did it damage the... thing?  Or my car?  I'm not sure.",Glenn Foster,Auto,Object in Roadway,"Construction equipment (e.g., traffic cone, barrier) rolled into the path of traffic.",Minor,Confused,2024-06-02,"New Michael, DC"
1087a716-fb47-4f97-b868-25eb9982752b,AU-166512012,"Tires, rims stolen. Car on blocks. Suspension damaged. Port Sarahside. July 18, 2024.",Kristin Thompson,Auto,Security/Theft Related,"Theft of tires and rims, leaving the vehicle on blocks and damaging the suspension.",Major,Minimalist,2024-07-18,"Port Sarahside, NJ"
93e60216-a12c-4e9b-ba93-71e06315b61d,HO-277222632,"Oh dear, I'm not quite sure how to explain this.  I think... I was just carrying something heavy, you know, for the kitchen, and I just... it slipped.  It was a big pot, I think. And it landed right on the glass table in the living room.  It just... exploded, the glass.  It was a big mess, really.  I hope it's covered. This happened on August 16th, 2025, I think.  In Ashleyville.  I'm so sorry, I'm not good with these things.  What do you need me to say?",Sarah Ruiz,Home,Accidental Damage,"Homeowner accidentally dropped a heavy object on a glass tabletop, shattering it.",Moderate,Confused,2025-08-16,"Ashleyville, VI"
7c23e0ac-b8c6-49f0-b7f8-e8479c17662c,AU-265515349,"On December 21, 2023, at approximately 0200 hours, my vehicle, a [Year, Make, Model of vehicle] with VIN [Vehicle Identification Number], was reported stolen from my residence located in Stephanieport, MH.  Upon recovery on December 23, 2023, it was determined that the vehicle had been utilized for the transportation of illicit goods. This activity resulted in significant structural and mechanical damage to the vehicle due to overloading. The damage is consistent with the excessive weight placed upon the vehicle's frame, suspension, and drivetrain.",James Edwards,Auto,Security/Theft Related,"Vehicle was stolen and used to transport illicit goods, leading to damage from overloading.",Major,Formal,2023-12-21,"Stephanieport, MH"
54792134-1022-41bd-9538-86033a02112a,HO-184942294,"OH MY GOODNESS! It was the water heater! I think it just… failed! It started making this horrible noise, and then I saw smoke coming out! The thermostat just went haywire, I think! It got so HOT, and now there's water everywhere and it looks like it's MELTED! I'm so scared! This happened today, July 18th, 2024, right here in South Thomas! Is this even fixable?! What do I do?!",Shawn Boyer,Home,Mechanical Failure,"Water heater thermostat failed, causing overheating and damage.",Major,Panicked,2024-07-18,"South Thomas, VI"
5a616b5c-2e79-4b94-bf43-8275dc6a865c,AU-467251913,"On July 8, 2024, at approximately 3:15 PM, while operating my vehicle on a roadway in Harveyview, Ohio, an unexpected event occurred. A stinging insect entered the passenger compartment of the vehicle. In an attempt to remove the insect, the driver momentarily lost focus on the operation of the vehicle, resulting in contact with a roadside object. The vehicle sustained damage to the passenger side quarter panel and rear bumper.",Steven Calhoun,Auto,Driver Error / Behavior (Unusual),"Driver attempted to swat a stinging insect inside the car, losing control.",Moderate,Formal,2024-07-08,"Harveyview, OH"
42aafe13-b144-41d4-9f4b-0a1ca8002fb7,HO-931834782,"This is absolutely ridiculous! I've got rats, of all things, nesting in my crawl space and absolutely destroying everything! They've chewed through the electrical wires – you know, the stuff that keeps my lights on and my appliances running? And the insulation is shredded! I'm dealing with a serious infestation that's causing damage that could be a fire hazard, and frankly, it’s disgusting.  This isn't just a little mouse problem; this is a full-blown rodent invasion! I need this dealt with IMMEDIATELY. I'm paying for insurance, and I expect this mess to be cleaned up and repaired without any further delay or hassle. Get your act together and fix this NOW!",Nicole Lewis MD,Home,Animal Damage,"Rats nested in the crawl space, chewing electrical wires and insulation.",Major,Frustrated,2024-05-02,"Kristinfort, VA"
62ca54cb-f1f7-4c5d-b974-9d9eb9bd02e9,HO-564812266,"ARE YOU KIDDING ME WITH THIS?! It's January 1st, 2025, and some insane windstorm decided to bring my ENTIRE FENCE crashing down onto my CAR! My car! In my driveway! This is an absolute disgrace.  Now I've got a mangled mess of wood and metal, and my car is completely unusable.  This is beyond inconvenient, it's a disaster!  I expect this to be sorted out IMMEDIATELY. I'm not waiting around for your slow-moving bureaucracy to fix this mess. Get someone out here NOW and get this resolved before I lose my mind!",Laurie Giles,Home,Wind Damage,Wind caused a fence to fall onto a parked car in the driveway.,Major,Frustrated,2025-01-01,"Orrbury, KY"
be8f2150-516f-4757-86cb-a09729515c3d,HO-534975753,Termites. Foundation beams. Damaged. Extensive.,Andrew Hall,Home,Animal Damage,Termites caused extensive damage to the foundation beams.,Major,Minimalist,2024-06-06,"West Stephanieland, NJ"
0fb66d21-4856-45b6-8dc5-d4197cdd1e9e,AU-465792755,"ARE YOU KIDDING ME?! I was just driving down East Michael on August 27th, 2025, minding my own business, when all of a sudden the ROAD JUST CAVE D IN! A sinkhole, of all things! My car is ruined, and I'm stuck here with no way to get around. This is an absolute nightmare and a colossal inconvenience. I demand you fix this immediately and don't give me any runaround!",Dawn Shannon,Auto,Environmental Hazard,Sudden sinkhole opened up on the roadway while the vehicle was driving over it.,Major,Frustrated,2025-08-27,"East Michael, IN"
9e2f4209-2c94-4c63-8f2f-a98810ea7b09,AU-209135134,"Oh dear, I'm so terribly sorry to have to report this. It was entirely my fault, I should have been paying more attention.  I was driving on August 16th, 2025, near Davisberg, MN, and there was this completely unexpected patch of ice on the road. The road was otherwise clear, I swear!  I just... I lost control for a second and unfortunately, my car sustained some damage. I feel absolutely awful about it and I'm so sorry for any inconvenience this causes. I truly wasn't expecting it at all.",Jessica Hardy,Auto,Environmental Hazard,Icy patch on an otherwise clear road caused a loss of control.,Moderate,Apologetic,2025-08-16,"Davisberg, MN"
0840ce3e-b49c-4b72-89ed-27dc55b3bbd9,AU-050421833,"Sensor defect. Autonomous driving failed. Car swerved. November 7, 2025. North Rhonda. Damaged vehicle.",Daniel Herrera,Auto,Product Defect (Specific),Faulty sensor in the autonomous driving system caused erratic behavior.,Major,Minimalist,2025-11-07,"North Rhonda, WI"
933740ca-2d87-4bec-9505-f54c7478275c,AU-152180962,Fallen tree. Road.  Head-on.  My car. Damaged.,Krystal Callahan,Auto,Object in Roadway,"Fallen tree across the road, causing a head-on collision.",Major,Minimalist,2025-05-31,"Chapmanton, WV"
59594f76-ee1e-46e8-a778-516583775120,HO-871519355,"Oh dear, I'm so terribly sorry to have to report this. It's quite embarrassing, really. On the evening of June 30th, 2025, at my residence in Bellfurt, DC, my car tires were unfortunately vandalized. I'm not sure if there's anything I could have done differently, but I feel absolutely awful about this whole situation. I deeply regret that this incident has occurred and I'm just so sorry to be a bother.",Benjamin Walker,Home,Vandalism,Car tires were slashed in the driveway.,Moderate,Apologetic,2025-06-30,"Bellfurt, DC"
dbf699e1-2def-4883-992c-6cb612aa0a46,AU-851175811,"Are you KIDDING ME?! November 6th, 2024, in West Karen, VI, a literal MUD SLIDE decided to redecorate my CAR. My car! Like a giant, muddy toilet overflowed onto it.  It's not just a little dirt, it's caked on, stuck in every nook and cranny, probably ruining the engine and the interior.  This is an absolute disaster and I'm stuck with a useless heap of metal.  I demand you get this sorted out IMMEDIATELY.  I can't be without my vehicle because some embankment decided to take a vacation all over it.  This is beyond inconvenient, it's infuriating!",Eileen Knox,Auto,Environmental Hazard,Mudslide from an embankment washed over the vehicle.,Major,Frustrated,2024-11-06,"West Karen, VI"
d892f2ac-9b7b-4931-a34a-9a5fe1756af4,AU-910570103,Vehicle rollover.  Lift kit installed. Improperly done.  Rolled over.,Thomas Perez,Auto,Modification/Customization Related,Improperly installed lift kit caused the vehicle to roll over.,Total Loss,Minimalist,2024-10-23,"East Edward, NJ"
f1d81601-c01d-4c01-9180-d6b800793b6d,AU-554223915,"Oh, dear. I'm so terribly sorry to have to report this. It's all my fault, really, for not being more careful. On Friday, July 26th, 2024, I was driving my car in Lake Lauren, PA, and… well, the heat was just unbelievable. The asphalt was practically melting, and I think I drove over a section that was particularly soft. My tires just… sunk in, I guess?  It left these awful imprints, and now the car feels so wobbly and unstable when I drive. I'm so embarrassed about it, and I truly apologize for any inconvenience this causes.  I should have been more aware of the road conditions, but I honestly didn't expect it to be *that* bad.  I'm just mortified.",Nathaniel Hammond,Auto,Environmental Hazard,"Extreme heat caused asphalt to become soft, leading to tire imprints and vehicle instability.",Moderate,Apologetic,2024-07-26,"Lake Lauren, PA"
5e918f0d-df4b-4998-a62f-d992517e403b,HO-259721213,"Oh my goodness, I don't even know where to start! It's Christmas Eve, 2023, and my house in Rodriguezmouth, FL is falling apart!  We've had this awful drought, and the ground just… it's shrinking!  I've seen cracks, HUGE cracks, spreading across the foundation!  It looks like the whole house is starting to sag!  I'm so scared, I don't know what's going to happen!  Is this even covered?  Please, you have to help me!",Gerald Allen,Home,Environmental,Prolonged drought led to soil shrinkage and foundation cracks.,Major,Panicked,2023-12-24,"Rodriguezmouth, FL"
4952efe0-9f56-42bf-bde0-ee672f991242,HO-315978733,Roof shingles defective. Premature wear. Leaks.,Christopher Koch,Home,Product Defect,Manufacturing defect in roofing shingles caused premature wear and leaks.,Moderate,Minimalist,2024-07-06,"Douglasport, PR"
714560ad-bb54-4273-a1bf-ee6419424499,HO-480842682,"Oh my god! I can't believe this happened! I just got home to Port Dennis and my package is GONE! It was just sitting on the doorstep, and now it's completely empty! Someone STOLE everything! I'm so scared and panicked right now, what am I going to do?! This is a disaster!",Jacob Higgins,Home,Theft,Items were stolen from a package left on the doorstep.,Moderate,Panicked,2024-09-25,"Port Dennis, AL"
c64f51c5-9421-4a5b-a251-0f0a6af7d4e5,HO-737280209,"Oh my goodness, it's a disaster! I just went outside and my driveway... it's crumbling! Like, literally falling apart! I don't even know what happened, but the concrete is just turning to dust! It’s like it just decided to disintegrate. I’m so scared, what am I going to do?! It’s all over the place, and it looks like a bomb went off! This has to be some kind of defect, right? It can't just do this! Please, you have to help me!",Aaron Thompson,Home,Product Defect,Defective concrete mixture in the driveway caused it to crumble.,Major,Panicked,2024-05-18,"Morriston, NV"
e3fc2bd7-d075-4a0f-b70f-323659a72c31,HO-105225330,"On December 21, 2024, a mechanical failure occurred with the sump pump at the property located in West Alexaton, RI. This failure coincided with a period of heavy rainfall, resulting in a basement flooding incident. The damage sustained is attributed directly to the sump pump's malfunction and the subsequent ingress of water into the basement.",David Hall,Home,Mechanical Failure,"Sump pump failed during a heavy rain, leading to basement flooding.",Moderate,Formal,2024-12-21,"West Alexaton, RI"
2e47155e-ce1e-4fe7-bcf8-f2dec095fb81,AU-992581226,"Oh, goodness, I'm so incredibly sorry to have to report this. It's… it's a bit embarrassing, really. On May 9th, 2025, in New Robertbury, I was driving my car when… well, it's hard to explain. There was a flash mob, of all things, and they completely blocked the road. I was trying to navigate through, and I'm so, so sorry, but I ended up bumping into another car. I feel absolutely terrible about it, and I'm just mortified that my car was involved. I really wish I'd been able to avoid it, but it all happened so quickly. I'm truly sorry for any trouble this causes.",Jennifer Aguilar,Auto,Unusual Circumstances,Vehicle was involved in a 'flash mob' event that blocked traffic and caused a collision.,Moderate,Apologetic,2025-05-09,"New Robertbury, WA"
b1d0810a-c166-426e-a201-4f56d34514dd,HO-273932787,"OH MY GOODNESS! I'm completely beside myself! It was just a bit of wind, nothing I thought would cause *this* much trouble, and then BAM! A huge branch just CRASHED down on my roof!  I heard this terrible thud and then a splintering sound! I'm so scared it's gone right through! I can't believe this is happening, right here in Tinaville!  It was so sudden and shocking, I barely had time to react! Please, you have to help me, I don't know what to do!",Judith Walters,Home,Wind Damage,A large tree branch fell onto the roof during a moderate wind event.,Major,Panicked,2024-01-29,"Tinaville, IL"
e0022ed3-0f87-4d3c-bbce-4f16381cbf16,HO-766871723,"Oh, goodness, I'm so incredibly sorry to have to report this.  It's honestly quite embarrassing.  It seems my porch… well, it detached.  I know, I know, it sounds awful.  Apparently, there was some dry rot in the support beams that I just… I had no idea it was there, truly.  It wasn't visible at all from the outside, and I feel absolutely terrible that this happened.  I really should have been more diligent, I suppose, and I'm so regretful for any inconvenience this causes.  This happened on September 3rd, 2025, here at my home in Port Ross, IA. I'm just mortified.",Christopher Arellano,Home,Structural Failure,"Porch detached due to dry rot in the support beams, not previously visible.",Moderate,Apologetic,2025-09-03,"Port Ross, IA"
e108f474-44d0-4303-a0ad-2cc930ba3621,HO-603529792,"Okay, so... um... I'm not entirely sure how this works, but something happened.  It was yesterday, I think, the 18th?  Over here in New Shawn.  My neighbor's dog, I guess?  It's a... a big one, with floppy ears.  Anyway, it managed to dig under our fence, you know, the one that separates our yards.  And then... well, it got into my flower bed.  My prize-winning petunias, I think they're called?  It just... dug them all up.  Like, completely ripped them out of the ground.  I don't know if that's like, a 'third-party' thing?  Because it wasn't my dog, it was theirs.  And they dug under the fence, so it's like... their fault?  I'm really not sure about all the wording.  It's just... a mess.  My flowers are all gone.  I'm so confused about what to do.",Sheryl Johnson,Home,Third-Party Negligence,A pet from a neighboring property dug under the fence.,Moderate,Confused,2025-09-18,"New Shawn, SC"
07c4c754-bfed-4499-b517-262bc0538f0f,AU-467000820,"On November 6, 2024, the insured vehicle, located in West Jennifer, MA, sustained damage attributed to external factors. Specifically, extreme temperature fluctuations resulted in material warping and cracking of vehicle components. This incident is categorized as a non-collision event.",Joyce Williams,Auto,External Factors (Non-Collision),Vehicle was damaged by extreme temperature fluctuations causing materials to warp or crack.,Moderate,Formal,2024-11-06,"West Jennifer, MA"
acd76310-1986-42c4-be6f-1c41da8943db,AU-037765575,"On January 2, 2024, at approximately 10:15 AM, the insured vehicle sustained damage while operating under a bridge structure in Scottmouth, Florida.  The damage was a result of falling ice from the overpass, impacting the vehicle's exterior.  No collision with another vehicle or object occurred.  The incident was attributed to external environmental factors.",Jessica Murphy,Auto,External Factors (Non-Collision),Vehicle was damaged by falling ice from a bridge or overpass.,Moderate,Formal,2024-01-02,"Scottmouth, FL"
af6b8592-0c17-4109-937f-127cf94f66fe,HO-645965327,"On December 11, 2024, a structural failure occurred at the insured property located in Smithland, NC. The detachment of the porch was attributed to dry rot within the support beams. This condition was not apparent prior to the incident. The damage is categorized under Home, specifically related to structural elements.",Ronald Cox,Home,Structural Failure,"Porch detached due to dry rot in the support beams, not previously visible.",Moderate,Formal,2024-12-11,"Smithland, NC"
c94f75aa-5246-4987-a848-6228f07200a4,HO-948501765,"Oh dear, I'm so incredibly sorry to have to report this.  It was entirely my fault, a moment of sheer carelessness.  Yesterday, on May 23rd, 2024, I was backing my car out of the garage here in Veronicastad, and well, I just wasn't paying close enough attention.  I accidentally backed right into the garage door. It's jammed shut now and I'm just mortified. I truly don't know how I managed to do something so silly.  I feel absolutely terrible about the damage.",Christopher Rivera,Home,Accidental Damage,"Homeowner accidentally backed their car into the garage door, causing it to jam.",Moderate,Apologetic,2024-05-23,"Veronicastad, AK"
438f7ea7-1c6b-48bb-8ca3-77972cc8cff3,AU-376666975,"On September 6, 2025, at approximately 14:30 CDT, while operating my vehicle in Murraybury, TN, an incident occurred resulting in damage to the vehicle's fenders and body. The damage is attributed to the rubbing contact between non-standard, oversized tires and the aforementioned body components. This contact resulted in visible abrasion and deformation of the fender liners and exterior body panels.",Kristen Mathis,Auto,Modification/Customization Related,"Large, non-standard tires rubbed against the fenders and body, causing damage.",Moderate,Formal,2025-09-06,"Murraybury, TN"
b9056af0-d1cc-43ce-9ddc-6459fca056db,HO-593771036,"Oh my god, I can't believe this is happening! I just… I found it! There was smoke, so much smoke, coming from the garage! I think… I think the oily rags I left out spontaneously combusted! It’s a miracle I saw it when I did, but the damage… it looks awful!  I don't even know where to start!  This is terrifying!  Please, you have to help me!",Matthew Price,Home,Fire Damage,Spontaneous combustion of oily rags left in the garage.,Major,Panicked,2025-02-21,"Lake Latoyaside, OH"
2e623f98-7a71-4a00-bb30-a8e963556b5c,AU-981010194,"Okay, so, it was Tuesday, the 16th of April, I think? We were driving near Lake Coltontown, and honestly, I'm still kind of… shaken.  There was this *thing*... I don't even know how to describe it. It was just... so bright and unusual in the sky.  I guess I looked up, and then suddenly, the car wasn't where it should be.  The other driver, well, they were looking too, I think. And then... *bang*.  My car's front end is all… crumpled.  I'm not really sure what happened, but it feels like a lot of damage, you know?  I don't know if it can be fixed.  I don't even know what 'comprehensive' means, but this wasn't like a normal accident.  It was just… weird.",Tanya Hamilton,Auto,Driver Error / Behavior (Unusual),"Driver was distracted by a rare event outside the vehicle (e.g., UFO sighting, flash mob).",Moderate,Confused,2024-04-16,"Lake Coltontown, DC"
0da74d72-0312-4892-9fa8-b824533ed61b,HO-972701347,"OH MY GOODNESS!  I just discovered a disaster in my kitchen!  My refrigerator's ice maker line must have just burst or something, because there's water EVERYWHERE!  It's all over the floor, and I'm terrified it's seeped under the cabinets and into the subfloor!  I don't even know how long it's been leaking!  I'm so panicked right now, I can barely think!  This is going to be a nightmare to fix, I just know it!",Jennifer Sanchez,Home,Mechanical Failure,"Refrigerator ice maker line leaked, damaging the flooring.",Moderate,Panicked,2024-05-12,"South Caitlinshire, MT"
2c15ea83-6a25-4345-b027-6f02f4abe668,HO-328721395,Debris. Neighbor's property. Fell on roof. Damaged. 2024-06-25. West Thomas.,James Hayes,Home,Third-Party Negligence,Construction debris from an adjacent property fell onto the roof.,Moderate,Minimalist,2024-06-25,"West Thomas, UT"
69807cc0-82e8-45f7-bcbc-94eaf0687e44,AU-431723093,Hit alligator. Swerved. Crashed.,Erik Johnson,Auto,Animal Collision,"Alligator crossed a rural road, causing the driver to swerve to avoid it and crash.",Moderate,Minimalist,2024-04-10,"New Juanstad, DE"
57892ef4-a9cd-4f4d-afa3-d33845ee712b,AU-920880660,"Oh dear, I'm so incredibly sorry to have to report this. It's... well, it's quite embarrassing, really. I was just driving along the main road in West Penny on October 13th, 2025, minding my own business, when something truly bizarre happened.  I honestly don't even know how to explain it without sounding completely mad.  There was this... this ball of lightning, I suppose?  It just appeared out of nowhere and seemed to sort of... hover near my car for a second before it hit. I know it sounds unbelievable, and I'm terribly sorry if this sounds like a made-up story.  My car sustained some damage, and I feel awful about the whole thing. I should have been more careful, though I'm not sure what I could have done to avoid... whatever that was.  I'm just so, so sorry for the trouble this is causing.",Alexandra Hart,Auto,Unusual Circumstances,"Vehicle was damaged by a rare atmospheric phenomenon (e.g., ball lightning).",Moderate,Apologetic,2025-10-13,"West Penny, NJ"
407879f0-7d56-422d-8f2d-2ba4ef66b641,HO-047062439,"OH MY GOODNESS! I can't believe what just happened! I was just here in Lucaschester on March 13th, 2024, and a HUGE gust of wind came out of nowhere! It wasn't even a full storm, just a terrible, terrifying gust!  And then I heard this awful CRUNCHING noise from the garage!  The whole garage door frame is BUCKLED! It's completely warped and looks like it's about to fall off!  I'm so scared!  How is this even possible?!  It's a structural failure!  It's a disaster!",Maria Walker,Home,Structural Failure,"Garage door frame buckled after a strong gust of wind, not a direct storm impact.",Major,Panicked,2024-03-13,"Lucaschester, AL"
cf039eab-0b5b-4254-aa0c-270201684ada,AU-438848697,"Oh, gosh, I'm so terribly sorry to have to report this. I feel awful about it, truly. It was on Friday, September 13th, out near South Wendy, PW.  I was driving along, and suddenly, out of nowhere, this... this wild boar just burst out from under a fence! I honestly didn't even see it coming.  I swerved to avoid hitting it, and I'm so, so sorry, but I ended up hitting a tree.  It was entirely my fault for swerving, I know, but I was just so startled and panicked.  I really regret that it happened, and I hope the damage isn't too bad.  I'm just so embarrassed and sorry to bother you with this.",Michelle Jacobs,Auto,Animal Collision,Wild boar burrowed under a fence and caused the car to swerve and hit a tree.,Moderate,Apologetic,2024-09-13,"South Wendy, PW"
d8bdef40-9fb7-41b3-b1b2-607bf62746cf,HO-647879225,"On February 20, 2025, a mechanical failure occurred within the water heater located at the insured property in New John, TN. The thermostat component of the water heater malfunctioned, leading to an uncontrolled increase in internal temperature. This overheating event resulted in damage to the water heater unit itself and potentially surrounding materials.",Bryan Daugherty,Home,Mechanical Failure,"Water heater thermostat failed, causing overheating and damage.",Moderate,Formal,2025-02-20,"New John, TN"
db0a799e-6a50-4334-8dae-8c1439db8542,HO-908008991,"I'm not really sure what happened, but my hot water heater just stopped working right. It got really, really hot, like... scalding, and then it just went out.  There was a smell, too, kind of like burning plastic?  And now there's water everywhere.  I don't know if it's broken for good or what.  Something about a thermostat, I think?  It's all very confusing.",Lisa Ramos,Home,Mechanical Failure,"Water heater thermostat failed, causing overheating and damage.",Moderate,Confused,2024-06-07,"Keithport, AR"
c8fc6045-18ae-4b7a-b9df-47dc787f12f7,HO-085044614,"ARE YOU KIDDING ME?! On March 3rd, 2024, my refrigerator decided to turn my kitchen into a swimming pool! The water line started leaking, and now my beautiful kitchen cabinets are warped and peeling, and the floor is ruined.  This is an absolute nightmare! I can't even use my kitchen properly.  This wasn't some little drip; this was a full-blown flood.  I expect this to be sorted out IMMEDIATELY.  I'm not living with mold and water damage for any longer than I absolutely have to. Get this fixed, and get it fixed NOW!",Rhonda Ayers,Home,Water Damage,Leaking refrigerator water line caused extensive damage to kitchen cabinets and flooring.,Major,Frustrated,2024-03-03,"South Melissaview, WV"
d30ba402-3032-40b0-ae58-a583b8ef8e53,AU-205214842,"On May 24, 2024, at approximately 14:30 EST, while operating my vehicle in the vicinity of Lake Ryan, NJ, an incident of sudden, unintended acceleration occurred. The vehicle's propulsion system engaged at an elevated throttle position without any input from the driver. This malfunction resulted in a loss of control and subsequent damage to the vehicle.",Lucas Jimenez,Auto,Vehicle Malfunction (Internal),Sudden acceleration without driver input.,Major,Formal,2024-05-24,"Lake Ryan, NJ"
80bc99bb-ef35-4535-9feb-e3d7bdfcb9b4,AU-369239309,"OH MY GOSH! I can't believe this just happened! I was driving yesterday, May 8th, 2025, on the road near New Sarah, Florida, and all of a sudden there was this HUGE BANG! My tire just EXPLODED! I swerved, I thought I was going to crash!  It turns out, there was a RATTLESNAKE ON THE ROAD, and I hit it, and it BLEW OUT MY TIRE! I'm still shaking! I've never been so scared in my life! The tire is completely ruined!  What am I going to do?!",Jason Kennedy,Auto,Animal Collision,Rattlesnake hidden on the road surface caused a tire blowout.,Moderate,Panicked,2025-05-08,"New Sarah, FL"
54b082c7-18dc-4a1d-9301-ff94de984c27,HO-174219471,"Oh my gosh, I'm so, so sorry, but something TERRIBLE happened! My son was playing with his toy rocket launcher, and it just... it just *fired*! And then there was a little flame, and it singed the siding on our house! It's a small spot, thank goodness, but it's right there and I'm freaking out! I don't know what to do! It happened just now, October 30th, 2025, right here in East Aaronbury! Please, can someone help me?! I'm so scared it's worse than I think!",Michael Escobar,Home,Accidental Damage,"A child's toy rocket launcher accidentally ignited, causing minor fire damage to the siding.",Minor,Panicked,2025-10-30,"East Aaronbury, IN"
852f9f7f-b7f0-449c-915a-9d761602dcee,AU-066305874,"Garage fire. Defective battery charger.  Car damaged. February 27, 2025. West Diana, MN.",Shari Bennett,Auto,Product Defect (Specific),Defective battery charger caused a fire in the garage.,Major,Minimalist,2025-02-27,"West Diana, MN"
e8f04317-c924-4535-9571-e96c8cad96bf,AU-132930225,"Car hit. My fault. Saw something. Strange light. Outside. Distracted. Hit pole. New Martin, NY. 2025-06-19.",Patrick Rogers,Auto,Driver Error / Behavior (Unusual),"Driver was distracted by a rare event outside the vehicle (e.g., UFO sighting, flash mob).",Moderate,Minimalist,2025-06-19,"New Martin, NY"
abb896bf-f19b-464d-af34-ac5b5e190afe,HO-774601616,Foundation cracked. Undetected sinkhole. Structural failure. Home damaged.,Lisa Miller,Home,Structural Failure,Foundation cracked due to an undetected sinkhole forming beneath the property.,Major,Minimalist,2024-05-24,"Parkerside, OH"
d9926eb2-3752-4575-80ec-b554ed59a044,HO-631630897,"OH MY GOD! It was an electrical fire!  My fuse box just… EXPLODED!  Sparks, smoke everywhere!  I think it was the old fuse box, it's ancient!  It just… failed!  I'm so scared, I don't even know what to do!  It happened so fast!  There was this awful smell and then BAM!  Flames!  I managed to get it out quickly, but the smell is still here, and I'm shaking!",Shawn Hoffman,Home,Electrical Issues,"An outdated fuse box failed, causing a small electrical fire.",Moderate,Panicked,2025-05-28,"Rogersmouth, OH"
cd6f2c97-95f9-4087-b2a7-f8bceb835c23,AU-719733697,"Oh my god, I'm still shaking! It was terrifying! I was driving yesterday, October 17th, 2024, on Hollandview Road in Hollandview, NY, and BAM! Suddenly, there was this horrifying THUMP and my whole car lurched!  I swear I saw something slither away, a rattle snake, right there on the road! It must have been hidden and I ran right over it, and it blew out my tire!  It was so sudden, I thought I was going to crash!  The tire is completely ruined, just shredded!  I'm so lucky I didn't lose control!",Benjamin Allen,Auto,Animal Collision,Rattlesnake hidden on the road surface caused a tire blowout.,Moderate,Panicked,2024-10-17,"Hollandview, NY"
48d05996-5051-412d-9902-d1cae07b14ce,HO-880915109,"This is an absolute nightmare! My shed was broken into and my lawnmower, along with a bunch of other tools I use to keep this place looking decent, were STOLEN. Unlocked shed, I know, I know, but that doesn't give some lowlife the right to just waltz in and take my property!  Now I have a patchy lawn and no way to fix it. This is beyond inconvenient, it's infuriating! I expect this to be handled with some urgency. Get this sorted out, NOW!",Alexandria Rogers,Home,Theft,Lawnmower and other tools were stolen from the unlocked shed.,Moderate,Frustrated,2024-01-26,"Chelseaburgh, MA"
a5abe5e3-27e2-4cf1-bf5f-c9eb432e0c04,HO-936416989,"Basement ceiling. Water damage. Sprinkler leak. November 11, 2025. Hebertmouth, MO.",Andrea Peterson,Home,Water Damage,Leaking sprinkler system caused water damage to the basement ceiling.,Moderate,Minimalist,2025-11-11,"Hebertmouth, MO"
a9647ad2-0047-4afc-b6c3-203c8f9eaeca,HO-902727098,"Are you KIDDING ME?! On December 5th, some mangy stray from my neighbor's place decided to wreck my property here in Wattsport!  It's not my fault some irresponsible pet owner can't keep their animals contained.  Now I've got damage to deal with and it's a complete nightmare.  This is beyond inconvenient, it's downright infuriating.  I expect this to be sorted out ASAP, I'm not paying for some stray's destruction!",Timothy Miller,Home,Third-Party Negligence,A stray animal from a neighbor's property caused damage.,Moderate,Frustrated,2024-12-05,"Wattsport, IN"
62923d1a-5a0c-413b-80a0-772d603daec7,AU-385794068,"Oh dear, I'm so incredibly sorry to have to report this.  It's all my fault, and I'm just mortified about what happened.  On May 26th, 2024, while driving in South Tamaraton, I experienced a rather sudden and unexpected medical event.  I'm still not entirely sure what happened, but it was like I just… lost control for a moment.  I'm so, so sorry if I caused any damage or inconvenience to anyone else.  I feel absolutely dreadful about it.  There was definitely some damage to my vehicle, and I'm just hoping everyone involved is okay.  I can't apologize enough for this.",Jill Gonzalez,Auto,Driver Error / Behavior (Unusual),"Driver experienced a medical emergency (e.g., stroke, seizure) while driving.",Moderate,Apologetic,2024-05-26,"South Tamaraton, RI"
a0259b27-d1c7-405e-a36e-2345bd265939,AU-223413905,"On April 28, 2024, at approximately 14:30 hours, the undersigned, Joseph Johnson, was operating a 2018 Honda Accord, VIN [Please insert VIN here], northbound on Elm Street near Lake Victor, IL.  A sudden and severe flash flood event occurred, resulting in rapid water accumulation on the roadway.  The vehicle stalled due to water ingress into the engine. Subsequently, the vehicle was swept downstream by the floodwaters.  The vehicle sustained significant damage as a direct result of this environmental hazard.",Joseph Johnson,Auto,Environmental Hazard,Flash flood caused the vehicle to stall and be swept downstream.,Total Loss,Formal,2024-04-28,"Lake Victor, IL"
d6e89458-ac53-4d8e-9b37-fa68c566d124,HO-058551380,"Ice maker line. Leaked. Damaged floor. February 10, 2025. Bryanstad.",William Tanner,Home,Mechanical Failure,"Refrigerator ice maker line leaked, damaging the flooring.",Moderate,Minimalist,2025-02-10,"Bryanstad, AK"
bebbf35d-09a1-4139-8f51-7f8633e4286f,AU-788931098,"Oh my gosh, I'm still shaking! It was Tuesday, September 9th, 2025, on my way home in Jonesport, MS. My car just started sputtering and shaking like crazy! The engine was making this awful noise, and I swear it felt like it was going to die right there on the road! I was so scared, I could barely keep it on the pavement! I think it was the spark plugs, they were so worn out, and it was making me swerve a little because I was so distracted trying to keep the car from misfiring! I was terrified I was going to cause an accident! It was such a sudden and frightening thing to happen!",Dr. Laura Hansen,Auto,Maintenance Related (Neglect),"Worn spark plugs caused misfires and increased fuel consumption, leading to driver distraction.",Moderate,Panicked,2025-09-09,"Jonesport, MS"
48d6b408-4dbc-4a34-83e4-00d9b0d32b58,AU-435620038,"Are you kidding me?! This is absolutely ridiculous! My specialized equipment, which is ESSENTIAL for my work, was STOLEN from my vehicle! And not only that, but they completely SMASHED the locks and RUINED the interior to get in. This happened on November 12th, 2024, in Antoniostad, CO, and I've been dealing with this NIGHTMARE ever since. I CANNOT afford to have my livelihood taken from me like this. I need this resolved YESTERDAY. I demand a swift and efficient resolution, I don't have time for this bureaucratic nonsense when my entire business is on hold!",Laura Miles,Auto,Security/Theft Related,"Theft of specialized equipment from inside the vehicle, causing lock and interior damage.",Major,Frustrated,2024-11-12,"Antoniostad, CO"
750b80af-8964-4a67-b5dc-58550964d5a1,HO-434276353,"Neighbor's landscaping runoff. Water damage. March 25, 2024. Gutierrezhaven.",Sara Cohen,Home,Third-Party Negligence,Runoff from a neighboring property's landscaping project caused water damage.,Moderate,Minimalist,2024-03-25,"Gutierrezhaven, MD"
9ffada50-cefe-430d-a4c2-2530d7e12d12,AU-823563524,"Oh my gosh, I'm still shaking! It was so sudden! I was just driving on the road in Ericksonfort on November 29th, 2025, minding my own business, and then BAM! The stereo just EXPLODED with this unbelievably loud noise, like a gunshot right next to my head! I swear I thought something had broken, or someone was shooting at me! I yelped and instinctively swerved, and honestly, I don't even know how I managed to keep control of the car! It was terrifying! My heart is still pounding out of my chest! The car is fine, thankfully, but I'm completely freaked out!",Dominique Anderson,Auto,Driver Error / Behavior (Unusual),Driver was startled by a loud noise from the car's stereo system.,Minor,Panicked,2025-11-29,"Ericksonfort, WY"
4a06e3df-6e73-4253-87dc-51ca9bb69f04,AU-972780805,"I don't even know where to start.  My car... it was just parked, minding its own business, outside the shops in Port Dale. It was December 27th, I think.  And then... well, this building, the old one, they were tearing it down.  And a big chunk, like a giant piece of concrete or something, just... fell.  Right onto my car.  It made such a terrible noise.  There's a huge dent, and the windshield looks all cracked.  I'm not sure what parts got hit, honestly.  It's a mess.  I've never had to do this insurance thing before, and I'm just so confused about what happened and what I need to tell you.",Anna Mosley,Auto,External Factors (Non-Collision),Vehicle was damaged by falling debris from a building demolition.,Moderate,Confused,2023-12-27,"Port Dale, CT"
b4f65eb7-8a06-4789-bafb-39ba4e23a1b0,AU-449941680,"Are you KIDDING ME?!  I'm filing a claim because some STUPID COW decided to go for a joyride on the highway near Lake Davidstad on February 15, 2024, and caused a REAR-END COLLISION!  My car is wrecked!  This is an absolute DISASTER, and the fact that I have to deal with this is INFURIATING.  This is NOT my fault, and I want this resolved YESTERDAY.  I've already had to deal with tow trucks, police reports, and now this insurance nonsense.  Just fix my car and deal with the farmer who can't keep his livestock contained!",Kimberly Heath,Auto,Animal Collision,"Cow escaped from a pasture and walked onto the highway, causing a rear-end collision.",Major,Frustrated,2024-02-15,"Lake Davidstad, SC"
1876ae13-38f7-4933-82d4-0ff8b0ed8216,AU-445855556,"ARE YOU KIDDING ME?! My car, a *customized* beauty, got dinged by something that wouldn't even scratch a regular bumper. This wasn't some fender-bender, it was a *light tap*! And now my custom body kit is FUBAR. I've got a show coming up and this is an absolute DISASTER.  I paid good money for these modifications, and clearly, they're not worth the paper they're printed on if they can't handle a little bump. I want this fixed YESTERDAY.  Don't give me the runaround, I expect a swift and complete resolution. This inconvenience is UNACCEPTABLE!",William Harris,Auto,Modification/Customization Related,Custom body kit was damaged by a minor impact that a standard vehicle would have withstood.,Moderate,Frustrated,2024-09-19,"North Ryan, IL"
5318fb0b-e26f-4c65-bebf-731a367adeb2,AU-937160492,"This is an absolute JOKE!  On May 5th, driving through South Williambury, my custom exhaust system just DETACHED from my car!  Detached!  Are you kidding me?  Now my car sounds like a damn lawnmower and I can't even drive it without drawing every ounce of attention in the worst possible way.  This isn't some cheap bolt-on, this was a custom job!  The inconvenience is UNACCEPTABLE.  I expect this to be handled IMMEDIATELY.  I'm not paying for a new exhaust because your shoddy work or whatever happened decided to fall off my vehicle.  Fix this NOW!",William Vargas,Auto,Modification/Customization Related,Custom exhaust system detached from the vehicle while driving.,Major,Frustrated,2024-05-05,"South Williambury, RI"
c33aee81-0e99-4437-809b-659a3e7bd30d,AU-402482124,"On 2025-07-21, at approximately 14:30 hours, the insured vehicle, a 2022 Honda Civic, bearing license plate ABC-123, sustained damage while parked at the location of Lake Heatherchester, GU. The damage was a direct result of falling debris originating from a nearby building demolition site.  Photographic evidence of the damage is available for review. The vehicle was not in motion at the time of the incident, and no other parties were involved.",Amy Kent,Auto,External Factors (Non-Collision),Vehicle was damaged by falling debris from a building demolition.,Moderate,Formal,2025-07-21,"Lake Heatherchester, GU"
59ca9c35-c1f5-412c-ae18-f9123a155989,AU-112120029,"So, um, I was just, you know, at home on August 15th, in East Briana, Arkansas. And this… this storm. It was crazy! The hail, it was like… grapefruit size? I've never seen anything like it. And it just… it hit my car. All over. There are just… dents. Everywhere. I don't even know what to call it, really. It just… it made a mess of the whole thing. I'm not sure what to do, honestly. My poor car.",Mercedes Miller,Auto,Environmental Hazard,Hailstorm with unusually large hail (grapefruit size) caused significant denting.,Major,Confused,2024-08-15,"East Briana, AR"
1fa50258-6ef4-4c1a-b54b-1585c8c9b3c7,AU-876003871,"OH MY GOSH! I can't believe this happened! I was driving on the freeway near Harrisshire, TX on August 16, 2025, just minding my own business, and then BAM! A GIANT, DISCARDED MATTRESS was just sitting there in the middle of the road! I had to swerve SO hard to avoid hitting it directly, and then I crashed! It was terrifying! The shock is still hitting me! I'm so shaken up, I can barely think straight!  My car is... I don't even know! It was so sudden and unexpected, I thought I was going to get seriously hurt!",Mark Kim,Auto,Object in Roadway,Discarded mattress on the freeway caused a sudden swerving maneuver and collision.,Major,Panicked,2025-08-16,"Harrisshire, TX"
e0f13891-c52d-40c2-b320-2f7d13b3ac39,AU-382595468,"On April 26, 2024, while the insured vehicle was stationary at my residence in Steinland, KY, it sustained damage from an external projectile. The nature of the projectile is believed to be a stray object originating from a nearby event. The damage is consistent with an impact from a small, dense object. A visual inspection indicates damage to the exterior body panels and potential compromise to the clear coat and paint finish. Further assessment by a qualified technician is recommended to ascertain the full extent of the damage and necessary repairs.",Michael Harrington,Auto,External Factors (Non-Collision),"Vehicle was damaged by a stray projectile (e.g., from a sporting event, fireworks).",Minor,Formal,2024-04-26,"Steinland, KY"
289df9c8-78f7-4638-aa76-988df6646f65,HO-782777827,"Oh, hello. Yes, it's about my house. Something happened... some people, I think, they just... they broke my fences. Deliberately, the police said.  It was on the 19th of October, I think, 2025.  It was at my place, in East Joshua.  I'm not really sure what to call it, but the wood is all splintered and some of it's just... gone.  I don't really understand all this paperwork, it's all very confusing.  I just want it fixed, you know?  I don't know what 'claim' means exactly, but my fences are all messed up.",Katherine Burke,Home,Vandalism,Fences were deliberately broken.,Moderate,Confused,2025-10-19,"East Joshua, VT"
9634072b-46d3-4e6b-b601-873a313901ef,AU-382033767,"I am absolutely furious! On May 9th, 2025, while driving on the highway near New Carolville, TX, my tire just decided to EXPLODE! The tread completely separated at highway speeds! Can you believe this? I was lucky I didn't crash and kill myself or someone else. This is beyond unacceptable. This faulty tire nearly caused a catastrophic accident. Now my car is undrivable, I'm stuck with a tow bill, and I'm going to be late for work AGAIN because of this defective garbage. I demand this be handled IMMEDIATELY. I don't want to jump through hoops; I want this resolved NOW and my vehicle repaired or replaced without further delay. This is a serious safety hazard, and you people better take it seriously!",Sandra Johnson,Auto,Product Defect (Specific),Faulty tire tread separation at highway speeds.,Major,Frustrated,2025-05-09,"New Carolville, TX"
9a92b8b4-3bc0-438d-abc9-67da230e3b4f,AU-160477019,"Oh, um, so, I was driving, you know, on that highway near Torresburgh, I think it was December 22nd. It was raining, not like a storm, just, you know, wet. And my car, it just… it kind of slipped. Like it didn't have any grip.  I tried to steer, but it just went where it wanted. I'm not really sure what happened.  The tires, I guess?  They looked a little… bald?  I don't really know cars.  And then, well, I ended up hitting a ditch.  It wasn't… it wasn't a huge crash, but it's definitely not driving right now.  The front end is all… bent, I think.  And the wheels… they look funny.",Brian Bean,Auto,Maintenance Related (Neglect),Worn tires led to hydroplaning and loss of control in moderate rain.,Major,Confused,2024-12-22,"Torresburgh, NE"
b1dc4bc5-45df-40d5-afdd-94067cecbe14,HO-939123787,"Oh, I am so incredibly sorry to even have to report this, but I'm afraid there's been a bit of an... animal situation.  We had some raccoons, I think, who decided our attic would be a nice place to make a home, and in the process, they've really messed up the insulation.  I feel absolutely terrible that this happened, and I'm so embarrassed. I don't know how they got in, and I'm so sorry for any inconvenience this causes.  It was completely unintentional, of course, but I take full responsibility for not having secured the attic better, I suppose. I'm just mortified.",Cindy French,Home,Animal Damage,Raccoons damaged the attic insulation while seeking shelter.,Moderate,Apologetic,2025-03-17,"Kellyville, ND"
203043ea-8921-4b44-b56d-efdcad265b75,AU-743427060,"Um, so, I was just driving my car, you know, on March 2nd, I think it was, in Rachelville. And, well, my car, it just… got stuck.  I don't really know how to explain it, but I think it was something to do with the… the bits underneath?  My husband, he had some… customizations done to it, I think?  And it just kind of scraped on a speed bump and then… wouldn't move.  It was really embarrassing, and I don't know what happened, honestly.  It just made a terrible noise and then… stuck. I'm not sure if it's broken or just… wedged.  I've never had anything like this happen before.  I'm really confused about what to do.",Cynthia Morris,Auto,Modification/Customization Related,Undercarriage modifications caused the vehicle to get stuck on a speed bump.,Moderate,Confused,2024-03-02,"Rachelville, TX"
e2f32038-444f-4132-aba1-42a8dfc19ce8,HO-402136029,"Uh, hi. So, I need to report... something happened. On Sunday, the 18th, here in North Sergioton.  My... well, it's my appliance. I think the wiring inside it was, like, messed up? Because there was a little flame.  Not a big one, thankfully, but it was definitely a fire. It happened in my home.  I'm not really sure how to explain it.  It just sort of... started.  I don't know what else to say.  It was an appliance, and it caught fire.  I hope that's what you need.",Steven Chavez,Home,Product Defect,Defective appliance wiring caused a small fire.,Minor,Confused,2024-02-18,"North Sergioton, SD"
2d4c2d80-33b9-4f61-8479-6693a5abe4c2,HO-366870240,"Oh my gosh, I can't believe this is happening! The paint on my entire living room just started PEELING OFF! It's like a nightmare! I bought this paint at the hardware store just a few months ago, and now it's a total disaster!  Little bits are flaking off everywhere, and it's making my walls look so awful! I don't know what to do! This is a complete mess and I'm so scared it's going to spread to other rooms!",Keith Heath,Home,Product Defect,"Substandard paint product failed prematurely, causing peeling and damage.",Moderate,Panicked,2025-02-10,"Larsonstad, HI"
0d5c1e5d-1d8e-4d0c-b538-03520addb55d,AU-643598069,"Okay, so, um, I was driving my truck, you know, the one with the big tires... I think that's what they call it? Anyway, something happened after they put that lift kit on it. It's like, supposed to make it look cooler or something? But then, I was just going down the road in Rossshire, I think it was Tuesday, May 27th, 2025, and the truck just... it went over. Like, completely flipped. I don't really know how. I guess the thing they put on, the lift kit, wasn't put on right? I'm not sure. It's all just really confusing.",Jennifer Adams,Auto,Modification/Customization Related,Improperly installed lift kit caused the vehicle to roll over.,Total Loss,Confused,2025-05-27,"Rossshire, HI"
dd9aa669-3fae-4c0b-8411-fed9dadae5e8,AU-232978142,"Oh, goodness, I'm so incredibly sorry to have to report this. It's… well, it's honestly a bit embarrassing, and I feel absolutely terrible about it. On the 25th of April, when I was driving through Port Kristen, MN, I got caught in the most astonishing swarm of insects. I've never seen anything like it.  Unfortunately, they… well, they really did a number on my car. The paint is all scuffed and marred, and the windshield is just covered in… well, you know.  I truly wish I'd been able to avoid it, and I'm so sorry for the trouble this is causing.",Timothy Reed,Auto,External Factors (Non-Collision),"Vehicle was impacted by a swarm of insects (e.g., locusts) causing damage to paint and windshield.",Minor,Apologetic,2024-04-25,"Port Kristen, MN"
0dfed964-610a-4863-9da6-0982362ab7d9,AU-987112597,"Animal. Rattlesnake. Road. Tire blowout. 2024-10-15. Lake Timothy, IA.",Kathy Contreras,Auto,Animal Collision,Rattlesnake hidden on the road surface caused a tire blowout.,Moderate,Minimalist,2024-10-15,"Lake Timothy, IA"
b3e0f453-45d0-4db4-acfc-7e5240289f67,HO-484316919,"Unbelievable! Some lowlife decided to help themselves to my entire shed on November 23rd, 2024, right here in Port Ericahaven.  My lawnmower, all my good tools – gone! And the worst part? The shed was UNLOCKED!  Honestly, what kind of person does this?  Now I'm stuck with a bare shed and a yard that's going to look like a jungle.  This is an absolute nightmare and I expect this to be sorted out IMMEDIATELY.  The inconvenience alone is infuriating. Get this handled, pronto!",Gabriella Byrd,Home,Theft,Lawnmower and other tools were stolen from the unlocked shed.,Moderate,Frustrated,2024-11-23,"Port Ericahaven, VA"
ed0c8862-f789-42e4-b30e-c8791aa4391e,AU-969512072,"Seriously?! I'm filing this claim because some idiotic alligator decided to take a stroll across a perfectly good road in North Katiestad, KY on February 28th, 2024! I had to swerve to avoid hitting the prehistoric menace, and BAM! Now my car looks like it went through a blender. This is absolutely ridiculous! I need this fixed NOW. I have places to be and I'm not dealing with this garbage for weeks. Get your act together and make this right!",Joanne Brady,Auto,Animal Collision,"Alligator crossed a rural road, causing the driver to swerve to avoid it and crash.",Major,Frustrated,2024-02-28,"North Katiestad, KY"
3d2a5d5d-c4b8-467d-8078-1d94379c73b7,AU-390495840,"OH MY GOD! I can't even believe what happened!  I was just driving home, minding my own business on Garciafurt, NE on July 3rd, 2024, when out of NOWHERE this DRONE just FELL from the sky and SMASHED into my car!  It was like something out of a movie, but it was REAL!  It just PLUMMETED!  My windshield is shattered, the hood is CRUNCHED in, and I'm shaking so badly I can barely type this!  I've never seen anything like it!  What even IS this?!  It was a delivery drone, I think!  It just… fell!  It’s a miracle I wasn’t hurt!  Please, you have to help me, I don't know what to do!",Tracey Roberts,Auto,Unusual Circumstances,Vehicle was damaged by a rogue drone delivery that fell from the sky.,Major,Panicked,2024-07-03,"Garciafurt, NE"
98ff9c13-49b9-448d-85b4-26f8ab14e927,AU-106761353,"Animal. Boar. Fence damaged. Car swerved. Hit tree. 2024-10-14. Lake Natasha, AK.",Marie Kirby,Auto,Animal Collision,Wild boar burrowed under a fence and caused the car to swerve and hit a tree.,Moderate,Minimalist,2024-10-14,"Lake Natasha, AK"
e433b7ae-27fd-46d6-a520-6d5f8620444b,HO-660420389,"So, um, I think I need to report something. It's... well, it's a bit weird.  We live out in Lake John, you know?  Anyway, I noticed a funny smell, and then... smoke, I think?  Turns out, there were birds.  Birds!  They made a nest, like, inside the big air thingy.  The HVAC, I guess that's what it's called.  And somehow, that caused a fire?  I don't really get how birds and a nest can start a fire, but it seems like it did.  It's pretty scary.  I just want to know what happens next, I'm not really sure about all this insurance stuff.",Michael Moss,Home,Animal Damage,"Birds nested inside the HVAC unit, causing fire damage.",Major,Confused,2024-12-13,"Lake John, WA"
dcfb63b6-dad4-480a-9e69-4cb35be1e29a,AU-832137559,"I... I don't really know how to explain this.  It was March 17th, I think?  We were near Lake Micheleborough, and this other car... they were being so aggressive.  Like, really, really angry.  And then it just... it got scary.  They hit my car, and it wasn't just a little bump, it was... a lot.  I'm not sure what all is broken, honestly.  There's a big dent, and something looks bent near the front, but I don't know what any of the car parts are called.  It just doesn't seem right.  I've never had anything like this happen before, and I'm just so confused about what to do.",Michelle Williams,Auto,Unusual Circumstances,Vehicle was involved in a 'road rage' incident that escalated to extreme violence.,Major,Confused,2024-03-17,"Lake Micheleborough, HI"
030cdadd-7b5d-4b7b-8fd9-6b1226dd8337,HO-238903829,"Dust storm. June 22, 2025. Lake Cassandra, VT. Exterior paint. Windows. Damaged.",Xavier Buck,Home,Environmental,Unusual dust storm caused damage to exterior paint and windows.,Moderate,Minimalist,2025-06-22,"Lake Cassandra, VT"
1e6e408f-70a5-45b9-8087-4b57af71a00a,HO-923074781,"Sprinkler leak. Basement ceiling. Water damage. Port Patricia. May 9, 2025.",Rebecca Pope,Home,Water Damage,Leaking sprinkler system caused water damage to the basement ceiling.,Moderate,Minimalist,2025-05-09,"Port Patricia, MD"
1fe89dd3-79a9-4173-856e-4c7c58cb6de0,HO-314627115,"ARE YOU KIDDING ME?!  Woodpeckers!  Those feathered little demons have absolutely RUINED my siding!  It looks like Swiss cheese out there.  And to top it all off, now there's WATER GETTING IN!  Seriously?  I pay my premiums for *this*?  This is an absolute NIGHTMARE.  I'm in New Crystal, DC, and this happened sometime recently, probably around January 22nd, 2025.  I demand this be fixed IMMEDIATELY.  I'm not living in a leaky, bird-pecked mess.  Get your act together and sort this out NOW!",Patrick Kramer,Home,Animal Damage,"Woodpeckers drilled numerous holes in the siding, leading to water ingress.",Major,Frustrated,2025-01-22,"New Crystal, DC"
269093b6-7030-4657-863d-829f25381364,AU-501400169,"OH MY GOD! I was driving home on Lukemouth Road around 9 PM on the 15th, and it was already dark! Suddenly, BAM! My car just slammed into something! It felt like hitting a wall, but there was water everywhere! I didn't see it coming! It was a beaver dam, I think, but it had totally flooded the road! My car is making the most awful noises now, and it's completely submerged underneath! I'm so scared! What if it's ruined?! I can't even see the damage properly, it's all underwater!",Nathan Blankenship,Auto,Animal Collision,"Beaver dam overflowed, creating a submerged road hazard that damaged the undercarriage.",Major,Panicked,2024-07-15,"Lukemouth, PR"
74cd24aa-9ae4-4de9-995d-2857903b8fd2,HO-355874283,"Oh dear, I'm so incredibly sorry to have to report this.  It's just... mortifying, really.  We had a bit of an incident at our home in South Cynthiatown on the 20th of April, 2024.  It seems the staircase, well, it just... collapsed.  I feel absolutely dreadful about it.  We've been told it was due to a manufacturing defect in the material, which is just awful, and not at all because of anything we did or any wear and tear.  I'm so embarrassed that this has happened and truly regret any inconvenience this causes.",Sarah Davis,Home,Structural Failure,"Staircase collapsed due to a manufacturing defect in the material, not wear and tear.",Major,Apologetic,2024-04-20,"South Cynthiatown, PW"
58ccf7db-2dbc-40ef-a5a4-ca5e99b797a5,HO-377939405,"Decorations stolen. Front porch. Smithtown, IA. February 7, 2024.",Tiffany Lara,Home,Theft,Holiday decorations were stolen from the front porch.,Minor,Minimalist,2024-02-07,"Smithtown, IA"
cb78105c-7763-4a79-ac9b-5487d9024343,AU-634848875,"Are you KIDDING ME with this?! I'm filing a claim because some idiot in a beat-up pickup truck swerved into my lane like he was drunk! When I finally got him pulled over – which took FOREVER, by the way – he starts babbling about seeing a UFO! A UFO! Like I care about his little green men fantasies! He nearly killed us both because he was gawking at the sky! My car is banged up, I'm missing work, and I have to deal with this nonsense because some crackpot thinks he's in a sci-fi movie. This is absolutely ridiculous! Get this fixed. NOW. I don't have time for this lunacy!",Amanda Rollins,Auto,Driver Error / Behavior (Unusual),"Driver was distracted by a rare event outside the vehicle (e.g., UFO sighting, flash mob).",Moderate,Frustrated,2025-07-17,"New Kellyberg, NE"
cdbbac82-8c0d-4973-b496-2ea23e3fae0e,HO-789671117,"Fire. Smart device faulty. Overheated. Living room damaged. November 17, 2025. Lake Julieburgh, SC.",Courtney Lewis,Home,Fire Damage,A faulty smart home device overheated and caused a fire in the living room.,Moderate,Minimalist,2025-11-17,"Lake Julieburgh, SC"
91aadceb-521a-4cf0-8eab-bb52443c6590,AU-958446070,"On July 29, 2025, at approximately 14:30 Central Daylight Time, the insured vehicle, a 2023 Honda Accord bearing license plate number KST789, was involved in a vehicular collision within the municipality of Christopherfurt, Kansas. The incident occurred while the vehicle was proceeding eastbound on Main Street. Traffic was brought to an unexpected and abrupt halt due to a large gathering of individuals, identified as a 'flash mob' event, occupying the roadway. Subsequent to the cessation of forward momentum, the insured vehicle was impacted from the rear by another vehicle. The precise sequence of events leading to the rear-end collision and the actions or inactions of the other involved party are subject to ongoing investigation.",Kent Thomas,Auto,Unusual Circumstances,Vehicle was involved in a 'flash mob' event that blocked traffic and caused a collision.,Moderate,Formal,2025-07-29,"Christopherfurt, KS"
7e8fa445-2e7d-40c6-9295-dfb6cae4d875,HO-641021014,"OH MY GOSH! It was just so windy, and then there was this HUGE CRASH! A giant tree branch, I mean HUGE, just came down right on our roof! I'm so scared! I don't even know what to do! It sounded like an explosion! Is the roof okay? Is the house okay?! I can hear it creaking! Please, you have to help us!",Cheryl Swanson,Home,Wind Damage,A large tree branch fell onto the roof during a moderate wind event.,Major,Panicked,2024-11-20,"Wandaton, NV"
dd29a38d-635c-432a-af28-294390c61347,AU-546588845,"Oh dear, I'm not entirely sure how to explain this, but my car just… stopped. It was on February 20th, 2025, I think, when I was driving in Chelseaborough. Suddenly, the car just slammed on the brakes all by itself. It was really scary, and I don't know why it happened.  I think something is wrong with the… the computer thingy that keeps the car steady? It just started braking out of nowhere, and the car swerved a bit.  I'm just so confused about what happened and what to do now.  I hope this makes sense.  I don't really understand cars, you see, or all these insurance terms.",Barbara Morales,Auto,Product Defect (Specific),Malfunctioning electronic stability control system caused unexpected braking.,Moderate,Confused,2025-02-20,"Chelseaborough, WA"
952aada6-5466-47dc-b8d5-95e41e05177f,HO-117427921,"Are you KIDDING ME?! A STUPID CIGARETTE from some moron visitor set my porch ON FIRE!  Dry leaves, my foot! It's a complete mess out there, and now I have to deal with all this paperwork and the smell of smoke. This is UNBELIEVABLE!  This happened on January 11th, 2024, in Morenoland, MS, and I expect this to be resolved YESTERDAY. I didn't ask for this disaster, and I'm not waiting around for anyone to drag their feet. Fix this NOW!",Ashley Smith,Home,Fire Damage,A discarded cigarette from a visitor ignited dry leaves on the porch.,Moderate,Frustrated,2024-01-11,"Morenoland, MS"
f526b01e-1bf5-4703-97c3-c4daf3c7f058,HO-769822363,"OH MY GOD! My chimney! It just... collapsed!  It was a rumbling, a tremor, not a huge earthquake, but something shook the house SO BADLY that my beautiful brick chimney just CRUMBLED to the ground!  I was inside, and I heard this terrifying ROAR and then the dust!  It's a total mess out there, bricks everywhere! I'm so scared!  What am I going to do?!  Is the rest of the house okay?!  This is a disaster!",Robert Miller,Home,Structural Failure,Chimney collapsed due to seismic activity not strong enough for a general earthquake claim.,Major,Panicked,2024-04-23,"Erikaland, NM"
7b59e026-f64b-4e4a-b5ae-12c81cf8c08b,AU-476166262,"Oh dear, I'm so incredibly sorry to have to report this. It's all my fault, really. I was just driving along on January 26th, out near East Charles, WY, and suddenly there was this awful smell. Then, smoke started coming from the dashboard, and before I knew it, there was a small electrical fire! It seems to have originated from somewhere inside the dashboard. I'm just mortified by the whole situation and so, so sorry for any inconvenience this causes. I really hope it's not too much trouble.",Ashley Anderson,Auto,Vehicle Malfunction (Internal),Electrical fire originating from the dashboard.,Moderate,Apologetic,2024-01-26,"East Charles, WY"
00a496ad-8e2f-4ee6-b165-7d13ac8c2645,HO-195619128,"On November 30, 2024, the insured property located in New Nicholas, Rhode Island, experienced a significant roof collapse. This structural failure is attributed to an accumulation of heavy snowfall. The extent of the damage necessitates immediate assessment to determine the necessary repairs and associated costs.",Monica Cooley,Home,Environmental,Heavy snowfall caused a portion of the roof to collapse.,Major,Formal,2024-11-30,"New Nicholas, RI"
47c8e549-a641-4528-846b-1573d230d965,HO-568872463,"OH MY GOSH!  I was just cleaning my husband's rifle, trying to be so careful, and it just... it just went off!  Accidentally!  I'm so shaken up.  There's a hole in the living room wall!  Right there!  It's a mess!  I can't believe this happened!  I'm so scared and I don't know what to do!",Olivia Howard,Home,Accidental Damage,Accidental discharge of a firearm during cleaning damaged an interior wall.,Moderate,Panicked,2024-10-05,"South John, FL"
62c74e65-c138-4e97-b805-1b638b564378,HO-606553191,"Uh, hello. So, I'm trying to figure this out. I bought some paint, you know, for the house.  It was supposed to be good paint, but it's all… peeling off now.  Like, in big flakes.  It’s on the walls outside, you know, the ones that face the street in West Brandonport?  It’s just not looking right anymore, and it’s all happening so fast.  I don’t really know what to call it, but the paint is just… failing?  I bought it back in October, I think, 2025.  It’s just really confusing why it would do this. I’m not sure if this is even the right place to ask, but it’s messed up my house.",James Clark,Home,Product Defect,"Substandard paint product failed prematurely, causing peeling and damage.",Moderate,Confused,2025-10-01,"West Brandonport, NH"
42b892b7-7c15-4313-a61b-5903f1da7932,HO-929175192,"Yard decorations. Vandalism. Destroyed. April 27, 2024. South Kellyland, IL.",Kelsey Miller,Home,Vandalism,Yard decorations were destroyed.,Moderate,Minimalist,2024-04-27,"South Kellyland, IL"
4910d9fa-129e-4cc6-bf20-547b46f8d724,AU-511995907,Distracted. Driver. Spilled drink. Hit pole. 2025-09-17. Ayalamouth.,Natalie Mercado,Auto,Driver Error / Behavior (Unusual),"Driver attempted to eat or drink something that spilled unexpectedly, causing a distraction.",Moderate,Minimalist,2025-09-17,"Ayalamouth, PW"
77960cc4-539d-4cac-88b6-b6d1b9d0ffd6,AU-251100856,"This is absolutely ridiculous! I'm filing a claim because some incompetent mechanic, or whoever's job it was to actually *maintain* my car, completely neglected something as basic as a brake fluid change.  I was on a long downhill in Graystad, VA, on February 18th, 2025, and my brakes just *faded*.  FADED! Do you have any idea how terrifying that is?  I nearly went off the road because someone couldn't be bothered to do their job properly.  This isn't just some minor inconvenience; this is a serious safety issue caused by pure negligence.  I expect this to be sorted out IMMEDIATELY.  I'm not waiting around for this to be dragged out.",Charles White,Auto,Maintenance Related (Neglect),Neglected brake fluid change resulted in brake fade on a long downhill.,Major,Frustrated,2025-02-18,"Graystad, VA"
f81e9951-7d3a-4f70-8741-12bda0eca12a,AU-243650708,"On January 18, 2024, at approximately 14:30 hours, the insured vehicle experienced a sudden and complete transmission failure while operating in a traffic lane in Laurenmouth, KS. The malfunction resulted in the immediate immobility of the vehicle, necessitating towing and subsequent inspection. The failure appears to be internal to the transmission unit.",Anthony Odom,Auto,Vehicle Malfunction (Internal),"Transmission failure, causing the vehicle to become immobile in a traffic lane.",Major,Formal,2024-01-18,"Laurenmouth, KS"
d1c338df-eaed-4ce3-84e1-ebb6a55073b0,AU-743431536,Tires worn. Rain. Hydroplaned. Lost control. Car damaged.,Jonathan Carter,Auto,Maintenance Related (Neglect),Worn tires led to hydroplaning and loss of control in moderate rain.,Major,Minimalist,2024-05-28,"West Heidibury, GA"
a5bdec10-590a-4cca-817d-5d67dd98a13b,HO-124561348,"Oh, I am so incredibly sorry to have to report this. It's all my fault, really. I should have been more on top of things.  On July 6th, here at my home in Johnmouth, DC, our sprinkler system, I think it must have sprung a leak, and it just... well, it just flooded our basement ceiling.  I'm so embarrassed and regretful that this has happened. I'm truly hoping this isn't too much trouble, and I apologize profusely for any inconvenience this causes.",Diana Williams,Home,Water Damage,Leaking sprinkler system caused water damage to the basement ceiling.,Moderate,Apologetic,2024-07-06,"Johnmouth, DC"
72c239ac-f073-4047-b715-73ffec496e90,HO-878087075,"On or about June 27, 2025, raccoons accessed the attic space of the insured property located in New Charles, MN. The presence of these animals resulted in significant damage to the attic insulation.  The insulation has been compromised and displaced, necessitating removal and replacement.",Scott Perez,Home,Animal Damage,Raccoons damaged the attic insulation while seeking shelter.,Moderate,Formal,2025-06-27,"New Charles, MN"
31d4c7c6-0016-4473-a949-ed7473a2106d,AU-921198506,"On April 18, 2024, at approximately 14:30 Mountain Time, while the insured vehicle was stationary at a residence in Rileyburgh, New Mexico, it sustained damage. The damage is attributed to external factors, specifically a sonic boom originating from an aircraft. The sonic boom created a pressure wave that resulted in visible damage to the vehicle's exterior.",Haley Martinez,Auto,External Factors (Non-Collision),Vehicle was damaged by a sonic boom from an aircraft.,Moderate,Formal,2024-04-18,"Rileyburgh, NM"
d74888ed-c8d0-4ef6-93d8-ec33cb52d13f,AU-393645985,"Oh, I'm so incredibly sorry to have to report this. It's just… I feel so foolish. On the morning of April 13th, 2025, I was parked at my home in Zacharyfurt, NE, and it appears someone tried to steal the catalytic converter from my car. I really wish I'd been more vigilant, maybe I should have parked it in the garage, but I just… I didn't think it would happen to me.  The attempt, thankfully unsuccessful in stealing it, has unfortunately caused some damage to the exhaust system. I'm just so embarrassed and truly regretful that this has happened.  Please forgive me for this inconvenience.",Brian White,Auto,Security/Theft Related,Attempted theft of catalytic converter resulted in damage to exhaust system.,Moderate,Apologetic,2025-04-13,"Zacharyfurt, NE"
88a404d0-afec-40f6-bfda-54521a362ea3,AU-514006887,"Oh my gosh, I can't believe this is happening!  My car! Someone used my car to ram into the storefront at Collinsshire Plaza last night, January 18th, 2025!  I just got the call from the police, and I'm still shaking! They said it was for a robbery!  My poor car, it's completely destroyed, I think!  It's been smashed up, the front end is gone, I don't even know what to think!  It's a total mess! I'm so scared!",Kathryn Higgins,Auto,Security/Theft Related,Vehicle was used to ram a storefront for a robbery.,Total Loss,Panicked,2025-01-18,"Collinsshire, MI"
6b1847c0-7587-4d1f-a2f0-2137dfa646b3,AU-193522193,"On January 16, 2025, the insured vehicle experienced a decline in engine performance. Investigation indicates that a significantly dirty air filter likely contributed to this issue, potentially leading to further engine strain or damage.  The vehicle was located in West Randallshire, SD at the time of the reported incident.",Shannon Castillo,Auto,Maintenance Related (Neglect),Dirty air filter contributed to engine performance issues and potential damage.,Moderate,Formal,2025-01-16,"West Randallshire, SD"
6a29b494-8600-48c7-b7e4-6cb8d0ff32ea,AU-072974415,"Um, so, I think my car got, like, really sick?  It was making this weird noise, and then it started getting super hot.  I don't really know what happened, but my mechanic said something about the cooling thingy... the 'cooling system,' I guess? And it was apparently because it wasn't, like, taken care of?  'Neglect,' he called it.  And then the engine got all overheated and something broke.  A 'gasket failure'?  I just know it's not working now and it's making me really stressed. This all happened a few days ago, around the 15th of November, when I was in Robertview.",Amanda Perez,Auto,Maintenance Related (Neglect),Cooling system neglect led to engine overheating and gasket failure.,Major,Confused,2024-11-15,"Robertview, UT"
51ea513f-0b35-447d-9d6a-b086a84504aa,HO-948184936,"Outdoor furniture. Patio. Stolen. Solomonport, CO. February 6, 2025.",Katie Rice,Home,Theft,Outdoor furniture was stolen from the patio.,Moderate,Minimalist,2025-02-06,"Solomonport, CO"
a45146e9-5c34-4840-aba0-0bdcc40517fc,HO-884125151,"Oh, goodness, I'm so incredibly embarrassed to be filing this.  It's all my fault, really.  We had those unusually humid conditions here in North Jack around April 2nd, and I just… I didn't realize how bad it was getting in the attic.  I'm so, so sorry to have to report this, but the mold growth is quite widespread up there now.  I feel absolutely terrible that it's come to this, and I truly regret not being more vigilant.  Please forgive my oversight.",Tracy Powers,Home,Environmental,Unusually humid conditions led to widespread mold growth in the attic.,Moderate,Apologetic,2024-04-02,"North Jack, AL"
de97a0b8-f3e3-4707-9593-13e1769e0d4a,HO-861360824,"Oh, hello. I'm so incredibly embarrassed to be calling about this.  On August 10th, 2025, at my home in Lindsaymouth, LA, I had a rather clumsy accident.  I was trying to move a rather heavy decorative vase, and, well, I completely misjudged its weight and where I was going.  It slipped from my grasp and landed directly on my glass dining room tabletop.  It… it shattered.  Just completely shattered. I feel absolutely terrible about it, it was entirely my fault.  I'm so, so sorry for the damage.  It was just a moment of carelessness, and now I've gone and ruined a perfectly good table.  I'm truly mortified.",Laurie Mcconnell,Home,Accidental Damage,"Homeowner accidentally dropped a heavy object on a glass tabletop, shattering it.",Moderate,Apologetic,2025-08-10,"Lindsaymouth, LA"
680d18c0-b522-4baa-a326-f78dc343431e,HO-931974471,"I can't believe this! My whole holiday decorations! Gone! Stolen right off my porch! It was just last night, and now... nothing! All our beautiful lights and inflatables, just vanished! I'm so upset, I don't even know what to do! Someone actually came and took them! This is terrible!",Nicole Brown,Home,Theft,Holiday decorations were stolen from the front porch.,Moderate,Panicked,2024-07-20,"Roberthaven, KS"
1501ed51-ee7e-462f-92f4-ca3c702193a2,AU-746391462,"On April 28, 2025, at approximately 14:30 hours, while operating my vehicle on South Tracy, MP, an internal vehicle malfunction occurred. Specifically, the front passenger-side tire experienced an explosive blowout at highway speeds. This sudden failure resulted in a loss of vehicle control. The incident necessitated immediate cessation of travel and subsequent towing of the vehicle to a repair facility. Further assessment by automotive professionals is pending to ascertain the full extent of damages resulting from the tire failure and loss of control.",Kristen Morris,Auto,Vehicle Malfunction (Internal),"Explosive tire blowout at highway speeds, causing loss of control.",Major,Formal,2025-04-28,"South Tracy, MP"
e42860a0-0887-4bfa-99ce-5ecd361c55b1,HO-570445142,"On December 23, 2024, a frozen pipe located in the attic of the insured property at Port Taylorburgh, OR, experienced a rupture. This incident resulted in water damage to the dwelling. The cause of the pipe freezing is attributed to an unexpected severe cold weather event. The extent of the water intrusion and subsequent damage is currently being assessed.",Larry Collins,Home,Water Damage,A frozen pipe burst in the attic during an unexpected cold snap.,Moderate,Formal,2024-12-23,"Port Taylorburgh, OR"
4ac9a117-13e5-436e-9ee2-2104f29dbf32,AU-833719407,"Are you KIDDING ME?! I'm filing a claim because a STUPID RATTLESNAKE decided to lounge on the road near Lake Michael on October 9th and completely blew out my tire!  A SNAKE!  This is absolutely ridiculous and has caused me nothing but aggravation.  Now I'm stuck dealing with this nonsense instead of getting on with my life.  I expect this to be handled IMMEDIATELY, I'm not waiting around for this to get worse.",Samuel Santos,Auto,Animal Collision,Rattlesnake hidden on the road surface caused a tire blowout.,Moderate,Frustrated,2024-10-09,"Lake Michael, NM"
6008ab30-e718-4a73-ab52-b90d3e84fbe9,HO-340114188,"Oh my goodness, it was just awful!  The lightning hit, and I swear the whole house shook!  Then, POOF!  My entertainment center just went up in flames!  It all happened so fast, I'm still shaking.  The smoke... it was everywhere!  I just grabbed the dog and ran outside.  I don't even know what to do!  It's all ruined, completely ruined!",Isabel Steele,Home,Fire Damage,Electrical surge from a lightning strike ignited the entertainment center.,Major,Panicked,2025-01-07,"New Gregory, AR"
e264e505-f92f-4329-b1bb-e41bcd92788d,AU-798788837,"OH MY GOODNESS! I can't believe this happened! I was just driving along near Lake Brendaborough, minding my own business on June 10th, 2024, and suddenly I heard this awful SCRAPING noise! My beautiful custom tires, they've rubbed right against the fenders and the body! It's a disaster! The paint is gouged, and I'm terrified of what else might be damaged! I didn't expect this AT ALL! Please, you have to help me!",Robert Kennedy,Auto,Modification/Customization Related,"Large, non-standard tires rubbed against the fenders and body, causing damage.",Major,Panicked,2024-06-10,"Lake Brendaborough, MH"
764b2c57-e506-46a9-8362-ec70a38409a9,HO-960514689,"Vandalism. Yard decorations. Destroyed. July 28, 2024. Elizabethside, IL.",Casey Harding,Home,Vandalism,Yard decorations were destroyed.,Minor,Minimalist,2024-07-28,"Elizabethside, IL"
3accc7dc-fc33-495d-9238-7a03edfd0bec,HO-413566006,"Oh my gosh, I can't believe this! I just went down to the basement to grab something and it's all gone!  My copper pipes!  They've been stolen right out of the unoccupied basement!  I'm absolutely terrified!  Who would do this?!  It's a disaster! I don't even know what to do!",Christina Williams,Home,Theft,Copper pipes were stolen from the unoccupied basement.,Major,Panicked,2025-10-16,"West Michael, WV"
beb65951-de23-47b5-85c5-b712afc2d62c,AU-237980923,"Are you SERIOUSLY asking me to describe this?! My headlight just DIED on me!  On a pitch-black road in Jensenland, no less! I was practically driving blind!  And THEN, of course, because I couldn't see a THING, I hit something!  This is absolutely ridiculous!  My car is damaged, I'm shaken up, and it's all because your stupid car parts decided to give up the ghost at the WORST possible moment.  I need this fixed YESTERDAY.  Don't make me chase you around for this, I've already had enough aggravation for one night.  FIX IT!",Jennifer Phillips,Auto,Vehicle Malfunction (Internal),"Headlight failure during nighttime driving on a dark road, leading to a collision.",Moderate,Frustrated,2025-04-29,"Jensenland, FM"
dce1a479-0f03-43e2-b24c-ce9f6a846c36,AU-932208863,"Are you kidding me with this?!  My car, my beautiful [Car Make and Model], was STOLEN on May 18th, 2025, from North Timothy, NJ! And it wasn't just stolen; these lowlifes used it to haul some garbage, some ILLEGAL CRAP, and overloaded it to the point where it's probably falling apart!  I can't believe the nerve!  I need this sorted out NOW.  This is an absolute nightmare and I've been without my vehicle for far too long.  Fix this mess before I lose my mind completely!",Zachary Hudson,Auto,Security/Theft Related,"Vehicle was stolen and used to transport illicit goods, leading to damage from overloading.",Total Loss,Frustrated,2025-05-18,"North Timothy, NJ"
95bfc945-e77a-495d-b431-1dae0e7f704e,HO-714759399,"OH MY GOD! My house! There was a lightning strike, and it hit the entertainment center! It just EXPLODED in flames!  I'm so scared! The whole thing is just... gone! Smoke everywhere!  It happened so fast!  What am I going to do?!  It's a disaster!",Michelle Wilson,Home,Fire Damage,Electrical surge from a lightning strike ignited the entertainment center.,Major,Panicked,2025-05-09,"Port Christine, DC"
f56fe361-59e0-4982-9e36-e3e17c6e72ad,HO-101849972,"Oh my gosh, I can't believe this is happening! It's a disaster!  We had birds, BIRDS, nesting inside our HVAC unit, and somehow that caused a FIRE!  The smoke was everywhere, I thought the whole house was going up!  It's just… unbelievable.  I'm so scared, I don't know what to do!  It's all just ruined!",Mr. Richard Wright,Home,Animal Damage,"Birds nested inside the HVAC unit, causing fire damage.",Major,Panicked,2024-03-01,"Floreschester, ID"
2e1cd65a-80a2-42cd-a024-00744e3d15ef,HO-043250206,"I'm not really sure how to explain this.  We had this… a rumbling.  Not like a big earthquake, you know? Just… a wobble.  And then, well, the chimney just… sort of… fell down.  It’s not like the whole house is gone, but a big chunk of the chimney is just rubble.  I’ve never had to do this before, so I’m a bit… lost.  Is this even something you guys cover?  It just seemed to… break.  I don't know what else to say.  It happened on March 5th, 2025, here in New Sharonside.",Sandra Robinson,Home,Structural Failure,Chimney collapsed due to seismic activity not strong enough for a general earthquake claim.,Moderate,Confused,2025-03-05,"New Sharonside, LA"
77d53478-4d88-4d86-9831-2bfd72086529,HO-079219238,"I am absolutely furious!  On December 9th, 2023, some idiot construction crew next door managed to send a piece of junk flying onto MY roof!  My roof, mind you, which is now sporting a lovely new hole thanks to their incompetence.  This isn't just a scratch, this is a gaping wound!  The rain's been getting in, and I'm sick and tired of the constant dripping and the worry.  I expect this to be sorted out IMMEDIATELY.  Don't give me the runaround; I want this fixed, and I want it fixed NOW.  The sheer audacity of it all is unbelievable.  Get your act together and resolve this mess without further delay!",Michael Hoover,Home,Accidental Damage,A falling object from a construction site next door damaged the roof.,Major,Frustrated,2023-12-09,"New Jacobburgh, UT"
93e46ae5-a729-4e17-becd-dc045c6b926f,HO-780363893,"Um, hello. So, I'm calling about... well, something happened at my place in Beckberg. The basement, you see. It's been empty for a bit, you know, getting it ready. Anyway, I went down there and... it's all gone. Like, the metal bits. The pipes, I think they were copper? Someone took them. I don't really get how they even got in, or why they'd want those old pipes.  It's just... a mess down there now.  I don't know what to do, or who to tell. Is this... is this something you guys can help with? I'm not sure what to call it, really. Theft, I guess? But it feels more like... the pipes just vanished.",Trevor Dyer,Home,Theft,Copper pipes were stolen from the unoccupied basement.,Moderate,Confused,2024-12-14,"Beckberg, DE"
5ffc89a5-6eaa-4fbf-822d-53e42153b6b8,AU-998604870,"Uh, hi. So, like, there was this big... thing.  A landslide, I guess? It was a mess.  The road just… collapsed? And my car, it sort of slid into all the dirt and rocks.  I'm not really sure how it happened, it was so sudden.  It’s all… stuck.  I don't know if it's broken or what, but it's definitely not going anywhere.  This happened a couple days ago, I think, on the 23rd.  Somewhere around Port Jeremyport, Maryland.  I'm just trying to figure out what happens next.  I don't really know much about cars, or... insurance stuff. Is this even the right place to call?",Jacob Ayala,Auto,Environmental Hazard,"Landslide blocked the road, and the vehicle slid into the debris.",Major,Confused,2024-03-23,"Port Jeremyport, MD"
ef994501-a7fe-43c3-887e-aaa8640b03c3,HO-292476532,"Okay, so, um, someone... I think they just... wrote all over my house. With something sharp, I guess? It looks like scratches, all over the outside paint. It happened on December 23rd, right before Christmas, which was really lovely. I live in Erintown. I'm not really sure what to call it, it's just... messed up. I hope this makes sense, I'm not very good with this stuff.",Terri Perez,Home,Vandalism,Exterior paint was scratched and damaged.,Moderate,Confused,2023-12-23,"Erintown, PA"
ae12de48-8ba8-4bbd-ada6-d871ba8cf280,HO-252988477,"Oh my gosh, it was terrifying! The wind just ripped through here on Saturday, June 22nd, 2024!  I heard this LOUD BANG and I ran to the garage window and my garage door is just… BUCKLED! It's completely warped and won't open at all!  I can't get my car out, I can't get anything in or out! It's a total mess and I'm so scared it's going to get worse or that something else will happen!",Susan Shaw,Home,Wind Damage,"Wind caused a garage door to buckle, making it inoperable.",Major,Panicked,2024-06-22,"Kaiserland, ND"
3de14482-2b28-4059-ab67-dc47f7bbe216,HO-518711308,"On March 5, 2024, a structural failure occurred at the property located in Robinside, IA, resulting in significant damage to the foundation. Investigation has determined that the failure was caused by an undetected sinkhole that developed beneath the structure. The extent of the foundation damage necessitates a comprehensive assessment and repair.",Debra Nicholson,Home,Structural Failure,Foundation cracked due to an undetected sinkhole forming beneath the property.,Major,Formal,2024-03-05,"Robinside, IA"
ad4108cf-655f-4c28-9fe9-917caa2268bb,HO-994865891,"Wind damage. Patio furniture hit window. Window broke. Shawchester, LA. Sept 6, 2025.",David Moore,Home,Wind Damage,"Patio furniture was blown against a window, shattering it.",Minor,Minimalist,2025-09-06,"Shawchester, LA"
0a11e052-bcb9-4b37-94a7-ffb51bc2e0f3,HO-082717457,"Oh my god, this is a nightmare!  I just noticed it this morning, 2025-05-09, and I'm absolutely beside myself! The paint, the paint I bought from you, it's just… it's peeling off the walls!  All over the place!  It looks like a total disaster in my home in New Andrewfurt!  It's like the whole thing just gave up.  I don't even know what to do!  It's so bad, I can't believe this happened!",Christina Mason,Home,Product Defect,"Substandard paint product failed prematurely, causing peeling and damage.",Major,Panicked,2025-05-09,"New Andrewfurt, MN"
6afec46b-5bba-4759-9571-645a3af8551b,HO-097094849,"On July 14, 2024, a solar panel, identified as product number [Insert Product Number if known, otherwise state 'unknown'], installed at the property located at [Insert Property Address] in Shermanfort, OR, experienced a malfunction. This malfunction resulted in a localized fire event causing minor smoke and heat damage to the immediate surrounding roof area and the solar panel itself. The incident was contained and did not spread to other parts of the structure.",Kathy Turner,Home,Product Defect,Poorly manufactured solar panel malfunctioned and caused minor fire damage.,Minor,Formal,2024-07-14,"Shermanfort, OR"
b9392b67-63d9-4fa9-b720-9272fb221717,HO-293983891,"OH MY GOD! The basement is completely flooded! Raw sewage is everywhere, backing up from the municipal sewer! It happened so fast, we just saw water pouring in! We're in South Robertburgh, and it's a disaster down there! Everything is ruined! We need help NOW!",Brian Moran,Home,Water Damage,Back-up from a municipal sewer line flooded the basement with sewage.,Major,Panicked,2025-03-04,"South Robertburgh, NH"
2dfc3814-c3c3-4649-b441-c0a2511f5cc5,HO-904344504,"Um, hello? I'm calling about... well, something happened to my house.  I think it was yesterday, maybe the 7th?  It's in North Kristen.  Someone, I guess, messed with the outside of my house.  The paint... it's all scratched up and looks bad.  I don't really know how to explain it.  It's just... damaged.  I've never had to deal with this before, so I'm not sure what to call it, but the paint on the outside is definitely not good anymore.  Is this... vandalism?  I'm really confused about all of this.",Erika Brown,Home,Vandalism,Exterior paint was scratched and damaged.,Moderate,Confused,2025-05-07,"North Kristen, MO"
fccffe6c-c517-4fc3-847e-2e1089f61af0,HO-002945459,"I... I don't really know what happened. We were just walking down the stairs, my wife and I, and then... BAM! The whole thing just sort of... buckled. It's like it just gave out.  We weren't doing anything unusual, just going downstairs.  It wasn't old, you know?  I don't think it was from us being too heavy or anything.  It just... broke.  Like the wood was... I don't know, weak?  It happened at our house in Smithburgh on June 12th.  It's a mess now.  I'm not sure what to do, honestly.  I just hope someone can fix it.",Jonathan Martin,Home,Structural Failure,"Staircase collapsed due to a manufacturing defect in the material, not wear and tear.",Major,Confused,2024-06-12,"Smithburgh, GU"
77b8eb67-ea58-4e6f-8056-eb25bcf2be35,HO-593356535,"OH MY GOSH, I am so completely freaked out!  It's February 19th, 2024, and we had this INSANE cold snap here in Kennedyton, FM. I woke up this morning and there was water EVERYWHERE!  It's dripping from the ceiling, down the walls...  I think a pipe in the attic FROZE and BURST!  It's just a mess, an absolute disaster!  I'm so scared about the damage!  It's coming down in sheets in some places!  What am I going to do?!",Sharon Williams,Home,Water Damage,A frozen pipe burst in the attic during an unexpected cold snap.,Major,Panicked,2024-02-19,"Kennedyton, FM"
1cc04d19-2443-4bf2-a9b2-7d041dcac40c,AU-449008662,"Okay, so, um, I was driving my car, you know, on May 5th, I think? In Freemanchester.  It was raining, not like a downpour or anything, just... wet.  And my car, it just sort of... slid.  Like it lost grip.  I didn't hit anything hard, I don't think.  But the tires... I guess they were really bald, like, super smooth.  My neighbor told me, but I didn't really think it mattered that much.  So, the car's a bit messed up now, I guess?  I'm not really sure what happened, to be honest.  It just went sideways.  And now it won't, you know, drive right.  I just want it fixed, if that's possible.  I don't really get how this all works.",Derrick Hopkins,Auto,Maintenance Related (Neglect),Worn tires led to hydroplaning and loss of control in moderate rain.,Moderate,Confused,2025-05-05,"Freemanchester, IL"
8bb4c122-67ea-49ff-a17d-f8ec1b66c08b,AU-614311217,"This is an absolute disgrace! My car, a vehicle I rely on, has been spewing toxic fumes into the cabin because the exhaust system was clearly neglected.  I experienced this nightmare on July 18th, 2024, right here in Richmondhaven.  It's utterly infuriating to think that a simple maintenance issue, or rather, the LACK of it, has put my health at risk and made my car unusable.  The inconvenience is astronomical! I demand this be sorted out IMMEDIATELY.  I'm not waiting around for this to drag on.",Daniel Blackwell,Auto,Maintenance Related (Neglect),Leaking exhaust system caused toxic fumes to enter the cabin.,Moderate,Frustrated,2024-07-18,"Richmondhaven, GU"
111d5b09-cc95-41de-af50-af5ad0fac120,HO-209713562,"Oh, goodness, I am so incredibly sorry to have to file this.  It's really my fault, I should have been more proactive.  On December 30th, 2023, in South Richard, CA, there was some landscaping work done next door.  Unfortunately, and I'm so embarrassed about this, the runoff from their project seeped into my property and caused some water damage.  I feel absolutely terrible that this has happened, and I'm really hoping there's something that can be done.  I'm so sorry for any inconvenience.",Nathan Ramirez,Home,Third-Party Negligence,Runoff from a neighboring property's landscaping project caused water damage.,Moderate,Apologetic,2023-12-30,"South Richard, CA"
5e379a35-b5b4-4918-a00e-79256200afe6,AU-165933496,"Okay, so, um, I was driving near Lake Abigail, I think it was March 2nd? And my phone, it slipped out of my hand and went, like, under the seat. I got worried, you know, and I guess I leaned down to try and grab it while still moving? I'm not really sure what happened next, but I bumped into something. I think I just sort of nudged a signpost or something. It all happened so fast. I just know my car has a… a scratch? And maybe a dent? I'm really not good with cars, so I don't know exactly. I'm just so confused about how this is supposed to work with the insurance, I hope I'm doing this right.",Kelly Roberts,Auto,Driver Error / Behavior (Unusual),"Driver was attempting to retrieve a dropped item (e.g., phone, wallet) from the floor.",Minor,Confused,2024-03-02,"Lake Abigail, NY"
03ee346e-de00-45c2-9bc3-6d53796a9115,HO-215168782,"Oh dear, it's Joann Hansen.  So, um, something happened to my house on June 5th, 2025, in North Cristianville.  It's my chimney, you see. It sort of… fell over.  It wasn't a big earthquake, I don't think, nothing like the movies.  Just a little shake, and then *boom*… well, not a boom, more of a crumble.  I'm not really sure what to call it.  Is it… structural failure?  I don't really know what that means.  It just… broke.  The chimney. It just… isn't standing up anymore.  I'm so confused about all of this insurance stuff, I don't know what category this falls into.  Home, I guess? Because it's part of my house.",Joann Hansen,Home,Structural Failure,Chimney collapsed due to seismic activity not strong enough for a general earthquake claim.,Major,Confused,2025-06-05,"North Cristianville, NJ"
f59a5e35-a472-4079-833c-a28656713a98,AU-556988996,"Um, so, like, I was just driving, minding my own business, you know? And this other car, it was going crazy. Like, honking and flashing its lights, and then... then they got out of their car? And things got... really bad. They, uh, they hit my car. A lot. I'm not sure exactly what happened, it all happened so fast and it was just... so weird.  My car is definitely not okay.  There's a big dent and, I think, some other stuff is broken too. I don't really know much about cars, but it looked pretty messed up.  I just want to know what to do now.  This has never happened to me before.",Anthony Johnson,Auto,Unusual Circumstances,Vehicle was involved in a 'road rage' incident that escalated to extreme violence.,Major,Confused,2025-06-20,"Gonzalesstad, HI"
0fffe73e-9113-4411-a84c-fcd16e06f482,AU-604517226,"Oh dear, I'm so incredibly sorry to have to report this.  It's just… I feel so terrible about what happened on November 29th, 2025, near Ericport, OH.  I was driving along, and the road looked perfectly clear, honestly.  But then, out of nowhere, there was this patch of ice.  I… I think I reacted a bit too suddenly, and I completely lost control of the vehicle.  It was entirely my fault for not being more careful, and I'm just mortified that my actions caused this.  I'm so sorry for any trouble this causes.",Shelley Johnson,Auto,Environmental Hazard,Icy patch on an otherwise clear road caused a loss of control.,Moderate,Apologetic,2025-11-29,"Ericport, OH"
5017c4f4-a55b-4c78-b7a8-d6d4b7cb2833,AU-209475286,"I am so incredibly embarrassed and truly sorry to have to file this claim.  It seems that the lift kit that was recently installed on my truck, uh, wasn't done correctly.  On August 4th, 2024, out near Adamsmouth, IL, the improper installation caused the vehicle to, well, roll over.  I can't believe this happened and I feel absolutely terrible about the damage.  I take full responsibility for not ensuring the work was done right, and I'm just so mortified that this has resulted in such a mess.",David Rosales,Auto,Modification/Customization Related,Improperly installed lift kit caused the vehicle to roll over.,Major,Apologetic,2024-08-04,"Adamsmouth, IL"
a380f7e5-4587-4b5c-8e03-55358833c947,HO-816126649,"This is absolutely ridiculous! My front door lock, which I paid good money for, completely failed! Because of this faulty piece of junk, someone broke into my house on February 22nd, 2025, in West Kaitlinmouth, SD. They stole a bunch of my stuff! I'm so incredibly frustrated and inconvenienced. This shouldn't have happened in the first place. I expect this to be handled *immediately* and without any further hassle. I want this fixed and my stolen items accounted for NOW!",Kristin Wilcox,Home,Product Defect,Faulty door lock mechanism led to a breach and theft.,Major,Frustrated,2025-02-22,"West Kaitlinmouth, SD"
a82c2c8a-1b64-45f8-844e-c1c5836fb851,HO-201491955,Woodpeckers. Siding. Many holes. Water in.,Dana Murphy,Home,Animal Damage,"Woodpeckers drilled numerous holes in the siding, leading to water ingress.",Moderate,Minimalist,2024-08-24,"Lake Victor, RI"
2be59ce3-71e4-41e8-8316-af1922d4724c,AU-976116071,"Are you KIDDING ME?! My airbag deployed OUT OF NOWHERE while I was driving yesterday, February 19th, in West Heidifort, VT!  Just BAM!  Right in my face!  This is absolutely ridiculous.  Now my car is a wreck, I'm shaken up, and I have to deal with THIS.  I demand you people get this sorted out IMMEDIATELY.  This isn't some little scratch; this is a major safety malfunction that could have seriously hurt me.  I'm not waiting around for weeks to get this resolved.  Fix my car and deal with the damage, now!",Ryan Wilson,Auto,Vehicle Malfunction (Internal),Airbag deployed unexpectedly while driving.,Major,Frustrated,2024-02-19,"West Heidifort, VT"
65b3939f-3e14-4224-85a2-c9367a5f5072,AU-771486798,"Oh, goodness, I'm so incredibly embarrassed to even be filing this. It was entirely my fault, and I feel just awful.  I was driving through Ruiztown on Saturday, April 6th, and honestly, I think I just startled myself when I hit a small pothole.  Instead of just correcting gently, I overcompensated, and well, the car ended up hitting something else.  I'm so sorry for any damage caused, it was a moment of panic and a really silly mistake on my part.  I really regret it.",Andrew Jones,Auto,Driver Error / Behavior (Unusual),Driver overcorrected after hitting a minor pothole.,Minor,Apologetic,2024-04-06,"Ruiztown, NM"
7e5b2c12-523d-453d-980a-965450bcbc63,HO-359773454,"Are you KIDDING ME? A DEER. A literal wild animal, mind you, decided my house was a drive-thru and CRASHED THROUGH my sliding glass door! During rutting season? I don't care about their 'rutting season,' I care about the fact that I now have a gaping hole in my house where a perfectly good door used to be. It's July 31st, 2024, in New Richard, LA, and it's hot as HADES. Now I have to deal with this mess, the security risk, the potential for more wildlife to waltz in, and who knows what else. This is an absolute nightmare and a massive inconvenience. I expect this to be handled IMMEDIATELY. I'm not paying for a deer's poor decision-making skills!",Angela Parker,Home,Animal Damage,Deer crashed through a sliding glass door during rutting season.,Major,Frustrated,2024-07-31,"New Richard, LA"
6d9ef330-0b5c-43bb-a33e-eece0469b7af,AU-664621268,"Oh dear, I'm so incredibly sorry to have to report this. It's all my fault, really, and I'm just mortified.  On May 12th, 2025, in Jessicatown, we were having the annual parade, and I was just minding my own business, parked on the side street.  And then… well, I don't know how it happened, but a parade float, a giant inflatable… something, I think it was a giant pickle? Anyway, it broke free from its… moorings, I guess you'd call them. It just sort of… rolled. And it rolled right into my car.  I wasn't even driving it, of course, but if I hadn't been parked there, it wouldn't have been damaged. I feel absolutely dreadful about the whole thing.  It's just such an embarrassing and bizarre situation.  I'm so, so sorry for any inconvenience this causes.",Joseph Davis,Auto,Unusual Circumstances,Vehicle was damaged by a runaway parade float.,Moderate,Apologetic,2025-05-12,"Jessicatown, VI"
33dc1f8d-15ef-4468-a31f-3bdc1c80aa5d,HO-872231999,"Uh, hi. So, something happened with a light fixture, I think? It was... put in wrong, maybe? And then it got all hot and smoky, and now there's a yucky burnt spot on the ceiling.  I don't really know much about these things, but it's in my home, in New Gregory, and it was around December 17th, 2024.  I'm not sure what else to say, I'm really confused about all of this.",Juan Hunt,Home,Electrical Issues,Incorrectly installed light fixture led to overheating and damage to the ceiling.,Moderate,Confused,2024-12-17,"New Gregory, IL"
40c4dbe8-b9c5-4710-a24d-5ed442c31ed8,AU-387848780,"Okay, so, uh, I was just driving my car, you know, on the road in New Xaviershire, I think it was November 16th, 2025, and then... this loud noise happened.  Like a really, really loud noise. And then, like, part of my car just fell off?  It was, like, the noisy pipe thingy at the back.  My mechanic, he said it was a custom exhaust system, or something like that.  It just... detached.  Like, it wasn't attached anymore.  I don't really understand cars that well, so I'm not sure how this happened.  It just seemed to, you know, come loose and then it was on the road.  It's really confusing, and I don't know what to do.  Is this something insurance covers?  I'm really not sure about any of this.",Stephen Lopez,Auto,Modification/Customization Related,Custom exhaust system detached from the vehicle while driving.,Moderate,Confused,2025-11-16,"New Xaviershire, CA"
36ba35e6-e122-47be-88a6-d9b1d3da7d72,HO-481947378,"Unbelievable! Of all the times for this to happen, a pipe decides to burst in my attic during a ridiculous cold snap.  My house in New Jessemouth is practically ruined!  Water everywhere, soaking through the ceiling, ruining who knows what else.  This is an absolute nightmare.  I'm dealing with water damage, and I expect this to be sorted out IMMEDIATELY.  I'm paying for insurance for a reason, and it's certainly not for this kind of catastrophic inconvenience.  Get this fixed, and fast!",Roger Green,Home,Water Damage,A frozen pipe burst in the attic during an unexpected cold snap.,Major,Frustrated,2024-08-08,"New Jessemouth, RI"
892a275d-bce7-4d7a-b6db-fe2b187d835d,AU-303015586,Lift kit. Bad install. Rolled. Vehicle damaged.,Eric Williams,Auto,Modification/Customization Related,Improperly installed lift kit caused the vehicle to roll over.,Total Loss,Minimalist,2024-11-10,"Charleshaven, FM"
6725ada6-d0ae-4a10-97ab-bbc5c1dde81c,HO-029287083,Toy rocket launcher fire. Siding damaged. Accidental.,Shane Braun,Home,Accidental Damage,"A child's toy rocket launcher accidentally ignited, causing minor fire damage to the siding.",Minor,Minimalist,2025-10-09,"Lake Jamesborough, MT"
a1cbb01c-bf6d-44f1-87ca-e37b43d1f415,HO-545123648,"On or about July 15, 2025, a theft occurred at the insured property located in Andersonborough, VA. The stolen item is identified as a domestic feline, a neighbor's cat, which was taken from the backyard. The incident has been reported to local authorities. No other damage to the insured property itself has been reported in conjunction with this event.",Jennifer Shelton,Home,Theft,A neighbor's cat was stolen from the backyard.,Minor,Formal,2025-07-15,"Andersonborough, VA"
9a6e4395-64ef-4558-800e-6bb7c388f85c,HO-038325288,Attic mold. Humid. Widespread. Damage.,James Graham PhD,Home,Environmental,Unusually humid conditions led to widespread mold growth in the attic.,Major,Minimalist,2024-03-28,"Butlershire, VT"
f32db043-f7fd-445c-988e-adcc611db701,AU-089617812,"OH MY GOSH! I don't even know where to start! It was just a normal day, March 4th, in North Elizabeth, OR, and then my car just... died! It made this horrible noise, like it was screaming, and then nothing!  The mechanic said it's because the oil filter was never changed, and the engine just ran out of oil and seized up!  SEIZED UP!  I'm so scared! How am I supposed to get around without my car?! This is a disaster!",Belinda Pineda,Auto,Maintenance Related (Neglect),Unchanged oil filter caused engine oil starvation and seizure.,Total Loss,Panicked,2025-03-04,"North Elizabeth, OR"
3f4e5f3e-367d-4c5d-bd57-04b88faea147,HO-096108319,Pipe burst. Guest bath. Water damage. Floor. Walls.,Douglas Kennedy,Home,Water Damage,A burst pipe in an infrequently used guest bathroom caused significant floor and wall damage.,Major,Minimalist,2024-09-02,"West Deanna, ID"
cfbb7bbb-8909-48e9-b05c-ea0eacb508aa,HO-121134166,"I can't believe this happened! My mailbox! It's just GONE! Stolen right off its post! I just went out there, and there's nothing but an empty hole and some ripped up grass! Who would do such a thing?! It's November 17th, 2024, and it's freezing out here in Bakerburgh, MN, and now I can't even get my mail! This is awful! What am I going to do?!",Derek Martin,Home,Theft,A mailbox was stolen from its post.,Minor,Panicked,2024-11-17,"Bakerburgh, MN"
121fb92b-89de-4419-a0e0-1d271b2e78a2,AU-058105157,"Oh, goodness, I'm so incredibly sorry about this.  It's entirely my fault, and I feel absolutely terrible.  I was driving along on West Philipport, FL, on March 27th, 2025, and honestly, I just hit a tiny little pothole. It was so minor, I barely felt it. But then, I don't know what came over me, I just completely overcorrected.  It was such a silly, panicked reaction, and I ended up swerving and, well, damaging the car. I'm so embarrassed and truly regret my actions.  I'm so sorry for any trouble this has caused.",Jacqueline Galvan,Auto,Driver Error / Behavior (Unusual),Driver overcorrected after hitting a minor pothole.,Minor,Apologetic,2025-03-27,"West Philipport, FL"
99daaf86-817e-45f9-babb-8a0dba5e87c5,HO-224511199,"On December 7, 2023, an electrical issue occurred at the residence located in Andersonberg, MO.  An extension cord within the workshop became overloaded, resulting in melting and charring of the cord and associated components. The incident was contained within the workshop area.",Destiny Fuller,Home,Electrical Issues,Overloaded extension cord in the workshop caused melting and charring.,Moderate,Formal,2023-12-07,"Andersonberg, MO"
ff1b27ca-5ed9-4fea-8eb0-3d06c6ba8941,AU-942050126,"Oh, goodness, I'm so, so sorry to have to report this.  It's all my fault, really, I should have been paying more attention. On March 3rd, 2025, while I was just driving along in East Joseph, PR, a tanker truck passed me.  Unfortunately, it seems there was some sort of chemical spill from it, and my poor car just got drenched.  I'm terribly embarrassed and mortified about the damage.  I hope it's not too bad, but I'm truly regretful that this happened. I'm so sorry.",Erin Sanchez,Auto,External Factors (Non-Collision),Vehicle was damaged by a chemical spill from a passing tanker truck.,Moderate,Apologetic,2025-03-03,"East Joseph, PR"
b8ce1451-37ac-41f8-bcad-e2f899dabf13,AU-176665620,"Oh, goodness, I am so incredibly sorry about this.  I'm Thomas Fox, and I need to file a claim for some damage that occurred on May 8th, 2024, in Brianburgh, MD.  This is… well, it’s a bit embarrassing, really.  I was driving along, minding my own business, when something truly bizarre happened.  There was this… this absolutely astonishing, unbelievable sight outside my car.  I can barely believe I'm saying this, but it looked like… well, I know it sounds utterly crazy, but it looked like a UFO.  It was just a flash, a really bright, strange light, and I instinctively looked up.  And that's when it happened.  I completely lost focus for just a second, and unfortunately, I drifted right into a parked car.  I am just mortified.  It was entirely my fault, my attention was diverted by something so… otherworldly.  I should have been paying better attention to the road, no matter what I saw.  The damage isn't… it’s not catastrophic, I don't think, but there's definitely a dent and some scraped paint.  I'm just so, so sorry to the owner of the other vehicle, and to you all for having to deal with such a strange claim.  I truly regret this.",Thomas Fox,Auto,Driver Error / Behavior (Unusual),"Driver was distracted by a rare event outside the vehicle (e.g., UFO sighting, flash mob).",Minor,Apologetic,2024-05-08,"Brianburgh, MD"
4094cf9c-fdb5-494e-ae09-494eca6ec293,AU-163426384,"ARE YOU KIDDING ME?! My tire just shredded itself on the highway, right outside of Stephanieport, no less! 2025-04-19, what a day to have a defective piece of garbage decide to fall apart at 70 miles an hour. I nearly lost control of the car, and now I'm stuck here with a flat and a massive inconvenience. This is NOT a minor issue, this is a serious safety hazard that could have gotten me killed. I expect this to be handled IMMEDIATELY. I'm not waiting around for days for you people to get your act together. Fix this NOW!",Jacob Nixon,Auto,Product Defect (Specific),Faulty tire tread separation at highway speeds.,Major,Frustrated,2025-04-19,"Stephanieport, NC"
6cef0b49-b208-42cb-845a-2c4239e292d0,TR-072060371,"Oh, I am just so incredibly sorry and embarrassed to be writing this. I'm Lisa Zavala, and I had a bit of a mishap on August 15th, 2024, while I was traveling through South Elizabeth, AL. I honestly don't even know what to call the item that got damaged, it was just... you know, a travel thing.  It was entirely my fault, I wasn't being careful at all, and I feel absolutely terrible about what happened. I'm so, so sorry for any inconvenience this causes. I'm truly regretful.",Lisa Zavala,Travel,Generic Incident,Unknown Item,Minor,Apologetic,2024-08-15,"South Elizabeth, AL"
2d41326c-d987-49e4-8849-de5f118e9bee,HO-879474525,"Oh, goodness, I'm not quite sure how to even start this.  So, um, we noticed this... this weird wet spot on the ceiling in the downstairs bathroom.  It wasn't a big gush or anything, just sort of... damp.  We think it might have been something to do with the, uh, the faucet thingy in the upstairs bathroom?  It's been a bit drippy for a while, but it was so slow, you know?  And then, like, weeks later, this spot appeared downstairs.  It's not like the whole ceiling fell down, but it's definitely not right.  We had a person come look, and they said something about a 'plumbing fixture' being faulty and causing a leak.  It's all very confusing, honestly.  We just want it fixed.  This happened, I think, around April 22nd, 2025.  We live in New Joshuaside.",Virginia Curry,Home,Product Defect,"Faulty plumbing fixture caused a slow, undetected leak.",Moderate,Confused,2025-04-22,"New Joshuaside, HI"
8846a24b-0345-4c45-b284-a4d0f0b71d9a,HO-430488495,"On September 3, 2025, during the routine cleaning of a firearm at the insured property located in East Stevenbury, AK, an accidental discharge occurred. This incident resulted in damage to an interior wall of the residence. The precise location and extent of the damage are detailed in the attached incident report and photographic evidence.",David Cole,Home,Accidental Damage,Accidental discharge of a firearm during cleaning damaged an interior wall.,Minor,Formal,2025-09-03,"East Stevenbury, AK"
5e2992e3-3da9-4227-9529-0d4601985856,HO-389783008,"On December 10, 2024, it was discovered that termites had caused extensive damage to the foundation beams at the property located in Zimmermanside, MT. The structural integrity of the foundation has been compromised as a result of this infestation. Professional assessment indicates significant deterioration requiring immediate remediation and repair.",Christopher Warren,Home,Animal Damage,Termites caused extensive damage to the foundation beams.,Major,Formal,2024-12-10,"Zimmermanside, MT"
c7912751-684d-4b52-b993-0d3f9265a4b6,AU-325167223,"OH MY GOD! I can't believe this happened! It was terrifying! This guy just came out of nowhere and started honking like a maniac, screaming at me!  Then he followed me!  He actually PHYSICALLY ATTACKED my car!  He kicked my door in and smashed my window!  It was pure road rage, but it was so violent and unexpected! I'm still shaking, I thought he was going to hurt ME! This was on December 26th, in New Johnathan, MA! My car is ruined, I'm so scared!",Deborah Miller,Auto,Unusual Circumstances,Vehicle was involved in a 'road rage' incident that escalated to extreme violence.,Major,Panicked,2024-12-26,"New Johnathan, MA"
f986c1d1-4b57-4059-b72c-28fd07d79053,AU-942133805,"ARE YOU KIDDING ME?! This whole ordeal is a COMPLETE nightmare!  My vehicle was used as some stupid getaway car in a robbery on April 28th, 2024, in Thomasport, IA.  Can you believe the nerve?  Then, to top it all off, the police were chasing them, and BAM!  My car is wrecked!  It's not just a scratch, this is serious damage.  I can't believe I have to deal with this garbage.  I need this sorted out YESTERDAY!  Don't drag your feet on this, I've already had enough hassle. Fix my car!",Joseph Holt,Auto,Security/Theft Related,"Vehicle used as a getaway car in a robbery, leading to a police pursuit and crash.",Total Loss,Frustrated,2024-04-28,"Thomasport, IA"
813abd8d-46af-47b7-98f2-18d2e0c79dd7,TR-635512086,"I'm not entirely sure what happened, honestly.  We were just... somewhere.  I think it was in Johnberg, Rhode Island, around May 2nd, 2025?  Something just... broke.  It was part of our trip, you know?  Like, it was a thing we were bringing.  I don't really remember what it was called, but it's definitely not working anymore.  It just... stopped.  Did it get wet?  Did something fall on it?  I just don't know.  It's all very confusing.",Kimberly Logan,Travel,Generic Incident,Unknown Item,Moderate,Confused,2025-05-02,"Johnberg, RI"
f2680c51-9e81-4ec4-8e86-a921ec1ca2da,AU-135612572,"Car used to ram store. Robbery. March 10, 2024. Henrychester, PW. Vehicle damaged. Front end. Totaled.",Susan Barrett,Auto,Security/Theft Related,Vehicle was used to ram a storefront for a robbery.,Total Loss,Minimalist,2024-03-10,"Henrychester, PW"
c3fdaa28-d84f-469a-b447-37616a44ddbb,HO-279789052,"ARE YOU KIDDING ME?! Some lowlife decided to slash all FOUR of my tires on my car, right in my OWN driveway, on June 6th! In West James, AR! This is an absolute nightmare and a complete and utter inconvenience. I can't even get to work! I need this fixed YESTERDAY. Don't waste my time with a bunch of bureaucratic nonsense, I expect this vandalism claim to be handled NOW. Get someone out here to assess this mess and get me back on the road before I lose my mind!",Chad Gibson,Home,Vandalism,Car tires were slashed in the driveway.,Major,Frustrated,2024-06-06,"West James, AR"
b8edd01c-b056-4e5c-8755-03d534a6d967,AU-728013291,"On November 1, 2024, while operating my vehicle near Lake Martin, Montana, the custom exhaust system detached from the vehicle. The detachment occurred during normal transit. No other components of the vehicle sustained damage as a direct result of this incident, nor were there any third-party damages or injuries. The vehicle was drivable to a local repair facility following the detachment.",Kara Harris,Auto,Modification/Customization Related,Custom exhaust system detached from the vehicle while driving.,Moderate,Formal,2024-11-01,"Lake Martin, MT"
7c432503-516a-4db2-9cf8-b9457f9701e2,HO-761292305,"This is absolutely ridiculous!  My house in West Tonyastad has been infested with mold because of some 'unusually humid conditions.'  Unusually humid?  It's Connecticut, for crying out loud!  Now my attic is a biohazard zone.  The smell is unbearable, and I'm worried sick about my family's health.  This is NOT a minor inconvenience, this is a full-blown disaster that you people need to fix IMMEDIATELY.  I'm paying for insurance to protect me from situations like this, not to have to deal with breathing in mold spores.  Get someone out here to assess this mess and start remediation NOW.  I'm not waiting around for this to get worse!",Gregory Mcneil,Home,Environmental,Unusually humid conditions led to widespread mold growth in the attic.,Major,Frustrated,2024-09-02,"West Tonyastad, CT"
d689dab4-e5bb-46f7-8b4d-f150cc1a9ae3,AU-607389632,"Car damaged. Movie stunt. South William, FL. 2024-10-20.",Cassandra Howell,Auto,Unusual Circumstances,Vehicle was damaged during a movie stunt gone wrong.,Major,Minimalist,2024-10-20,"South William, FL"
cb151791-d128-4bf4-813d-b4f58e7e3ecc,HO-784158825,"So, I'm not entirely sure what happened, but I think someone took something from my garden. It was this… well, it was a little fountain, you know? For the plants. It's not there anymore. I looked everywhere. I don't know if it just… fell over and broke, or if someone… took it? It's small, not like a car or anything. I just noticed it was gone this morning, the 16th of November, I think. It's in Ryanstad. I don't really understand all this insurance stuff, but I guess I have to report it?",Mark Whitaker,Home,Theft,A small decorative fountain was stolen from the garden.,Minor,Confused,2024-11-16,"Ryanstad, MH"
a59a36e8-3b6b-4873-81b0-e97af9d3942f,AU-324404742,"Um, hi. So, I think I need to, like, report something that happened to my car.  It was, uh, on November 8th, I think?  We were in North Arthurfurt, Arizona.  My car... it was making this weird noise, and then it just kind of... stopped.  I think it has something to do with that, uh, turbo thingy I had put on it.  The one that makes it go faster?  It just... it malfunctioned, I guess. And then, well, the whole engine seems to be messed up now.  I don't really know how it all works, but something with the turbo broke and now the engine is damaged.  I'm not really sure what to call it, or what happened exactly, but it's definitely not running.",Michael Maldonado,Auto,Modification/Customization Related,"Aftermarket turbocharger malfunctioned, causing engine damage.",Major,Confused,2024-11-08,"North Arthurfurt, AZ"
39d435bf-a909-464e-96d3-0c561c998f79,HO-007613585,"Oh, I'm so terribly sorry to have to bother you with this, truly I am. It's all rather embarrassing, really.  It seems that some runoff from my neighbor's recent landscaping project, which was happening on August 21st, 2024, over in Owenschester, VA, unfortunately made its way onto my property.  I'm afraid it caused some water damage to my home.  I feel awful that this has happened, and I sincerely apologize for any inconvenience this may cause your team.",Cassandra Martinez,Home,Third-Party Negligence,Runoff from a neighboring property's landscaping project caused water damage.,Moderate,Apologetic,2024-08-21,"Owenschester, VA"
5ef937b9-5568-4d8e-964d-a6bd25d91ae6,AU-682367155,"Uh, so, I was just, you know, trying to, like, make the music play on the... the screen thingy in the car? It's all complicated with buttons and stuff. And then, well, things got a bit... bumpy. I think I might have, uh, hit something? Or maybe it hit me? I'm not really sure how it happened, to be honest. The car's making a funny noise now, and the screen looks... different. I was just trying to get my podcast on, you know? It was on March 12th, I think, near that place, East James. It's all a bit fuzzy.",Jeffrey Williams,Auto,Driver Error / Behavior (Unusual),Driver was attempting to operate a complex in-car entertainment system while driving.,Moderate,Confused,2024-03-12,"East James, AK"
96888c03-c102-4c38-b513-ad6c3776d46f,HO-597389089,"Um, so I was trying to hang a shelf, you know, a simple little thing.  And I think I, like, hit a pipe?  Because then water just started... coming out.  Everywhere.  It was on the floor, going down the walls.  I don't even know how it happened, honestly.  I just had the drill, and then... flood.  It's a mess.  I think it was Saturday, the 19th, of October, in New Heather.  I'm not sure if this is even the right place to report it, but something broke and water came out.  Is this what you need?",Ashley Sawyer,Home,Accidental Damage,"Homeowner attempting DIY repairs accidentally drilled through a water pipe, causing a flood.",Major,Confused,2024-10-19,"New Heather, VA"
5ac9adaa-d58b-41c3-b1af-4af8a5d822f1,AU-534967384,"On January 7, 2025, at approximately 08:30 hours, an animal collision occurred on State Road 99 near Dianebury, FL. The claimant's vehicle was traveling southbound when a cow, which had apparently escaped from a nearby pasture, entered the roadway. The claimant was unable to avoid striking the animal, resulting in a rear-end collision with the vehicle directly in front of the claimant's vehicle. The cow sustained fatal injuries and the claimant's vehicle sustained significant damage to the front end.",Maria Gardner,Auto,Animal Collision,"Cow escaped from a pasture and walked onto the highway, causing a rear-end collision.",Major,Formal,2025-01-07,"Dianebury, FL"
77c21531-8c13-4303-92b9-1aa248e557e7,AU-676696622,"On December 9, 2023, at approximately 21:00 EST, while operating my vehicle on a public roadway in New Amandamouth, NY, the vehicle's left headlight experienced a sudden and complete failure. This internal malfunction resulted in a loss of visibility, which subsequently led to a collision with another vehicle. The incident occurred due to the unanticipated failure of the headlight system.",Brittany Johnson,Auto,Vehicle Malfunction (Internal),"Headlight failure during nighttime driving on a dark road, leading to a collision.",Moderate,Formal,2023-12-09,"New Amandamouth, NY"
5f681633-b859-474a-8407-f9c83b96ecbd,HO-433806112,"Okay, so, um, there was this dog... I think it was a stray? It just... appeared one day. And it dug under our fence, you know, the one by the petunias. It made a real mess of my garden. I'm not sure how it happened exactly, it was just... there. And then the digging. It really messed up all my plants. I'm not sure what you call this kind of thing, but it was definitely the dog. It's not like a car accident or anything, but it damaged my yard. I don't really know what else to say, I'm a bit confused by all of this.",Michelle Hogan,Home,Animal Damage,A stray dog dug under the fence and into the backyard garden.,Minor,Confused,2024-08-09,"Galvanshire, MA"
7a083707-6c4c-4735-8bff-506628fdc8eb,HO-964027187,"Oh, hello. I'm so incredibly sorry to have to bother you about this, but I've had a rather unfortunate incident at my home in Lake Joemouth. It seems a stray golf ball, from the course nearby, somehow managed to find its way all the way here and, well, it shattered one of my windows. I feel absolutely dreadful about it.  It was just such an unexpected thing to happen. I'm so embarrassed to even be reporting this, but I suppose it's accidental damage. I really hope this isn't too much of a hassle for you.",Samantha White,Home,Accidental Damage,A stray golf ball from a nearby course shattered a window.,Minor,Apologetic,2025-02-25,"Lake Joemouth, FM"
0555592a-081d-4db9-8c77-84bb0250bda5,AU-521205384,"Debris. Hit car. May 4, 2025. Port Mary. Damage.",Juan George,Auto,Object in Roadway,"Large piece of debris from a previous accident (e.g., tire tread, metal fragment) struck the vehicle.",Moderate,Minimalist,2025-05-04,"Port Mary, MT"
acee63ea-6cf9-4413-9620-3d36bd6a4835,HO-898010248,"Oh, heavens, I am so incredibly embarrassed and deeply sorry to have to report this.  It's all my fault, really.  I was supposed to be watching Mrs. Gable's cat, Mittens, while she was out of town, and I just… I don't know how it happened.  I left the gate ajar for just a moment, thinking I'd be right back, and when I turned around, she was gone.  And now, I've heard from another neighbor that someone might have… well, *taken* her.  I feel absolutely terrible.  It was supposed to be such a simple favor, and I've let everyone down. I'm so sorry for the trouble this is causing.",Deborah Ramirez,Home,Theft,A neighbor's cat was stolen from the backyard.,Moderate,Apologetic,2024-04-12,"Craigland, MD"
0e8ca748-f8bb-424a-8e07-5089c1fbc732,AU-627279979,"Oh, I am so incredibly sorry to have to report this. It's… well, it's a bit embarrassing, to be honest. On September 21st, driving near Carrieberg, WA, I had a moment of absolute foolishness.  There was a… a stinging insect, a bee I think, inside the car with me.  And in a moment of panic, I tried to swat it away.  I know, I know, it was a terrible idea.  I completely lost control of the steering wheel for a second, and unfortunately, the car went off the road and bumped into… well, a fence. I feel absolutely mortified about it. It was entirely my fault, and I'm so, so regretful that this happened. I hope it’s not too much trouble.",Amanda Olson,Auto,Driver Error / Behavior (Unusual),"Driver attempted to swat a stinging insect inside the car, losing control.",Minor,Apologetic,2024-09-21,"Carrieberg, WA"
270d5ce2-5acd-4ee5-8f83-4413f107666d,HO-421778767,"OH MY GOSH! It's a disaster! On November 18th, 2024, in Kennethfurt, WA, there was some kind of electrical surge, and it just fried our ENTIRE main electrical panel! Everything just went BLACK! All the lights flickered and then died, and I heard this terrible buzzing sound right before it happened. I'm so scared, I don't even know if it's safe to be in the house right now! What if it happens again? What if it caused a fire?! We have no power at all, not even for the fridge! This is absolutely terrifying!",Angela Li,Home,Electrical Issues,Power surge from an unknown source fried the home's main electrical panel.,Major,Panicked,2024-11-18,"Kennethfurt, WA"
42739732-38c4-4f68-9779-c7fcfa2c4df5,AU-513231379,"On February 4, 2025, at approximately 02:00 hours, the insured vehicle, a 2022 Honda Civic, was intentionally set on fire by an unknown perpetrator. The incident occurred at the insured's residence located in Port Stephen, OH. The vehicle sustained extensive fire damage to the exterior, interior, and mechanical components. The extent of the damage renders the vehicle inoperable.",Aaron Soto,Auto,Security/Theft Related,Vehicle was intentionally set on fire by an arsonist.,Total Loss,Formal,2025-02-04,"Port Stephen, OH"
4f9303b7-32f6-413e-bb0c-9e5eb2f33f2c,AU-820535439,"Oh, hello. I'm so terribly sorry to bother you, and I feel absolutely awful about this.  It's all my fault, really.  I should have been more aware, but this... this volcanic ash cloud that blew through Stevensonburgh on October 29th, 2025, it was just unbelievable.  My car, my poor car, ended up getting covered in it.  I think the ash just got into the engine, and now it's making some awful noises.  I'm just so embarrassed and truly regretful that this has happened.  I hope it's not too much trouble.",James Anderson,Auto,Environmental Hazard,Volcanic ash cloud reduced visibility and damaged engine components.,Moderate,Apologetic,2025-10-29,"Stevensonburgh, PW"
870b6152-d432-4cd1-ba08-6142cc496208,AU-454898638,"OH MY GOD! I can't believe this happened! I was just driving my truck, my BEAUTIFUL, CUSTOMIZED off-road truck, on a perfectly normal road in Mariastad yesterday, November 30th, 2025, and it just... it just BROKE!  I hit a bump, I SWEAR it was just a normal bump, and now the front end is all messed up!  The suspension is shot, I think something's bent underneath, I don't even know!  It was fine one second and then TOTAL CHAOS the next!  I'm freaking out here, I don't know what to do!",Gregory Morris,Auto,Modification/Customization Related,Vehicle was modified for off-road use and damaged crossing a standard road.,Moderate,Panicked,2025-11-30,"Mariastad, LA"
6fc5df38-1a6e-4a74-88d7-d8dd5056d31f,HO-810515027,"On May 22, 2025, a structural failure occurred at the insured property located in Josephmouth, WA. The incident involved a wall that bowed inward. This deformation is attributed to excessive soil pressure resulting from unusually saturated ground conditions. It is important to note that the event was not a landslide. The affected item is a component of the home's structure.",Andrew Hays,Home,Structural Failure,"Wall bowed inward due to soil pressure from an unusually saturated ground, not a landslide.",Moderate,Formal,2025-05-22,"Josephmouth, WA"
a00a23ed-1211-4003-932c-8b73affa7047,HO-704262305,"Um, so, there was this tree branch, I think? It fell down... I'm not sure if it was the wind or what, but it landed right on one of those sun-things we have on the roof. You know, the solar panels? And now it's all... cracked. Like a spiderweb, sort of. I don't really know how this works, is this something you guys can help with? It was just yesterday, I think, the 24th of April. We're in East James.",Bill Wu,Home,Accidental Damage,"A falling tree branch struck a solar panel, cracking it.",Moderate,Confused,2024-04-24,"East James, ID"
9c5e756a-261c-4948-b95a-703c2869f03e,HO-505402183,"Insulation bad. Mold grew.  House damaged.  New Cynthiaberg. Feb 13, 2024.",Tyler Simpson,Home,Product Defect,Faulty insulation material used in construction led to mold growth.,Moderate,Minimalist,2024-02-13,"New Cynthiaberg, MD"
17142271-c807-4108-b213-74f96d282620,HO-993516918,Fire. Christmas lights. Living room. Damaged. Repair needed.,Jason Ross,Home,Fire Damage,Christmas tree lights malfunctioned and started a fire in the living room.,Moderate,Minimalist,2024-12-25,"Floresfort, RI"
9be81ff5-04cc-4717-af75-ee4582d9686d,HO-380001920,"Okay, so, uh, I'm pretty sure something happened to the house.  It's... well, it's the bees, you see.  They've gone and built a *huge* nest, like a whole colony, inside the outer wall.  I don't know how they got in, but now... well, it feels a bit wobbly, and I can hear them buzzing.  It's on the west side, I think?  Near the big oak tree.  I don't really know what to call it, this whole bee situation.  It's just... a problem.  A big, buzzy problem.  And I'm not sure what to do about it, really.  Is this something... insurance covers?  I hope so.  It's getting quite loud.",Douglas Miller MD,Home,Animal Damage,"Bees built a large hive within the exterior wall, causing structural issues.",Major,Confused,2025-08-23,"Christopherbury, SD"
b380e9ff-45df-42e9-afe3-ab1df6f70d1e,HO-708706938,"On December 10, 2023, high winds in Tarachester, GA caused patio furniture to be displaced. This furniture subsequently impacted a window, resulting in its breakage. The damage is categorized under Home insurance.",Tricia Taylor,Home,Wind Damage,"Patio furniture was blown against a window, shattering it.",Moderate,Formal,2023-12-10,"Tarachester, GA"
4e65f508-475d-4b20-83bb-26e4483ac784,HO-570952200,Raccoons. Attic insulation. Damaged. Seeking shelter.,John Lane,Home,Animal Damage,Raccoons damaged the attic insulation while seeking shelter.,Moderate,Minimalist,2024-08-22,"North Karishire, MT"
c1c135bb-ccdc-4dda-b37b-863c208bd549,AU-360667562,"Oh dear, I am so incredibly sorry to have to report this.  I feel absolutely terrible about what happened to my car.  You see, that 'check engine' light, it's been on for… well, for months, honestly.  I know, I know, it was incredibly foolish and negligent of me.  I kept telling myself I'd get around to it, that it probably wasn't anything serious, and now… well, now the engine has completely failed.  I am just mortified that my inaction has led to this.  I truly regret not taking it in sooner. It's entirely my fault, and I'm so sorry for the trouble this causes.",James Chen,Auto,Maintenance Related (Neglect),"Driver ignored 'check engine' light for months, leading to complete engine failure.",Total Loss,Apologetic,2024-12-17,"East Joanne, WY"
120ff7de-7998-4406-b301-d8c0c750d798,AU-115222364,"Are you KIDDING ME?!  I'm calling to report my car, a 2022 Blue Ford F-150, VIN [REDACTED], has been completely trashed.  Some lunatic in a black sedan decided to lose their mind on the road near Darrenfort, DE on June 21st.  It wasn't just some fender bender; this guy went completely off the rails, like a deranged animal.  My truck is a wreck!  I can't believe I have to deal with this bureaucratic nightmare.  This is an absolute disaster and a massive inconvenience.  I expect this to be handled IMMEDIATELY.  I don't have time for this nonsense!",Michael Ray,Auto,Unusual Circumstances,Vehicle was involved in a 'road rage' incident that escalated to extreme violence.,Total Loss,Frustrated,2024-06-21,"Darrenfort, DE"
c249b580-8dea-4dc0-bbb1-f77a21ca3b8f,HO-603833145,"On August 3, 2024, at approximately 14:00 AST, a mechanical failure occurred at the insured property located in Sarahbury, VI. The washing machine hose ruptured, resulting in a discharge of water. This discharge caused water damage to the laundry room. The extent of the damage is currently being assessed.",Luke Murillo,Home,Mechanical Failure,"Washing machine hose ruptured, causing water damage to the laundry room.",Moderate,Formal,2024-08-03,"Sarahbury, VI"
7138feb7-b434-4512-bbaa-113367c27849,HO-246074590,"I'm not really sure how to explain this.  There was this… thing… with the toaster oven, I think?  It started making a funny smell, and then there was a little bit of smoke, and then a tiny flame.  It didn't get very big, thank goodness, but it singed the counter a little bit, and now the toaster oven is all black and smoky-smelling.  I just want to know if… if this is something that can be fixed or if I need a new one?  I don't understand how appliance stuff works, and insurance seems so complicated.",Daniel Lucero,Home,Product Defect,Defective appliance wiring caused a small fire.,Minor,Confused,2025-06-03,"Melissaville, AL"
cb547561-82ac-493d-be19-6e8849e90864,AU-617091606,"On January 12, 2025, at approximately 3:45 PM, while operating my vehicle on a public roadway in Brittanyhaven, MI, I experienced an unexpected loss of vehicle control. The incident occurred due to an external factor within the passenger compartment. A stinging insect entered the vehicle, and my attempt to dislodge it resulted in a momentary distraction and deviation from my intended course of travel. This led to contact with a stationary object, resulting in damage to the vehicle.",John Hernandez,Auto,Driver Error / Behavior (Unusual),"Driver attempted to swat a stinging insect inside the car, losing control.",Moderate,Formal,2025-01-12,"Brittanyhaven, MI"
e362d5ea-0992-4d63-8596-c613f7a077f9,AU-368407437,"I am so incredibly sorry to have to report this.  On August 22nd, 2024, near Allisonbury, FM, I… well, I fell asleep at the wheel. It's completely my fault, and I'm mortified. I was so exhausted, and I just… I drifted. I ended up veering into oncoming traffic, and unfortunately, my car sustained significant damage. I can't express how sorry I am for any inconvenience or damage caused to others. I am truly embarrassed and deeply regretful for my lapse in judgment.",Daniel Baxter,Auto,Driver Error / Behavior (Unusual),Driver fell asleep at the wheel and veered into oncoming traffic.,Major,Apologetic,2024-08-22,"Allisonbury, FM"
370ef40c-d7bf-4d06-b88a-deb6a0805465,TR-217086556,"On April 21, 2024, an incident occurred in Davidton, WV, resulting in damage to an item within the Travel category. The specific item affected and the nature of the incident are currently under review.",Natalie Tyler,Travel,Generic Incident,Unknown Item,Moderate,Formal,2024-04-21,"Davidton, WV"
47d9ce55-c1e6-40cb-b555-1d5e214fe1aa,AU-991757741,"On December 15, 2024, at approximately 03:17 CST, while operating a vehicle on East Jefferyshire, NE, the insured driver experienced a lapse in consciousness. This resulted in the vehicle deviating from its designated lane and entering the opposing lane of traffic. Subsequent to this event, the vehicle sustained damage.",Chelsey Ruiz,Auto,Driver Error / Behavior (Unusual),Driver fell asleep at the wheel and veered into oncoming traffic.,Moderate,Formal,2024-12-15,"East Jefferyshire, NE"
f53a212a-ae17-40ba-a57c-b42dfd4244cc,HO-389844794,"Oh dear, I am so incredibly sorry to be submitting this claim. It's just… embarrassing, really. On the 27th of October, we had that awful windstorm here in Sandershaven, and unfortunately, my trampoline, which I honestly should have secured better, decided to go on an adventure. It ended up blowing right into my neighbor's fence and caused some damage. I feel absolutely terrible about it, and I'm so sorry for any trouble this causes them and for having to bother you with this. I really hope it's not too much of a hassle.",Shelby York,Home,Wind Damage,A trampoline in the backyard was blown into the neighbor's fence.,Moderate,Apologetic,2025-10-27,"Sandershaven, GA"
7d43e7ce-fe77-48df-bed8-57b1a98f27e3,HO-467968903,"This is UNBELIEVABLE! My oven decided to go rogue on April 10th, 2025, here in Port Joton, AZ, and set fire to itself, or rather, the grease buildup inside!  Who designs these things? Now my kitchen is a smoky mess, and I can't even cook a decent meal.  This is a massive inconvenience, and I expect this to be sorted out IMMEDIATELY.  I'm not waiting around for days to get this fixed.  Get your act together and deal with this NOW!",Richard Carpenter,Home,Fire Damage,A malfunctioning oven ignited food residue inside.,Moderate,Frustrated,2025-04-10,"Port Joton, AZ"
00b904b7-51be-4d79-8994-f30e9569e4cd,HO-476416185,"On April 26, 2025, extreme temperature fluctuations in South Katherineton, NV, resulted in a pipe bursting in the basement of the insured property. This event has caused damage to the home.",Elizabeth Aguilar,Home,Environmental,Extreme temperature fluctuations caused a pipe to burst in the basement.,Moderate,Formal,2025-04-26,"South Katherineton, NV"
4d58a65b-dc1c-48c4-9d0b-3ff732ea1a0f,AU-597947162,"Unbelievable! I'm filing a claim because some idiot's stray projectile decided to redecorate my car on August 5th in Richardbury.  Seriously, who aims these things? Now my beautiful vehicle has a giant ding in it, and I'm stuck dealing with this mess.  This is an absolute nightmare, and I expect this to be sorted out immediately.  I pay my premiums for this kind of ridiculousness?! Get this fixed, and fast!",Greg Walker,Auto,External Factors (Non-Collision),"Vehicle was damaged by a stray projectile (e.g., from a sporting event, fireworks).",Minor,Frustrated,2024-08-05,"Richardbury, ME"
3dd5d48a-5874-41b6-9d9b-253fea1b943c,AU-758120949,"Um, hi. So, I'm trying to report... well, my car. It was stolen, I think. On New Year's Day, out near Port Aaronmouth.  Someone took it, and then... they just drove it around, I guess?  Because when they found it, it was all messed up.  The doors don't close right, and there's this big scratch down the side, and I don't even know what that noise is when I try to start it.  It just... it doesn't feel like it's the same car anymore.  I'm not really sure what happened, to be honest.  It's all a bit of a blur.  Is this the right place to, uh, say something about this?",Daniel Barrett,Auto,Security/Theft Related,Vehicle was stolen and recovered with significant damage from joyriding.,Major,Confused,2024-01-01,"Port Aaronmouth, LA"
876a98ed-fdd8-47dc-a52a-6d0de031a8cc,HO-959308982,"Unbelievable! This is an absolute nightmare. My house in New Deanfort, VT, is practically a fire hazard thanks to some *vermin* deciding to chew through my electrical wires on August 24th, 2025.  Then, of course, a short circuit fire.  I've got smoke damage, charred wires, and the whole place smells like a burnt-out fuse box.  This is NOT just a minor inconvenience; this is a disaster!  I want this sorted out IMMEDIATELY.  I'm not living in a rodent-infested, fire-damaged mess. Get your act together and fix this before I have to find a new insurance company!",Jonathan Hunter,Home,Electrical Issues,Rodent infestation led to chewed electrical wires and a resulting short circuit fire.,Major,Frustrated,2025-08-24,"New Deanfort, VT"
57a34502-c887-4f1a-9d75-c5b44dd7f389,AU-712443768,"On April 13, 2025, at approximately 10:00 AM, I was the victim of a carjacking incident at the intersection of Elm Street and Maple Avenue in Christopherbury, NE. The perpetrators forcibly removed me from my vehicle, a 2023 Honda CR-V, license plate ABC-123. During the forced removal and subsequent theft, significant damage was sustained to the vehicle's driver-side door, the steering column, and the ignition system. The vehicle was recovered on April 15, 2025, at a location approximately 50 miles east of Christopherbury.",Justin Carrillo,Auto,Security/Theft Related,Carjacking with damage to the vehicle during the forced removal.,Major,Formal,2025-04-13,"Christopherbury, NE"
887ed7e6-5cf5-4106-bfa3-e566c5480693,HO-019407433,"On January 14, 2025, a fire event occurred at the insured property located in Davidton, VT. The origin of the fire has been determined to be a malfunctioning battery charger situated in the basement area. The incident resulted in damage to the property.",Logan Armstrong,Home,Fire Damage,Fire originated from a malfunctioning battery charger in the basement.,Moderate,Formal,2025-01-14,"Davidton, VT"
0879a806-49d1-4e72-a0e4-3b59078e19e5,AU-206982271,"Are you KIDDING ME?!  My car is wrecked!  Not by some idiot driver, oh no.  A DAMN DRONE fell out of the SKY and smashed into my car at Lake Juan on May 21st, 2024.  A DRONE!  I've never heard of anything so ridiculous in my life.  Now I'm stuck without my vehicle because some company can't keep their flying robots under control.  This is an absolute joke and a complete nightmare.  I demand you people fix this immediately.  I'm not waiting around for weeks while you figure out who's responsible for this utter incompetence.  Get it sorted, NOW!",Ronald Morton,Auto,Unusual Circumstances,Vehicle was damaged by a rogue drone delivery that fell from the sky.,Moderate,Frustrated,2024-05-21,"Lake Juan, NM"
3e34071b-78d7-49be-b181-6f3060671eb8,HO-137899942,"This is absolutely ridiculous!  I'm filing a claim for this absolute piece of junk solar panel that apparently decided to spontaneously combust!  It's November 17th, 2025, out here in Melanietown, AK, and this poorly manufactured garbage not only stopped working but set off a minor fire.  A MINOR FIRE!  Do you people understand the inconvenience this has caused?  Now I have soot and who knows what else to deal with, on top of a useless solar system.  I paid good money for these things, expecting them to last, not to be a fire hazard.  This is unacceptable and I want this resolved IMMEDIATELY.  I'm not waiting around for weeks for someone to decide what to do about your shoddy product.  Fix this NOW!",Daniel Dougherty,Home,Product Defect,Poorly manufactured solar panel malfunctioned and caused minor fire damage.,Minor,Frustrated,2025-11-17,"Melanietown, AK"
0a9751e8-ecea-4e2c-99b6-45a7e7c771c4,AU-592725349,"On August 18, 2025, at approximately 14:30 PST, while operating a 2022 Toyota Camry (VIN: [Insert VIN Here]) northbound on State Route 101 near South Erik, WA, the claimant experienced an incident resulting in damage to the vehicle. The claimant reports an unusual driver behavior, specifically an attempt to swat a stinging insect that had entered the passenger compartment. This action led to a loss of vehicle control, culminating in contact with a roadside embankment. The vehicle sustained damage to the front passenger side quarter panel, the front passenger side door, and the front passenger side wheel assembly. No other vehicles or property were involved in the incident. The claimant sustained no physical injuries.",Richard Johnson,Auto,Driver Error / Behavior (Unusual),"Driver attempted to swat a stinging insect inside the car, losing control.",Moderate,Formal,2025-08-18,"South Erik, WA"
5ed2e133-0041-4fa7-95be-dab9336e0f76,HO-870080795,Shed. Blown over. Collapsed. Wind.,Beverly Franklin DVM,Home,Wind Damage,A shed in the backyard was blown over and partially collapsed.,Moderate,Minimalist,2024-03-26,"Hicksland, AL"
6764769b-f394-4b31-8dee-58f7216c3274,HO-980638024,"Seriously? My bikes are GONE!  Someone broke into our garage, the side door was completely busted open.  This is an absolute nightmare.  It's February 6th, 2024, and we're stuck here in Alvarezton with no way to get around.  I need this fixed NOW.  This is not some minor inconvenience, this is our property, and I expect you people to handle it with some urgency.  Don't tell me it's going to take weeks to sort out.",Sara Martinez,Home,Theft,"Bicycles were stolen from the garage, which had its side door forced open.",Major,Frustrated,2024-02-06,"Alvarezton, HI"
92dbf06f-5393-44f9-8f23-70b9833ede38,HO-010678988,Package stolen. Doorstep. Port Timothy. March 18. Items gone.,Jasmine Kennedy,Home,Theft,Items were stolen from a package left on the doorstep.,Moderate,Minimalist,2024-03-18,"Port Timothy, MD"
d5038274-35ec-41fb-acdf-b32d856f3b62,HO-903925490,"On May 5, 2025, an incident occurred at the insured property located in New Kristahaven, MS. Squirrels are confirmed to have damaged the satellite dish cable. This damage has resulted in the chewing through of the cable, which has subsequently caused damage to the roof shingles in the vicinity of the cable's entry point. The damage to the roof shingles is consistent with abrasion and penetration from the rodent activity.",Laura Roberson,Home,Animal Damage,"Squirrels chewed through the satellite dish cable, damaging the roof shingles.",Moderate,Formal,2025-05-05,"New Kristahaven, MS"
59f3d918-cdb2-4f60-a214-478d647666bb,AU-759589272,"I CAN'T BELIEVE THIS HAPPENED! I was just driving my car on December 9th, 2023, near East Katherineside, SD, when out of NOWHERE, a DRONE just fell from the SKY and SMASHED into my vehicle! It was like something from a movie! My car is completely messed up! I'm so shaken up, I don't even know what to do! It came out of nowhere! A drone! Falling from the sky! It hit my car! PLEASE, I need help NOW!",Christopher Hawkins,Auto,Unusual Circumstances,Vehicle was damaged by a rogue drone delivery that fell from the sky.,Major,Panicked,2023-12-09,"East Katherineside, SD"
cbb8f92a-94e9-4dc4-a673-1b1381dd31bf,AU-470641942,"On April 14, 2025, during routine operation in Robertfort, Manitoba, the vehicle experienced contact between its non-standard, large-diameter tires and the vehicle's fenders and body panels. This contact resulted in damage to these components. The incident is categorized as modification/customization related.",Raymond Nolan,Auto,Modification/Customization Related,"Large, non-standard tires rubbed against the fenders and body, causing damage.",Moderate,Formal,2025-04-14,"Robertfort, MP"
6d2d1203-c524-47e8-8612-b3baaba12117,HO-962000446,"On December 26, 2024, a mechanical failure occurred within the dishwasher unit located at the insured property in Johnfort, WY. The failure of the dishwasher pump resulted in a water leak within the kitchen area. This event has been categorized under Home insurance.",Curtis Gibson,Home,Mechanical Failure,"Dishwasher pump failed, leading to a leak in the kitchen.",Moderate,Formal,2024-12-26,"Johnfort, WY"
5305a419-27d0-4d48-8f1e-0860239180e6,HO-531787536,"Oh, hello. I'm so incredibly sorry to have to bother you with this. It's all my fault, really.  We had that awful rainstorm on May 19th in Patrickberg, and apparently, our sump pump just... gave up.  I know, I know, I should have checked it more regularly. I'm just so embarrassed that it's led to all this water in the basement.  It's just awful, and I'm truly sorry for the mess and the inconvenience this must be causing you. I feel terrible about it.",Melissa King,Home,Water Damage,Sump pump failure during a heavy rainstorm led to basement flooding.,Moderate,Apologetic,2025-05-19,"Patrickberg, MT"
6a4aaeec-04ae-4b03-80e5-dfa1a0579cce,HO-980292122,"This is absolutely ridiculous! My solar panel, which I paid good money for, decided to go up in flames because it was clearly a piece of junk!  Now I've got this whole mess to deal with, smoke damage and a burnt-out panel on my roof.  Do you people even inspect these things?  This happened on August 27th, 2025, in Port Brian, AL, and I'm still waiting for someone to do something about it.  I'm not paying for this fire hazard and the mess it's made.  I want this fixed, and I want it fixed NOW.  The inconvenience is unbearable, and frankly, I'm fed up with waiting around for this to be sorted out.",John Hawkins,Home,Product Defect,Poorly manufactured solar panel malfunctioned and caused minor fire damage.,Minor,Frustrated,2025-08-27,"Port Brian, AL"
cee84a73-e58e-48cf-9190-50eeffb94d22,AU-296484533,"Turbo broke. Engine messed up. Port Jeremy, AZ. 10/12/24.",Jacqueline Lloyd,Auto,Modification/Customization Related,"Aftermarket turbocharger malfunctioned, causing engine damage.",Major,Minimalist,2024-10-12,"Port Jeremy, AZ"
4ccd16bc-7d42-4e22-adb7-72455e6cfc3a,HO-185225930,Wall bowed. Soil pressure. Ground wet. No landslide.,Brandon Rivera,Home,Structural Failure,"Wall bowed inward due to soil pressure from an unusually saturated ground, not a landslide.",Moderate,Minimalist,2024-04-08,"Port Johnstad, MA"
5c739690-3bf1-4a17-ac3f-86362fd17710,HO-848936304,"Are you kidding me with this?!  A fire! In my attic!  Because of some faulty attic fan, apparently.  This is an absolute disaster.  The smoke damage is everywhere, the insulation is ruined, and I'm stuck with a house that smells like a bonfire.  I can't even go into half the rooms.  This is beyond inconvenient, it's a complete nightmare and I expect this to be sorted out YESTERDAY.  I'm paying you people for this, and I expect a quick, efficient resolution.  Don't waste my time with endless paperwork and delays.  Fix this NOW!",Steven Powell,Home,Fire Damage,Fire started from a short circuit in the attic fan.,Major,Frustrated,2025-06-17,"Brettchester, WI"
389e8959-fa7e-457e-bb32-4defdacbbbc2,AU-552463301,"Wiper motor fail. Rainstorm. Johnmouth, KS. 2025-09-14. Could not see.",Laura Hall,Auto,Product Defect (Specific),Faulty windshield wiper motor failed during a severe rainstorm.,Moderate,Minimalist,2025-09-14,"Johnmouth, KS"
bdba0b0f-f52a-446c-940e-316066a5395e,AU-645066671,"OH MY GOODNESS! I CAN'T BELIEVE THIS HAPPENED! I was just driving my car in Port Thomas on August 15th, 2025, minding my own business, when suddenly this HUGE parade float just… came out of nowhere! It was like a nightmare! It smashed right into my car! I'm still shaking! The front of my car is completely caved in! I thought I was going to die! It was so loud and terrifying! What am I going to do?! Is my car even drivable?! I'm so scared!",Elizabeth Scott,Auto,Unusual Circumstances,Vehicle was damaged by a runaway parade float.,Major,Panicked,2025-08-15,"Port Thomas, MH"
b692255d-7246-4da9-a715-2b61afbff7ea,AU-291716377,"Oh, I am so, so sorry to have to report this.  It's all my fault, I feel terrible.  My car, my poor old transmission just... gave out on me yesterday, November 4th, 2025, right there in Downsborough.  I was just driving along, and then, *thunk*, it just stopped working.  Completely dead.  It ended up stuck in the middle of a lane, and I was just mortified by the whole situation. I'm so sorry for any trouble this caused.  I really should have gotten that checked out sooner, I suppose. I'm just dreadfully sorry about all of this.",Melissa Hall,Auto,Vehicle Malfunction (Internal),"Transmission failure, causing the vehicle to become immobile in a traffic lane.",Major,Apologetic,2025-11-04,"Downsborough, LA"
a47b4871-6be5-4826-bb3a-da6b1200eb30,HO-308122717,"Oh my gosh, I'm still shaking! It was January 10th, 2025, and I was just at home here in Crosstown, MS, when it happened! One of the solar panels, I think it was faulty from the start, just… malfunctioned! There was a spark, then smoke, and then a small fire! I managed to put it out quickly, thank goodness, but it smelled awful and there's definitely some charring and smoke damage. I'm so scared! It could have been so much worse! I just… I can't believe this happened! It was a defective solar panel, I'm sure of it!",Linda Ramirez,Home,Product Defect,Poorly manufactured solar panel malfunctioned and caused minor fire damage.,Minor,Panicked,2025-01-10,"Crosstown, MS"
a46f6d86-e895-4cc9-8f72-d8d2f329f107,HO-476575312,"Are you KIDDING ME?  My bedroom is RUINED!  It's not just a little drip, it's MOLD, growing because some idiot didn't seal a window properly.  Rainwater just POURING in, I guess.  Now I've got this disgusting black stuff all over my walls and it smells like a swamp.  This is an absolute nightmare, and I can't live like this.  I want this fixed YESTERDAY.  The inconvenience is INSANE, I can't even use my own bedroom!  Get your act together and handle this NOW!",Cody Carpenter,Home,Water Damage,Rainwater infiltration through a poorly sealed window frame caused mold growth in the bedroom.,Moderate,Frustrated,2024-01-17,"Sarahfort, MO"
be314227-aa14-4574-b4fe-d0d3c3516064,HO-698520727,"Are you KIDDING me?! Someone actually STOLE my mailbox? On March 21st, 2024, right here in Khanmouth, NJ! Who does that? It's not like it was some priceless antique, but it was MY mailbox! Now I have to deal with this ridiculous inconvenience. I can't get my mail, I can't put outgoing mail out. It's an absolute nightmare! I expect this to be sorted out IMMEDIATELY. I pay my premiums, and this is what I get? A stolen mailbox and a giant headache. Get this fixed, NOW!",Danielle Caldwell,Home,Theft,A mailbox was stolen from its post.,Minor,Frustrated,2024-03-21,"Khanmouth, NJ"
ea1105bf-f37d-4984-8e32-fae8afc3d5d9,HO-315781243,Shed blown over. Collapsed. Wind damage. Backyard.,Paula Johnson,Home,Wind Damage,A shed in the backyard was blown over and partially collapsed.,Moderate,Minimalist,2024-07-16,"East Travisview, CT"
97b51ebd-6a80-454e-b058-e061f618d62c,AU-278182669,"Are you KIDDING ME?! On September 23rd, 2025, in North Joshuashire, NE, I was driving my car like a normal human being when some INSANE insect decided to invade my personal space. A STINGING insect, mind you!  I reacted – like ANYONE would – to try and get rid of it, and BAM!  Lost control.  Now my car is all banged up, and frankly, I'm furious about the whole ridiculous situation. This is beyond inconvenient; it's an absolute nightmare.  I expect this to be sorted out IMMEDIATELY. I don't have time for this nonsense!",Riley Gordon,Auto,Driver Error / Behavior (Unusual),"Driver attempted to swat a stinging insect inside the car, losing control.",Moderate,Frustrated,2025-09-23,"North Joshuashire, NE"
433f352e-97b4-4a6b-8c98-fb1fbfe5161e,HO-437810987,"Uh, hello?  So, something really weird happened in my basement.  It got, like, super cold for a bit, and then maybe it got warm again really fast?  I'm not entirely sure what happened.  But then, I heard this awful noise, like a big *crack* and water started… everywhere.  It looks like a pipe, you know, one of those water tubes, just… burst.  It’s a mess down there.  I think it was because of the weather, those big temperature swings.  I don't really get how it all works, but the pipe is definitely broken and water is coming out.  It’s all very confusing.  This was on December 23rd, down in Patriciafort.",Larry Cole,Home,Environmental,Extreme temperature fluctuations caused a pipe to burst in the basement.,Major,Confused,2023-12-23,"Patriciafort, CA"
d75fa699-6d16-40cb-b8d0-82a96cc09a11,AU-862469495,"ARE YOU KIDDING ME?! My car was STOLEN. STOLEN! And then these absolute dirtbags decided to go joyriding in it like it was some kind of amusement park ride. Now it's back, but it looks like it went through a demolition derby. The whole interior is trashed, there are dents and scratches all over, and I bet it's mechanically screwed too.  I can't believe this is happening. I need this fixed YESTERDAY. I have places to be, people to see, and now I'm stuck with this heap of junk.  Get your act together and sort this out NOW!",Megan Sanchez,Auto,Security/Theft Related,Vehicle was stolen and recovered with significant damage from joyriding.,Major,Frustrated,2024-12-15,"West Jessicaland, DC"
b065b874-e732-4e39-b7ba-0abe8216a74c,HO-933712306,"Dust storm. North Tasha, WV. 2024-10-08. Exterior paint ruined. Windows scratched. Damage significant.",Bryan Farrell III,Home,Environmental,Unusual dust storm caused damage to exterior paint and windows.,Moderate,Minimalist,2024-10-08,"North Tasha, WV"
63c127b7-c3d5-49e3-ac52-8a108e3da0ca,AU-820482979,"Okay, so I was just driving, you know, on New Year's Eve, down near South Allison, and this... this thing just came out of nowhere! It was like a flying toy, but it hit my car.  It smashed right into the windshield.  I don't even know what it was, a drone maybe?  It just… fell from the sky, I guess?  And now my windshield is all cracked.  I'm not really sure what happened, or what I'm supposed to do.  Is this something my insurance covers?",Tammy Martinez,Auto,Object in Roadway,Rogue drone crashed into the windshield.,Moderate,Confused,2024-12-31,"South Allison, WY"
4c0956fe-e68b-4212-b2e2-30ee3e415670,HO-608838185,"OH MY GOSH! It's absolutely terrible!  The rain started yesterday, just normal rain, and water just started POURING in through the windows!  It's like the seals are completely ruined or something!  My living room is soaked, the carpet is ruined, and I'm so scared of mold!  I don't know what to do, this is a disaster!",Gina Pearson,Home,Product Defect,Defective window seals allowed water ingress during normal rain.,Moderate,Panicked,2025-01-07,"Hatfieldbury, NH"
865922bc-2212-4e1e-939d-a9b50103b932,HO-254008218,"Theft. Garden sculptures. Front yard gone. Port Kathleenside, IN. 2025-09-16.",Jack Miller,Home,Theft,Garden sculptures were stolen from the front yard.,Moderate,Minimalist,2025-09-16,"Port Kathleenside, IN"
c345a284-79c3-4891-8a24-d2c4bac6b8a2,AU-393888070,"Um, hi. I think my car's kinda busted.  So, it was, like, getting really hot, you know? The gauge was way up there.  And then, uh, I guess something in the engine, the cooling thingy, it didn't do its job?  And now it's making weird noises and it won't even start.  I don't really know what happened, just that it's not working.  Something about a gasket? I'm not sure what that is.  It was in North Miranda, on the 29th of August, I think.  I just want it fixed, but I don't really know how this insurance stuff works.",Justin Lee,Auto,Maintenance Related (Neglect),Cooling system neglect led to engine overheating and gasket failure.,Major,Confused,2024-08-29,"North Miranda, AR"
9ae4aa80-309b-4ce2-b85c-0551ac24a1bd,AU-293240408,"On April 10, 2024, at approximately 14:30 CST, the insured vehicle was involved in an incident in Leonardshire, MN. The driver of the insured vehicle reported that they were consulting a navigation device and consequently failed to observe a critical road signage, resulting in a collision with a stationary object. The damage sustained by the insured vehicle is limited to the front passenger side quarter panel and associated lighting components.",Margaret Robinson,Auto,Driver Error / Behavior (Unusual),Driver was looking at a map or GPS device and missed a critical road sign.,Minor,Formal,2024-04-10,"Leonardshire, MN"
f48b7f8f-e78c-4b45-b918-3a464fabafd4,HO-914097272,"ARE YOU KIDDING ME?! My house is a disaster thanks to a faulty attic fan that decided to catch fire on June 12th, 2024!  I can't even believe this happened.  The whole attic is smoke-damaged, and who knows what else is compromised.  It's been a complete nightmare dealing with the smell, the cleanup, and just the overall stress of it all.  I expect this to be handled IMMEDIATELY. I'm not paying for some shoddy electrical work to burn down my home. Get this fixed and get it fixed NOW!",Amy Blair,Home,Fire Damage,Fire started from a short circuit in the attic fan.,Major,Frustrated,2024-06-12,"Webbbury, MN"
e5667cbe-bd87-4ab5-b4b1-5674ab71534d,HO-288316168,"On February 20, 2025, a fire originating from the malfunction of Christmas tree lights caused damage to the living room of the insured property located in Brownview, NH. The incident resulted in structural and content damage.",Elizabeth Schmidt,Home,Fire Damage,Christmas tree lights malfunctioned and started a fire in the living room.,Moderate,Formal,2025-02-20,"Brownview, NH"
1a3fcd91-06c6-40cc-89af-3d97fbc43184,HO-461630495,"Oh, I'm so terribly sorry to have to report this.  It's quite embarrassing, really.  On August 3rd, at my home in Lake Shannontown, KS, we had a rather strong gust of wind, and I'm afraid my garage door frame just... buckled.  It wasn't like a tree fell on it or anything directly from a storm, just the wind itself.  I feel awful about it, and I'm so sorry to be making a claim for something that feels like it might have been preventable. I should have probably had it checked sooner, I suppose.  It's just a really unfortunate situation, and I'm truly regretful.",Becky Ayala,Home,Structural Failure,"Garage door frame buckled after a strong gust of wind, not a direct storm impact.",Moderate,Apologetic,2024-08-03,"Lake Shannontown, KS"
41c83fe2-dd51-498f-b5f0-066201e7c6c3,HO-584589853,"I'm not really sure what happened. There was this... shaking. Not a big one, you know, not like the movies with buildings falling down. But something happened to the house. The chimney, I think? It's just... not right. Like it sort of... crumpled. I'm not sure if it was an earthquake, it didn't feel like a big one, but it definitely shook.  It's just all messy now.  I don't know if this is something you guys even cover.  It's the house, and that chimney part. It was on May 14th, 2025, here in Alvaradoland.",Elizabeth Norman,Home,Structural Failure,Chimney collapsed due to seismic activity not strong enough for a general earthquake claim.,Moderate,Confused,2025-05-14,"Alvaradoland, CO"
658310fe-0955-41ef-b5ed-8d68575a947a,HO-518485498,"Oh dear, I am so incredibly sorry to have to bother you with this. It's all my fault, really. I should have… well, I don't know what I should have done, but I feel terribly responsible.  Apparently, some squirrels, I'm so embarrassed to say, have been having a field day with our satellite dish cable.  They've chewed right through it, and in the process, they've managed to damage some of the roof shingles.  It's just awful, and I feel so bad about the whole situation.  This happened around April 23rd, 2024, here in Santostown, AK.  I'm just so sorry for the mess and the trouble this is causing.",Tammy Tate,Home,Animal Damage,"Squirrels chewed through the satellite dish cable, damaging the roof shingles.",Minor,Apologetic,2024-04-23,"Santostown, AK"
7ef17d12-0c08-428b-92c6-0d43a12c18f5,AU-086079254,"Oh my god, I'm so shaken up! I was driving yesterday, October 10th, 2024, in Patelmouth, OH, and suddenly my brakes just failed! It was terrifying! I think it's the brake pads, they just completely gave out, like they weren't even there! I almost crashed! It was a product defect, for sure, this has to be covered!",Carlos Bowers,Auto,Product Defect (Specific),Defective brake pad material caused premature failure.,Major,Panicked,2024-10-10,"Patelmouth, OH"
69198572-c04a-4221-ab94-f067a88dd3ec,AU-394731431,"On April 29, 2025, an aftermarket turbocharger installed on the insured vehicle malfunctioned. This malfunction resulted in consequential damage to the vehicle's engine. The incident occurred in Johnsonborough, Alaska. The turbocharger was an aftermarket modification. Further investigation is required to ascertain the precise cause of the turbocharger failure and the full extent of the engine damage.",Randy White,Auto,Modification/Customization Related,"Aftermarket turbocharger malfunctioned, causing engine damage.",Major,Formal,2025-04-29,"Johnsonborough, AK"
a7daa5c2-9565-4061-ad9e-1d19bf7a6f14,HO-803827602,Wall bowed inward. Soil pressure. Ground wet. Not landslide. Structural failure.,Carlos Turner,Home,Structural Failure,"Wall bowed inward due to soil pressure from an unusually saturated ground, not a landslide.",Moderate,Minimalist,2025-12-02,"North Jamiefurt, MD"
8dcad3aa-caff-4f78-ace3-92be023c6b55,AU-215001368,"Are you KIDDING ME?! I filed this claim on December 3rd, 2024, and it's STILL not resolved! My custom undercarriage mods, which I paid good money for, decided to get my car STUCK on a stupid speed bump in Sanchezberg!  It's sitting there, a monument to my terrible luck and this snail-paced insurance company.  Do you have ANY idea how inconvenient this is? I've had to take UBER everywhere for almost a WEEK! This is ridiculous. I want this fixed NOW. Tow it, fix it, whatever you need to do, but get my vehicle back to me. I'm not paying for this nonsense, and I'm certainly not waiting around forever. FIX IT!",Terry Figueroa,Auto,Modification/Customization Related,Undercarriage modifications caused the vehicle to get stuck on a speed bump.,Moderate,Frustrated,2024-12-03,"Sanchezberg, AL"
265c9924-ed5f-48b3-88a9-4f79b102bdf8,AU-154704304,"On January 10, 2025, at approximately 14:30 hours, while operating my vehicle on a public roadway in Port Kenneth, IL, an unsecured shopping cart, propelled by high winds, entered the path of travel. This resulted in a collision between my vehicle and the shopping cart. The incident occurred solely due to the unexpected presence of the object in the roadway.",Carrie Atkinson,Auto,Object in Roadway,Shopping cart blew onto the roadway in high winds.,Moderate,Formal,2025-01-10,"Port Kenneth, IL"
b5e1c9f7-bafd-4a31-9fd1-ab632273ce5a,AU-412718269,"On August 16, 2025, the engine of the insured vehicle experienced a catastrophic failure. This failure is attributed to the overdue replacement of the timing belt. The seized engine renders the vehicle inoperable.",Brittany Hartman,Auto,Maintenance Related (Neglect),Overdue timing belt replacement caused the engine to seize.,Total Loss,Formal,2025-08-16,"South Robert, OR"
8fee6fbf-f7c6-40f9-9fc1-176106b429c5,AU-956789007,"Oh dear, I'm so incredibly sorry about this whole mess. It's just… mortifying.  My car just… died on me.  Completely seized up, right there on the highway near Chandlerberg on December 10th.  I didn't see it coming at all, and I guess everyone behind me had to slam on their brakes, and… well, it all happened so fast.  I feel absolutely awful that I caused this.  It's entirely my fault, my engine just failed unexpectedly.  I'm just so embarrassed and incredibly regretful for all the trouble and damage this has caused.  I truly hope everyone is alright.  This is just… the worst.",John Short,Auto,Vehicle Malfunction (Internal),"Engine seized unexpectedly, causing a multi-car pile-up as other vehicles braked hard.",Major,Apologetic,2024-12-10,"Chandlerberg, WV"
02c8f351-6809-4a35-ba3f-406625b3be9f,AU-948235818,"So, uh, I was driving my car, the one with the, you know, the music player in it. And it was just a normal Thursday, September 4th, 2025, I think?  I was just on my way somewhere in Nathanielstad. And then... I don't really know.  The radio, or stereo, whatever it's called, it just made this HUGE, LOUD BANG!  Like, a really, really loud, unexpected noise.  And it scared me, you know?  It made me jump, and I guess I… I must have bumped into something? Or maybe swerved? I’m not entirely sure what happened right after the noise, my mind just went blank for a second because it was so startling.  It was definitely the stereo’s fault, I think. It just… went off.  And now there’s a dent on the side.  I’m not really sure how it all connects, honestly.  It’s all a bit confusing.",Robert Padilla,Auto,Driver Error / Behavior (Unusual),Driver was startled by a loud noise from the car's stereo system.,Moderate,Confused,2025-09-04,"Nathanielstad, TN"
5c7e11cf-0281-40f2-8618-7e4ea95c001b,HO-364088913,"Are you KIDDING me?! On January 7th, 2025, some idiot construction crew next door to my house in Lake Michael, ID, decided to let something fall and smash a HOLE in my roof!  A HOLE!  Now I've got water dripping, I can hear every little noise outside like I'm living in the woods, and my house is basically exposed to the elements.  This is an absolute nightmare and a complete inconvenience.  I demand you people get out here and fix this NOW.  I'm not waiting around for this to get worse.  Get it sorted!",Jennifer Guzman,Home,Accidental Damage,A falling object from a construction site next door damaged the roof.,Major,Frustrated,2025-01-07,"Lake Michael, ID"
8158dcb0-b744-4a11-9630-ed3c0eddfefc,HO-458068634,"On December 6, 2024, a mechanical failure occurred with the water heater installed at the insured property located in North Theresamouth, Puerto Rico.  The thermostat component of the water heater malfunctioned, resulting in an uncontrolled increase in temperature. This overheating subsequently caused damage to the unit itself and potentially surrounding areas.",Jacob Schwartz,Home,Mechanical Failure,"Water heater thermostat failed, causing overheating and damage.",Moderate,Formal,2024-12-06,"North Theresamouth, PR"
0e5746ce-a1be-4096-8ed1-198af642e4ed,HO-737396386,"Um, so, I guess I need to report something that happened?  On October 2nd, or maybe it was the 3rd, I'm not sure, but our outdoor furniture, you know, the nice chairs and the table we had on the patio, they're just... gone.  Someone must have taken them.  I just don't understand how it happened.  It was all there yesterday, and then today, poof.  I don't really know what to do, or what to call this.  Is this something insurance even covers?  I'm really confused about all of this.",Taylor Chen,Home,Theft,Outdoor furniture was stolen from the patio.,Moderate,Confused,2025-10-02,"Kyleville, AL"
2dc0fea4-dbce-4e93-8ec6-1262b8dc4161,HO-327023410,"I'm not really sure how to explain this... I woke up this morning, and it was just... messed up. My garden. Someone, I guess, *vandalized* it? Like, purposefully broke things. It wasn't an accident, I don't think. They tore up my flowers and… I don't know, smashed some of the little decorative stones. It's all in South Dana, TX. I don't really know what else to say. It just looks awful, and I don't understand why anyone would do that. Is this the right place to report this kind of thing? I'm just so confused.",Allison Caldwell,Home,Vandalism,Garden landscaping was intentionally damaged.,Moderate,Confused,2025-02-18,"South Dana, TX"
ed3bc4f0-990c-47c4-86e6-1e8e58fba9cc,AU-360164601,Mudslide. Embankment. Vehicle covered. Weberport. 2024-04-28.,Dawn Smith,Auto,Environmental Hazard,Mudslide from an embankment washed over the vehicle.,Major,Minimalist,2024-04-28,"Weberport, HI"
1daeee99-6c66-4843-adbb-e6bff7025949,AU-892720178,"Car hit by sonic boom.  January 5, 2024. Christinefurt, OR.  Windows cracked. Paint chipped. Damage.  Aircraft sound.",Joseph Colon,Auto,External Factors (Non-Collision),Vehicle was damaged by a sonic boom from an aircraft.,Moderate,Minimalist,2024-01-05,"Christinefurt, OR"
4e77c94e-f3ce-4e4d-a112-48232d06cabb,AU-074971387,"Oh, goodness, I'm so terribly sorry to have to report this. It's all my fault, really. I was driving on the freeway near Deannaland on May 23rd, 2025, and I just... I wasn't paying enough attention. There was a discarded mattress, just sitting there in the middle of the road, and I swerved to avoid it.  In doing so, I unfortunately ended up in a collision.  I'm just so embarrassed and feel awful about it.  I should have been more aware of my surroundings. I hope no one was hurt, and I'm truly sorry for any trouble this has caused.",Robert Snyder,Auto,Object in Roadway,Discarded mattress on the freeway caused a sudden swerving maneuver and collision.,Moderate,Apologetic,2025-05-23,"Deannaland, IN"
f45cb1d9-3a34-4ec5-ae08-8e3e6312441f,HO-854927097,"Oh my gosh, it's a nightmare! There was a landslide, a real one, from the property next door on South Laura, and it's hit my house! I don't know exactly when it happened, but I just saw it!  There's dirt and rocks all over the place, and I think… I think my foundation is damaged!  It's cracked!  I'm so scared, I don't even know what to do!  This is awful, just awful!",Jordan Jackson,Home,Environmental,Landslide on adjacent property caused minor structural damage to the foundation.,Moderate,Panicked,2025-02-07,"South Laura, UT"
d1ac22dd-ab96-4811-81cb-de6f0de27252,HO-214000728,Workshop. Extension cord. Overloaded. Melted. Charred. Electrical fire. Minor damage. Clean up needed.,Adam Wong,Home,Electrical Issues,Overloaded extension cord in the workshop caused melting and charring.,Minor,Minimalist,2024-01-21,"Petermouth, NY"
d63b75f4-2a2d-408d-90a6-4baa98fca612,HO-485384178,"Oh, I'm so incredibly sorry to have to report this, but it seems a delivery driver, bless their heart, was a bit too enthusiastic and accidentally knocked over our mailbox. It happened on June 3rd, 2025, over in East Christopher.  I feel absolutely terrible about it, really.  It was just a moment of carelessness, I suppose, but it's left our poor mailbox in quite a state.  I'm so embarrassed to even be filing this, but it's definitely not in one piece anymore.",Kevin Chavez,Home,Third-Party Negligence,A delivery driver carelessly damaged the mailbox.,Moderate,Apologetic,2025-06-03,"East Christopher, NM"
4506a759-00b7-46cf-9e5d-e6bad86fe018,HO-031837745,"Oh dear, I am so incredibly sorry for all this trouble.  It's all my fault, really. The wind was just frightful on the 12th of May, and I should have secured that old fence better.  I just never imagined it would actually... you know, *fall*.  And onto your car, of all things.  I feel absolutely dreadful about the damage to your vehicle.  It was sitting there so innocently in the driveway, and now... well, it's just a mess.  I truly hope this isn't too much of a hassle for you.  I'm just so, so sorry.",Audrey Parker,Home,Wind Damage,Wind caused a fence to fall onto a parked car in the driveway.,Moderate,Apologetic,2025-05-12,"Sampsonbury, NV"
151e265d-1d03-47c7-9f23-ebe0a55c53d5,HO-768976435,"On June 3, 2025, at approximately 07:00 hours, it was discovered that the tires on my vehicle, a [Year, Make, Model of Vehicle], parked in the driveway at my residence in East Peterview, AS, had been deliberately slashed.  Four tires were affected.  The vandalism occurred overnight.  No other property was damaged.  The vehicle is currently immobilized.",Jessica Mcintosh,Home,Vandalism,Car tires were slashed in the driveway.,Moderate,Formal,2025-06-03,"East Peterview, AS"
d7bf6ac7-083c-4b11-9d1a-edd2c3da514c,AU-874200005,"Oh gosh, so I was just... I was at the Port Ronald place, you know, on May 10th? And some... someone took my car.  It was really scary. They sort of... yanked it away, I think? And when they were done, my car looked all... messed up.  Like, dented and scratched and I don't know what else.  I'm not really sure what happened, it all happened so fast.  They said something about it being a 'carjacking'? Is that what you call it?  And now the car, it's… not good. I don't know how to describe it, it’s just… broken.  I’m not sure what you need me to say, I’m so confused by all of this.",Chelsea Brooks,Auto,Security/Theft Related,Carjacking with damage to the vehicle during the forced removal.,Major,Confused,2025-05-10,"Port Ronald, MN"
96316209-8c99-4887-9c73-2788cb3a3bfa,HO-375152084,"So, uh, it's like, December 31st, you know, New Year's Eve, and I'm just minding my own business, I guess?  And then, BAM!  Something fell from, like, next door's place?  It was all… construction stuff, I think.  And it landed right on my roof.  I don't really know what to call it, it just… happened.  It made a big thud, and now I’m worried about what’s going on up there.  I’m not sure if it’s just a little hole or something worse, it’s hard to see from down here.  I just need someone to… fix it, I suppose.  Is that what this is for?",Stephen Ho,Home,Third-Party Negligence,Construction debris from an adjacent property fell onto the roof.,Moderate,Confused,2024-12-31,"Samanthachester, NE"
deb12cd8-e4c0-467a-bfcd-61a90f340f9e,HO-718672362,"Debris. Adjacent property. Fell on roof. Damaged. Millsshire, RI. Sept 28, 2025.",Jordan Smith,Home,Third-Party Negligence,Construction debris from an adjacent property fell onto the roof.,Moderate,Minimalist,2025-09-28,"Millsshire, RI"
7f42b62c-5391-4952-977d-0b0f0a77422f,HO-763384838,"Oh dear, I am so incredibly sorry to have to report this. I'm just mortified, really.  It seems... well, it seems a rather sizable bee hive has taken up residence *inside* the exterior wall of my home. I feel absolutely dreadful about it, and I'm not even sure how it happened. I should have been more observant, I suppose.  It's caused some structural issues now, which is just awful. I'm so sorry for any trouble this causes.",Patricia Garcia,Home,Animal Damage,"Bees built a large hive within the exterior wall, causing structural issues.",Major,Apologetic,2024-10-30,"North Richardport, CO"
729873b2-1179-4aba-8508-b03d105f8171,AU-521237059,"This is absolutely ridiculous! I'm filing a claim for a defective seatbelt mechanism that *failed* to engage properly during a collision on March 3rd, 2025, in Franciscomouth, VT.  I narrowly avoided a much worse fate thanks to a faulty piece of garbage!  This isn't just a scratch on the paint; this is a serious safety failure that could have cost me my life.  The inconvenience of dealing with this is infuriating, and I expect this to be resolved immediately.  Don't waste my time with bureaucracy; fix this NOW!",Jonathan Thomas,Auto,Product Defect (Specific),Defective seatbelt mechanism failed to engage properly during a collision.,Major,Frustrated,2025-03-03,"Franciscomouth, VT"
48f7b032-4250-4356-bcb9-fdf844a9f45c,AU-780634171,"Oh my gosh, I can't even believe this happened! It was terrifying!  We were on this HUGE downhill, and suddenly the brakes just… went soft!  Like, completely useless!  I was PUMPING them, and nothing!  I swear I thought we were going to go right off the road!  It was so sudden, so unexpected, and I was just absolutely petrified!  I don't even know how I managed to stop the car.  I think it's because the brake fluid wasn't changed like it was supposed to be.  It was neglected, and now my car is probably ruined!  This is a nightmare!",Shaun Johns,Auto,Maintenance Related (Neglect),Neglected brake fluid change resulted in brake fade on a long downhill.,Major,Panicked,2025-02-04,"New Benjamin, MS"
65829132-a811-4ff2-b914-2e0149299c62,AU-620731919,"Oh, dear, I'm so terribly sorry to have to report this.  It's… well, it's quite embarrassing, really.  On the 17th of February, 2025, I was driving in Stephaniefort, Guam, and I… I wasn't paying as close attention as I should have been.  A flock of birds, bless their hearts, just flew right into my windshield at a really high speed. I feel awful about it, truly.  I don't know if there was anything I could have done to avoid it, but I certainly feel responsible for not being more aware of my surroundings.  It was a rather… messy situation, and I'm so sorry for any trouble this causes.",Hannah Hunt,Auto,Animal Collision,Flock of birds flew into the windshield at high speed.,Moderate,Apologetic,2025-02-17,"Stephaniefort, GU"
42eeea9b-0bbf-484f-804c-5983128e85e9,HO-830611493,"Are you KIDDING ME?! I woke up this morning, April 22nd, 2024, to find my damn exterior lighting fixtures completely SMASHED. Vandalism! Who does that?! This is absolutely infuriating.  It's not just the cost of replacing them, it's the fact that my property has been targeted like this.  Now I have to deal with all of this paperwork and waiting around for you people to get your act together. This is a major inconvenience, and frankly, I expect this to be handled IMMEDIATELY.  Don't drag your feet on this, I want this resolved ASAP!",Regina Thompson,Home,Vandalism,Exterior lighting fixtures were vandalized.,Moderate,Frustrated,2024-04-22,"West Ericchester, MA"
66b42c59-2446-416c-9953-bcbd413c0fbe,HO-551821787,"So, uh, my mailbox. It's gone.  Someone just... took it?  From the post out front.  It was there yesterday, I think.  I'm not really sure how it happened, to be honest.  It's just… not there anymore.  I got the policy for, you know, stuff at the house.  Is this something it covers?  I don't really know what to do next.",Kevin Lopez,Home,Theft,A mailbox was stolen from its post.,Minor,Confused,2024-10-29,"East Luis, TX"
CLM-5000,AUTO-5639201,someone scratched my car really bad in parking lot. both doors and hood have deep marks. need complete repaint    I have been a loyal customer for 5 years.,Priya Singh,Auto,Vandalism,Driver door passenger door and hood paint,Medium,Neutral,11-30-25,Office parking lot
CLM-5001,HOM-7721849,kitchen fire happened last night around 2am from gas stove. cabinets burned completely. microwave melted. walls damaged..,Ramesh Gupta,Home,Kitchen fire,Wall cabinets countertop microwave and wall structure,Critical,Neutral,11-29-25,Kitchen
CLM-5002,HLTH-9384756,I slipped at Big Bazaar on wet floor. no warning sign anywhere. back injury cant walk properly..,Sunita Reddy,Liability,Slip and fall,Lower lumbar spine and tailbone,High,Neutral,11-28-25,Big Bazaar aisle 7
CLM-5003,AUTO-7749283,drunk driver crashed into my parked car last night 11pm. front totally smashed. bonnet bent headlights broken radiator leaking..,Deepak Shah,Auto,Parked vehicle collision,Front bumper bonnet both headlights radiator,Critical,Neutral,11-23-25,MG Road street parking
CLM-5004,HLTH-5527394,my father. had heart attack nov 25 night 1130pm. rushed to manipal emergency. angioplasty done three stents. in icu now. bill 450000,Sanjay Reddy,Health,Cardiac emergency,Coronary arteries triple blockage,Critical,Neutral,11-25-25,Manipal Hospital ICU
CLM-5005,HLTH-8472639,Amit Verma here. got hit by car crossing MG Road yesterday 6pm. left leg broken need surgery. policy . ambulance took me fortis. bills already 85000  I might need physiotherapy sessions later.  It happened so suddenly I was in shock.,Amit Verma,Health,Pedestrian accident,Left femur fracture,Critical,Neutral,12-01-25,MG Road crossing
CLM-5006,HOM-4482937,Arjun Nair reporting water leak from ceiling last week. sofa wet laptop damaged. policy number . ceiling has brown stain  The security guard saw the person running away.,Arjun Nair,Home,Ceiling water leak,3-seater sofa and Dell laptop,High,Neutral,11-27-25,Living room
CLM-5007,AUTO-6638471,Kavita Menon here my car got stolen from basement parking in whitefield. 2023 maruti swift white color. happened nov 26 around 3am. filed fir with police. my policy . laptop was also inside the car  It happened so suddenly I was in shock.,Kavita Menon,Auto,Vehicle theft with contents,2023 Maruti Swift and Dell laptop,Critical,Neutral,11-26-25,Whitefield basement parking
CLM-5008,AUTO-4461928,Vikram Shah calling about parking accident. backed into pole at phoenix mall yesterday 3pm. rear bumper dented camera smashed. policy . parking sensor making noise  My mechanic says the repair will be expensive.  The car is currently not drivable and towed to the garage.,Vikram Shah,Auto,Reversing collision,Rear bumper backup camera parking sensors,Medium,Neutral,11-21-25,Phoenix Mall level 2
CLM-5009,HOM-4425176,Kamala Das here water came from upstairs neighbor flat. their washing machine pipe burst. our ceiling collapsed. sofa completely wet. family photos destroyed. tv stand damaged. policy . very upset about photos  I hope this is covered under my policy.,Kamala Das,Home,Upstairs leak damage,Living room ceiling sofa TV stand photo albums,High,Neutral,11-19-25,Living room
CLM-5010,HOM-8831674,pipe burst in bathroom last night. whole bathroom flooded tiles cracked geyser damaged. water went bedroom also carpet ruined.. my policy,Meera Joshi,Home,Pipe burst flooding,Bathroom tiles geyser bedroom carpet,Critical,Neutral,11-24-25,Master bathroom
CLM-5011,AUTO-3395847,someone broke car window overnight. stole macbook pro from back seat. glass everywhere. happened in office parking..   Please let me know the next steps immediately.,Ananya Pillai,Auto,Car break-in theft,Rear window glass MacBook Pro,High,Neutral,11-22-25,Office parking sector 5
CLM-5012,HLTH-6638471,fell on bathroom floor two days back. floor was wet. hip fractured admitted in hospital. very painful cant walk.. policy   The doctor has advised complete bed rest for 2 weeks.  Please let me know the next steps immediately.  I hope this is covered under my policy.,Lata Kulkarni,Health,Bathroom fall,Right hip femoral neck fracture,Critical,Neutral,11-20-25,Home bathroom
CLM-5013,AUTO-8892647,driving outer ring road when rock from truck hit windshield. big crack across driver side. hood paint also chipped. have dashcam video.. policy   Please let me know the next steps immediately.,Rohan Verma,Auto,Road debris impact,Front windshield hood paint,Medium,Neutral,11-18-25,Outer Ring Road Marathahalli
CLM-5014,AUTO-5537284,construction debris fell on my mercedes from building renovation. roof dented rear windshield shattered spoiler broken. happened nov 17 around 230pm. got photos and construction company details..   Please let me know the next steps immediately.  I use this car for my daily commute to work.,Ashwin Reddy,Auto,Falling construction debris,Vehicle roof rear windshield spoiler,Critical,Neutral,11-17-25,Parked near construction site
CLM-5015,HOM-7783925,house fire emergency. kitchen stove fire spread dining room. fire brigade came. kitchen destroyed dining room smoke damage. cant live here need hotel.. policy,Pradeep Nair,Home,Major house fire,Kitchen dining room smoke damage,Critical,Neutral,11-16-25,Ground floor
CLM-5016,AUTO-8872641,policy no  this is third vandalism this month. all four tires slashed hood keyed mirrors broken. happened nov 14. security useless.. very frustrated  This has caused a lot of stress to my family.    The car is currently not drivable and towed to the garage.,Praveen Jain,Auto,Repeat vandalism,Four tires hood paint side mirrors,High,Neutral,11-14-25,Residential parking
CLM-5017,AUTO-9382746,motorcycle fell when dog ran into road. braked hard and skidded left side. bike scratched both sides mirror broken. my arm and leg have road rash. helmet saved me.. policy number   The car is currently not drivable and towed to the garage.  I hope this is covered under my policy.,Karan Singh,Auto,Two-wheeler accident,Left body panel both panels left mirror,High,Neutral,11-10-25,Inner Ring Road Kormangala
CLM-5018,LIAB-3392847,my kid broke neighbors window playing cricket. ball went through bedroom window. glass shattered. they want payment.. liability policy   I have been a loyal customer for 5 years.  Waiting for your quick response.,Sneha Kumar,Liability,Child property damage,Neighbor bedroom window,Low,Neutral,11-11-25,Neighbor ground floor
CLM-5019,AUTO-5738294,multi car accident on highway 5 cars involved. I was middle. front back both damaged airbags deployed. neck whiplash. fog was heavy.. policy   Waiting for your quick response.  I have the dashcam footage if you need it.  The other driver was driving very rashly.,Karthik Reddy,Auto,Multi-vehicle collision,Front bumper hood rear bumper airbags,Critical,Neutral,11-12-25,Bangalore-Mysore Highway KM 45
CLM-5020,HOM-4738291,electrical short circuit at 4am bedroom wall socket sparked. burned wall smoke detector woke us. fire extinguisher stopped it. bedroom fire damage bed wardrobe smoke damaged this is. policy   Waiting for your quick response.,Geeta Iyer,Home,Electrical fire,Bedroom wall socket bed wardrobe,High,Neutral,11-09-25,Master bedroom
CLM-5021,AUTO-3318562,hit deer on mysore highway late night. ran across suddenly no time brake. bumper smashed headlights broken radiator leaking coolant. deer ran away im.   The other driver was driving very rashly.  My mechanic says the repair will be expensive.,Bhavna Reddy,Auto,Animal collision,Front bumper headlights radiator,Critical,Neutral,11-08-25,Mysore Highway KM 78
CLM-5022,HOM-8892647,basement flooded monsoon rains. sump pump failed. water 3 feet high. washing machine dryer damaged. furniture soaked..     I have been a loyal customer for 5 years.,Rohan Sharma,Home,Basement flooding,Washing machine dryer furniture,Critical,Neutral,11-07-25,Basement
CLM-5023,HLTH-7783925,food poisoning hotel buffet. severe vomiting admitted hospital 2 days. dehydration iv fluids tests done. hotel taking responsibility. health policy   This has caused a lot of stress to my family.  It happened so suddenly I was in shock.  The pain is unbearable especially at night.,Pradeep Menon,Health,Food poisoning,Gastrointestinal system,High,Neutral,11-06-25,Hotel and hospital
CLM-5024,AUTO-5928374,yo hail storm damaged car. parked outside. dents on hood roof. rear windshield cracked 3 places. wipers bent..     It happened so suddenly I was in shock.,Deepa Sharma,Auto,Hail damage,Hood roof rear windshield wipers,High,Neutral,11-05-25,Outdoor parking
CLM-5025,LIAB-5938264,my drone crashed into neighbors car. their windshield cracked. expensive dji drone also destroyed. neighbor upset. policy .  Please let me know the next steps immediately.  I hope this is covered under my policy.,Deepa Sharma,Liability,Drone accident,Neighbor windshield,Medium,Neutral,11-04-25,Neighbor driveway
CLM-5026,HOM-9274836,AC outdoor unit fell from wall. damaged floor tiles. AC broken. wall damaged where bracket was.. policy   We have lost many valuable items.    Waiting for your quick response.,Shalini Reddy,Home,AC unit fall,AC unit wall bracket floor tiles,High,Neutral,11-03-25,Outside wall ground floor
CLM-5027,AUTO-6273849,tree branch fell on car during storm. roof dented sunroof cracked. branch damaged antenna. happened during night heavy wind policy .    I use this car for my daily commute to work.,Anil Kumar,Auto,Storm damage,Vehicle roof sunroof antenna,High,Neutral,11-02-25,Home driveway
CLM-5028,HLTH-9274836,stroke happened while working home office. sudden headache vision problem left arm paralysis. called ambulance. ct scan confirmed stroke. in neuro icu now.. . bill estimated 300000  Waiting for your quick response.,Kavita Kumar,Health,Ischemic stroke,Left cerebral artery arm weakness,Critical,Neutral,11-13-25,Home office
CLM-5029,HOM-5627384,laptop spilled coffee all over keyboard trackpad. laptop wont turn on. was working from cafe. accidental damage. device worth 75000.. policy     We have lost many valuable items.,Preeti Sharma,Home,Accidental liquid damage,Laptop keyboard trackpad motherboard,Medium,Neutral,11-01-25,Cafe workspace
CLM-5030,HLTH-4829173,gas cylinder leaked kitchen filled with gas. evacuated family called gas agency. they fixed it. but we had bad headache nausea from gas. minor gas poisoning..   This has caused a lot of stress to my family.,Suresh Patel,Health,Gas leak poisoning,Respiratory system mild poisoning,Medium,Neutral,10-31-25,Kitchen
CLM-5031,HOM-7362849,burglary happened when we were out of town. thieves broke back door. stole jewelry tv laptop. police filed fir. estimate 350000 worth stolen.. policy   Waiting for your quick response.,Maya Desai,Home,Burglary theft,Gold jewelry LED TV laptop,Critical,Neutral,10-30-25,Home back door entry
CLM-5032,AUTO-8293746,so what happened was I was driving to office and there was this biker who suddenly cut in front without indicating and I had to brake hard but the car behind me didnt brake in time and hit me from back so now rear bumper is damaged trunk wont close properly and also neck is paining from jerk my name is. policy   I hope this is covered under my policy.  The car is currently not drivable and towed to the garage.,Mohan Rao,Auto,Rear-end collision,Rear bumper trunk latch,Medium,Neutral,10-29-25,Office route main road
CLM-5033,HLTH-5928374,okay so basically yesterday I was cooking and the pressure cooker exploded I dont know why maybe too much pressure and the hot dal went everywhere on the kitchen wall ceiling my hand got burned pretty bad second degree burns went to hospital got bandage my policy .    I have been a loyal customer for 5 years.,Radha Krishnan,Health,Pressure cooker burn,Right hand second degree burns,High,Neutral,10-28-25,Kitchen during cooking
CLM-5034,HOM-6372819,listen this is really frustrating because washing machine started leaking water and I didnt notice and the whole kitchen floor got wet and water seeped under the cabinets and now all the base cabinets have water damage the wood is swollen and my stored utensils got wet too.       I have been a loyal customer for 5 years.,Anjali Menon,Home,Appliance water leak,Kitchen floor base cabinets stored items,Medium,Neutral,10-27-25,Kitchen
CLM-5035,AUTO-4738291,calling for my uncle who doesnt use phone much. his scooter was hit by auto rickshaw near market. scooter front damaged headlight broken. uncle has knee injury. happened oct 26. uncle name. policy   I have the dashcam footage if you need it.,Venkat Rao,Auto,Two-wheeler collision,Scooter front panel headlight,Medium,Neutral,10-26-25,Near local market
CLM-5036,HLTH-8372946,reporting for mother. she had eye surgery cataract removal oct 25. surgery successful but post op care expensive. total bill 125000. mother is. health policy   The hospital staff was very helpful during admission.  The doctor has advised complete bed rest for 2 weeks.  I have been a loyal customer for 5 years.,Sarala Devi,Health,Cataract surgery,Right eye lens,High,Neutral,10-25-25,Eye hospital
CLM-5037,HLTH-6291847,this is for my wife who is in hospital. slip and fall at shopping mall escalator. ankle broken. surgery done. Im filing claim her policy  name is.  I have already spent 20000 on medicines.  The pain is unbearable especially at night.,Anita Kulkarni,Health,Escalator fall,Left ankle fracture,High,Neutral,10-24-25,Shopping mall
CLM-5038,HOM-2837465,yesterday morning I was getting ready for work and I noticed water dripping from bathroom ceiling and then suddenly more water started coming and I realized pipe must have burst somewhere and by the time I called plumber the whole bathroom was flooded tiles are cracked geyser stopped working and water even went to bedroom and ruined the carpet this is really bad my policy is  name. please help  We had to stay at a hotel for the night.  We have lost many valuable items.  Waiting for your quick response.,Rajiv Sharma,Home,Pipe burst,Bathroom tiles geyser bedroom carpet,Critical,Neutral,10-23-25,Bathroom and bedroom
CLM-5039,AUTO-7362849,was driving home from office around 8pm on ring road and suddenly this truck in front of me just stopped without any warning and I tried to brake but roads were wet from rain and my car skidded and I hit the truck from behind now my front is completely damaged bonnet crushed headlights gone radiator leaking and airbag also deployed im okay just shocked.   I hope this is covered under my policy.  I have the dashcam footage if you need it.,Kiran Desai,Auto,Rear-end truck collision,Front bumper bonnet headlights radiator airbag,Critical,Neutral,10-22-25,Ring road during rain
CLM-5040,HLTH-8293746,fell down stairs at metro station. right ankle twisted badly. cant put weight on it. doctor says fracture. plaster done.. policy   It happened so suddenly I was in shock.  This has caused a lot of stress to my family.,Ramesh Kumar,Health,Staircase fall,Right ankle fracture,High,Neutral,10-21-25,Metro station stairs
CLM-5041,HLTH-9283746,playing football yesterday. collided with another player. left wrist broken. xray confirmed fracture. cast applied..  The hospital staff was very helpful during admission.  The pain is unbearable especially at night.,Arjun Menon,Health,Sports injury,Left wrist fracture,Medium,Neutral,10-20-25,Football ground
CLM-5042,HLTH-7362849,my son fell from bicycle. right arm broken. emergency room visit. fracture confirmed. surgery scheduled. policy .  This has affected my ability to go to work.,Kavita Sharma,Health,Bicycle accident,Right forearm fracture,High,Neutral,10-19-25,Park cycling track
CLM-5043,HLTH-5928374,slipped on ice cream spill in mall food court. fell hard on left side. ribs broken. breathing hurts. admitted for observation..   The pain is unbearable especially at night.  Waiting for your quick response.  The surgery is scheduled for tomorrow morning.,Deepak Joshi,Health,Slip and fall,Three left rib fractures,High,Neutral,10-18-25,Mall food court
CLM-5044,HLTH-4829173,tripped on footpath crack while jogging. fell forward. both hands out. right collarbone broken. sling and rest prescribed..  The pain is unbearable especially at night.    I hope this is covered under my policy.,Priya Nair,Health,Jogging accident,Right clavicle fracture,Medium,Neutral,10-17-25,Morning jogging path
CLM-5045,AUTO-8473629,car broken into last night. they stole my iPhone 15 from dashboard. window smashed. glass everywhere.. policy     My mechanic says the repair will be expensive.,Suresh Reddy,Auto,Car break-in theft,Car window glass iPhone 15,High,Neutral,10-16-25,Residential street parking
CLM-5046,AUTO-6273849,someone stole my gold chain while I was at gym. kept it in locker room. locker broken. chain worth 150000..  I have the dashcam footage if you need it.,Meera Singh,Auto,Locker room theft,Gold chain 50 grams,High,Neutral,10-15-25,Gym locker room
CLM-5047,HOM-9384756,burglary at home. we were on vacation. thieves took samsung TV airpods and cash. police report filed. estimate 125000 loss. policy .  The security guard saw the person running away.,Rajiv Kulkarni,Home,Home burglary,55inch Samsung TV AirPods cash,Critical,Neutral,10-14-25,Home via balcony entry
CLM-5048,LIAB-7362849,bag snatching happened near bus stop. they took my handbag with wallet and documents. lost 15000 cash..   I have been a loyal customer for 5 years.  Waiting for your quick response.,Sunita Menon,Liability,Bag snatching,Handbag wallet cash documents,Medium,Neutral,10-13-25,Bus stop main road
CLM-5049,HOM-5928374,office laptop stolen from cafe table. went to washroom for 2 minutes. came back laptop gone. worth 95000. company property. policy .  I have been a loyal customer for 5 years.,Karan Verma,Home,Cafe theft,Dell Latitude laptop,High,Neutral,10-12-25,Cafe Koramangala
CLM-5050,HOM-8473629,jewelry box stolen from bedroom. house help suspect. gold bangles necklace earrings gone. total 8 lakh worth.. policy   This is the first time I am filing a claim.,Geeta Iyer,Home,Domestic theft,Gold jewelry 200 grams,Critical,Neutral,10-11-25,Master bedroom
CLM-5051,HOM-6283746,someone broke garage lock. stole bicycle tool kit and helmet. bike was expensive firefox. total loss 35000..  Waiting for your quick response.  Please let me know the next steps immediately.,Vikram Shah,Home,Garage theft,Firefox bicycle tool kit helmet,Medium,Neutral,10-10-25,Home garage
CLM-5052,HOM-7362849,chimney fire happened during diwali. sparks fell on curtains. bedroom curtains burned. smoke damage to walls. policy .,Anita Reddy,Home,Curtain fire,Bedroom curtains walls smoke damage,High,Neutral,10-09-25,Master bedroom
CLM-5053,HOM-8293746,electric heater caught fire in living room. carpet burned. sofa has burn marks. smoke everywhere..  The water has damaged the wooden flooring as well.  I hope this is covered under my policy.,Praveen Joshi,Home,Heater fire,Living room carpet sofa,High,Neutral,10-08-25,Living room
CLM-5054,HOM-5938264,oil caught fire while frying. flames went up to exhaust fan. fan melted. kitchen ceiling blackened..   Please let me know the next steps immediately.,Kamala Das,Home,Cooking oil fire,Exhaust fan kitchen ceiling,Medium,Neutral,10-07-25,Kitchen stove area
CLM-5055,HOM-7483926,incense stick fell on bed. bedsheet caught fire. mattress partially burned. quick action saved more damage. policy .  Waiting for your quick response.  The security guard saw the person running away.,Mohan Rao,Home,Incense fire,Bedsheet mattress,Medium,Neutral,10-06-25,Bedroom
CLM-5056,HOM-9374628,balcony dried clothes caught fire from neighbor cigarette. three shirts two pants burned. balcony railing damaged..      This has caused a lot of stress to my family.,Deepa Sharma,Home,Balcony fire,Clothes balcony railing,Low,Neutral,10-05-25,Balcony
CLM-5057,AUTO-8372946,side swipe accident on highway. truck changed lane without seeing me. left side doors scratched. mirror broken..   This has caused a lot of stress to my family.  This is the first time I am filing a claim.,Karthik Reddy,Auto,Side-swipe collision,Left doors side mirror,Medium,Neutral,10-04-25,Highway near electronic city
CLM-5058,AUTO-7362849,t-bone accident at signal. other car jumped red light. hit my right side. passenger door crushed. airbag deployed..,Preeti Kulkarni,Auto,T-bone collision,Right passenger door B-pillar airbag,Critical,Neutral,10-03-25,Traffic signal junction
CLM-5059,AUTO-9283746,backed out of driveway. didnt see kid bicycle. ran over bike. bike destroyed. kid minor injuries. policy .  This has caused a lot of stress to my family.,Ravi Sharma,Auto,Reversing accident,Kid bicycle minor injuries,Medium,Neutral,10-02-25,Home driveway
CLM-5060,AUTO-6384729,head on collision on narrow road. both cars damaged. my bonnet airbag bumper gone. other driver also injured.. policy       The other driver was driving very rashly.,Sunil Menon,Auto,Head-on collision,Front bonnet airbags bumper,Critical,Neutral,10-01-25,Narrow village road
CLM-5061,AUTO-5928374,hit pothole at high speed. tire burst. lost control hit divider. front right side damaged. suspension broken..  Please let me know the next steps immediately.  The car is currently not drivable and towed to the garage.,Bhavna Iyer,Auto,Pothole accident,Front right tire suspension bumper,High,Neutral,09-30-25,Ring road
CLM-5062,AUTO-7483926,hydroplaning in heavy rain. car spun and hit guardrail. rear left door and bumper dented..   Waiting for your quick response.  I hope this is covered under my policy.,Anjali Desai,Auto,Rain hydroplaning,Rear left door bumper,High,Neutral,09-29-25,Highway in rain
CLM-5063,HOM-8374629,washing machine hose burst during cycle. water flooded kitchen and hall. wooden flooring swollen..   Please let me know the next steps immediately.  Waiting for your quick response.,Rajesh Kumar,Home,Washing machine leak,Kitchen hall wooden flooring,High,Neutral,09-28-25,Kitchen and hall
CLM-5064,HOM-6283746,heavy rain water entered through window. bedroom floor wet. wardrobe bottom damaged. clothes wet..  It happened so suddenly I was in shock.  Please let me know the next steps immediately.,Kavita Nair,Home,Rain water seepage,Bedroom floor wardrobe clothes,Medium,Neutral,09-27-25,Bedroom window side
CLM-5065,HOM-9273846,toilet flush tank overflowed. noticed after 2 hours. bathroom completely flooded. tiles cracked from water. policy .  The security guard saw the person running away.,Deepak Reddy,Home,Toilet overflow,Bathroom floor tiles,Medium,Neutral,09-26-25,Guest bathroom
CLM-5066,HOM-7362849,aquarium glass cracked. 100 liters water leaked. living room carpet soaked. floor laminate damaged..     We had to stay at a hotel for the night.  This has caused a lot of stress to my family.,Priya Sharma,Home,Aquarium leak,Living room carpet floor laminate,High,Neutral,09-25-25,Living room
CLM-5067,HOM-5938264,rainwater collected on terrace. drain blocked. water seeped through roof. bedroom ceiling leaking..      Waiting for your quick response.,Mohan Kulkarni,Home,Terrace water seepage,Bedroom ceiling plaster,High,Neutral,09-24-25,Top floor bedroom
CLM-5068,AUTO-8473629,someone spray painted my car overnight. both sides covered with graffiti. need complete paint job. .    I hope this is covered under my policy.  I have the dashcam footage if you need it.,Suresh Joshi,Auto,Graffiti vandalism,Both side panels paint,High,Neutral,09-23-25,Street parking
CLM-5069,AUTO-7362849,angry neighbor damaged my car. baseball bat marks on bonnet and roof. multiple dents. police complaint filed..  Waiting for your quick response.  My mechanic says the repair will be expensive.,Geeta Menon,Auto,Intentional vandalism,Bonnet roof with dent marks,High,Neutral,09-22-25,Home parking
CLM-5070,HOM-9283746,kids playing broke my window with stone. living room glass shattered. stone damaged tv screen also. policy .  Please let me know the next steps immediately.  We have lost many valuable items.,Anil Kumar,Home,Window vandalism,Living room window TV screen,Medium,Neutral,09-21-25,Living room street side
CLM-5071,HOM-6374829,someone threw eggs and paint at house wall. main door also damaged. cleaning cost high..  The water has damaged the wooden flooring as well.,Sunita Iyer,Home,Property vandalism,Exterior wall main door,Low,Neutral,09-20-25,House front
CLM-5072,HLTH-8473629,severe allergic reaction to food. throat swelling breathing difficulty. emergency room treatment. epipen used..   This has caused a lot of stress to my family.  I hope this is covered under my policy.,Karan Reddy,Health,Allergic reaction,Respiratory system throat,Critical,Neutral,09-19-25,Restaurant emergency
CLM-5073,HLTH-7362849,appendicitis emergency surgery. severe stomach pain rushed to hospital. appendix removed. 3 days hospitalization..  The doctor has advised complete bed rest for 2 weeks.,Meera Kulkarni,Health,Appendicitis surgery,Appendix removal,Critical,Neutral,09-18-25,Hospital emergency
CLM-5074,HLTH-9283746,kidney stone attack. extreme pain. emergency admission. lithotripsy done. stones removed. policy .  The doctor has advised complete bed rest for 2 weeks.    This has affected my ability to go to work.,Rajiv Sharma,Health,Kidney stone,Kidney stones both kidneys,High,Neutral,09-17-25,Hospital urology
CLM-5075,HLTH-6384729,dengue fever. high fever low platelet count. admitted for 5 days. blood transfusion needed..   I have already spent 20000 on medicines.  This has caused a lot of stress to my family.  The doctor has advised complete bed rest for 2 weeks.,Priya Menon,Health,Dengue fever,Blood platelet count,High,Neutral,09-16-25,Hospital infectious disease
CLM-5076,HLTH-5928374,gallbladder stones. surgery done to remove. laparoscopic procedure. 2 days hospital stay..  The hospital staff was very helpful during admission.  It happened so suddenly I was in shock.,Deepak Iyer,Health,Gallbladder surgery,Gallbladder removal,High,Neutral,09-15-25,Hospital surgery
CLM-5077,HLTH-7483926,high blood pressure emergency. chest pain and dizziness. ecg done. medication adjusted. overnight observation. policy .  This is the first time I am filing a claim.  Please let me know the next steps immediately.  The doctor has advised complete bed rest for 2 weeks.,Kavita Desai,Health,Hypertension crisis,Cardiovascular system,High,Neutral,09-14-25,Hospital cardiology
CLM-5078,AUTO-8374629,scooter skidded on oil spill. fell on left side. knee and elbow injuries. scooter handle broken. .,Vikram Nair,Auto,Scooter skid accident,Scooter handle left body panels knee elbow injuries,High,Neutral,09-13-25,Main road oil spill
CLM-5079,AUTO-7362849,bike hit by car from behind at signal. rear light broken. silencer damaged. back pain from impact..    Waiting for your quick response.,Sunil Kumar,Auto,Bike rear-end collision,Rear light silencer back injury,Medium,Neutral,09-12-25,Traffic signal
CLM-5080,AUTO-9283746,pothole caused bike to lose balance. fell in front of other vehicles. bike scratched both sides. shoulder dislocation. policy .  This has caused a lot of stress to my family.,Anjali Reddy,Auto,Pothole bike accident,Both side panels shoulder injury,High,Neutral,09-11-25,Road pothole
CLM-5081,HOM-8473629,dropped ipad on floor. screen completely shattered. device not responding. accidental damage. policy .,Ramesh Iyer,Home,iPad drop damage,iPad Pro screen digitizer,Medium,Neutral,09-10-25,Home living room
CLM-5082,HOM-7362849,power surge damaged my desktop computer. motherboard burned. monitor also affected. lightning strike during storm..  I have been a loyal customer for 5 years.,Priya Kulkarni,Home,Power surge damage,Desktop motherboard monitor,High,Neutral,09-09-25,Home office
CLM-5083,HOM-9283746,kid spilled juice on ps5. console stopped working. controller also damaged. policy .    I hope this is covered under my policy.,Karthik Sharma,Home,Gaming console damage,PS5 console controller,Medium,Neutral,09-08-25,Living room
CLM-5084,HOM-6384729,camera fell from tripod. lens cracked. body also damaged. was shooting outdoor. expensive canon dslr. .  It happened so suddenly I was in shock.  I hope this is covered under my policy.  The water has damaged the wooden flooring as well.,Deepak Menon,Home,Camera fall damage,Canon DSLR body lens,High,Neutral,09-07-25,Outdoor shoot location
CLM-5085,HLTH-8473629,slipped on wet marble floor in hotel lobby. tailbone injury. xray done. hairline fracture. .  This has affected my ability to go to work.  Waiting for your quick response.,Sunita Sharma,Health,Hotel lobby fall,Tailbone hairline fracture,Medium,Neutral,09-06-25,Hotel lobby
CLM-5086,HLTH-7362849,fell from ladder while cleaning windows. shoulder and wrist injury. both sprained. plaster on wrist..  Waiting for your quick response.    The surgery is scheduled for tomorrow morning.,Mohan Reddy,Health,Ladder fall,Right shoulder left wrist sprain,High,Neutral,09-05-25,Home window cleaning
CLM-5087,HLTH-9283746,tripped on torn carpet at office. fell forward. nose bleeding. two teeth chipped. emergency dental work. policy .  The doctor has advised complete bed rest for 2 weeks.  This has affected my ability to go to work.,Kavita Joshi,Health,Office carpet trip,Nose injury two front teeth,Medium,Neutral,09-04-25,Office corridor
CLM-5088,HLTH-6384729,slipped getting out of bathtub. hit head on sink. concussion diagnosed. stitches on forehead..   This has affected my ability to go to work.  I have been a loyal customer for 5 years.,Rajiv Nair,Health,Bathtub slip,Head concussion forehead laceration,High,Neutral,09-03-25,Home bathroom
CLM-5089,HOM-8473629,refrigerator stopped working. all food spoiled. compressor failed. repair estimate 25000. policy .    The security guard saw the person running away.  We have lost many valuable items.,Geeta Kumar,Home,Refrigerator breakdown,Refrigerator compressor stored food,Medium,Neutral,09-02-25,Kitchen
CLM-5090,HOM-7362849,microwave sparked and caught fire. internal damage. smoke smell in kitchen. need replacement..  Waiting for your quick response.,Priya Iyer,Home,Microwave fire,Microwave interior kitchen smell,Medium,Neutral,09-01-25,Kitchen counter
CLM-5091,HOM-9283746,air conditioner outdoor unit stopped during summer. motor burned. high repair cost. policy .,Suresh Menon,Home,AC motor failure,AC outdoor motor compressor,High,Neutral,08-31-25,Outside wall
CLM-5092,HLTH-8473629,stray dog bite while jogging. deep wound on calf. rabies shots started. tetanus injection. .    I hope this is covered under my policy.  The doctor has advised complete bed rest for 2 weeks.,Deepak Kumar,Health,Dog bite,Right calf deep wound,High,Neutral,08-30-25,Morning jogging park
CLM-5093,HLTH-7362849,monkey entered balcony. attacked when tried to shoo. scratches on face and arms. anti rabies course..    I have already spent 20000 on medicines.  It happened so suddenly I was in shock.,Sunita Reddy,Health,Monkey attack,Face and both arms scratches,Medium,Neutral,08-29-25,Home balcony
CLM-5094,HLTH-9283746,bee swarm attack in garden. multiple stings. allergic reaction. emergency treatment. policy .  This has affected my ability to go to work.  This has caused a lot of stress to my family.,Mohan Sharma,Health,Bee sting attack,Multiple bee stings allergic reaction,High,Neutral,08-28-25,Home garden
CLM-5095,HLTH-8473629,cricket ball hit on head during match. concussion symptoms. ct scan done. observation needed. .,Karan Joshi,Health,Cricket head injury,Head concussion,High,Neutral,08-27-25,Cricket ground
CLM-5096,HLTH-7362849,torn ligament while playing badminton. knee twisted badly. mri confirmed tear. surgery recommended..,Priya Nair,Health,Badminton knee injury,Knee ACL tear,Critical,Neutral,08-26-25,Badminton court
CLM-5097,HLTH-9283746,gym weight fell on foot. three toes fractured. xray done. cast applied. 6 weeks rest. policy .  Waiting for your quick response.  The surgery is scheduled for tomorrow morning.,Rajiv Kulkarni,Health,Gym weight injury,Right foot three toe fractures,Medium,Neutral,08-25-25,Gym
CLM-5098,HLTH-8473629,severe toothache. root canal emergency. abscess formed. extraction needed. high pain. .    This is the first time I am filing a claim.,Meera Sharma,Health,Dental abscess,Molar tooth abscess,High,Neutral,08-24-25,Dental emergency
CLM-5099,HLTH-7362849,fell and broke front tooth. emergency dental implant. crown needed. expensive treatment..  It happened so suddenly I was in shock.  The surgery is scheduled for tomorrow morning.,Deepak Menon,Health,Tooth fracture,Front incisor broken,High,Neutral,08-23-25,Accident dental work
CLM-5100,HOM-8473629,ceiling fan fell down. blade hit dining table. table cracked. fan completely broken. policy .    This has caused a lot of stress to my family.  It happened so suddenly I was in shock.,Sunil Iyer,Home,Ceiling fan fall,Ceiling fan dining table,Medium,Neutral,08-22-25,Dining room
CLM-5101,HOM-7362849,termite damage to wooden bed. entire bed structure weakened. wardrobe also affected. fumigation needed..    It happened so suddenly I was in shock.,Kavita Reddy,Home,Termite damage,Wooden bed wardrobe,High,Neutral,08-21-25,Bedroom
CLM-5102,HOM-8473629,strong wind broke balcony glass door. shattered everywhere. curtains also torn. policy .    I have been a loyal customer for 5 years.,Rajesh Sharma,Home,Wind glass damage,Balcony sliding glass door curtains,High,Neutral,08-20-25,Balcony
CLM-5103,HOM-7362849,bird flew into living room window. glass cracked. bird died. window needs replacement..  We had to stay at a hotel for the night.  I have been a loyal customer for 5 years.,Priya Kumar,Home,Bird strike damage,Living room window glass,Low,Neutral,08-19-25,Living room
CLM-5104,AUTO-1712670,backed into pillar in mall parking. rear bumper crushed. sensor broken. .  Please let me know the next steps immediately.  This has caused a lot of stress to my family.,Rahul Sharma,Auto,Parking collision,Rear bumper parking sensor,Medium,Neutral,02-19-25,Mall parking B2
CLM-5105,AUTO-1592722,shopping cart hit my car door. deep scratch and dent. wind blew it. policy .    I have the dashcam footage if you need it.,Priya Singh,Auto,Shopping cart damage,Passenger door dent,Low,Neutral,02-23-25,Supermarket parking
CLM-5106,AUTO-9621861,someone keyed my car while I was at movie. long scratch on bonnet. .  The car is currently not drivable and towed to the garage.  I have the dashcam footage if you need it.,Amit Patel,Auto,Vandalism keying,Bonnet paint scratch,Low,Neutral,02-25-25,Cinema parking
CLM-5107,AUTO-8719669,hit a low wall while parking. front bumper scraped badly. fog light broken. policy .  The car is currently not drivable and towed to the garage.  The other driver was driving very rashly.,Sneha Gupta,Auto,Parking wall scrape,Front bumper fog light,Medium,Neutral,05-24-25,Office parking
CLM-5108,AUTO-9969061,door ding from car parked next to me. paint chipped. dent visible. .    I have the dashcam footage if you need it.,Vikram Reddy,Auto,Door ding,Driver door paint chip,Low,Neutral,02-28-25,Apartment parking
CLM-5109,AUTO-7938763,rear ended at traffic light. bumper fell off. trunk wont open. whiplash injury. policy .    The other driver was driving very rashly.,Anjali Menon,Auto,Rear-end collision,Rear bumper trunk lid neck injury,High,Neutral,04-25-25,Traffic signal
CLM-5110,AUTO-6261862,bus scraped my side mirror. mirror hanging loose. scratches on door..    This is the first time I am filing a claim.,Suresh Kumar,Auto,Bus side scrape,Side mirror door scratches,Medium,Neutral,06-10-25,Bus stop area
CLM-5111,AUTO-9955471,bike hit my car from behind. tail light broken. bumper cracked. biker ran away. policy .    The other driver was driving very rashly.  Please let me know the next steps immediately.,Meera Iyer,Auto,Hit and run bike,Tail light rear bumper,Medium,Neutral,04-20-25,City road
CLM-5112,AUTO-2754161,hit a stray dog on highway. bumper damaged. radiator leaking. dog ran away. .  I have been a loyal customer for 5 years.,Rajesh Verma,Auto,Animal collision,Front bumper radiator,High,Neutral,07-27-25,Highway
CLM-5113,AUTO-4605576,stone from truck hit windshield. star crack in view. needs replacement. policy .  It happened so suddenly I was in shock.    This is the first time I am filing a claim.,Kavita Desai,Auto,Windshield stone chip,Front windshield,Medium,Neutral,05-24-25,Expressway
CLM-5114,AUTO-8848320,tree branch fell on roof during storm. dent on roof. antenna broken. .  I hope this is covered under my policy.  The other driver was driving very rashly.,Deepak Sharma,Auto,Tree branch fall,Roof dent antenna,Medium,Neutral,04-12-25,Street parking under tree
CLM-5115,AUTO-7382987,hail storm caused dents on hood and roof. multiple small dents. paint damage. policy .  It happened so suddenly I was in shock.  Please let me know the next steps immediately.,Sunita Reddy,Auto,Hail damage,Hood roof paint,High,Neutral,05-27-25,Open parking
CLM-5116,AUTO-4628517,flood water entered car. carpet wet. smell inside. engine check light on. .      I hope this is covered under my policy.,Mohan Rao,Auto,Flood water damage,Interior carpet engine electronics,Critical,Neutral,04-21-25,Flooded street
CLM-5117,AUTO-3078187,rat chewed wires in engine bay. car not starting. multiple warning lights. policy .  My mechanic says the repair will be expensive.  The car is currently not drivable and towed to the garage.  I use this car for my daily commute to work.,Priya Nair,Auto,Rodent damage,Engine wiring harness,Medium,Neutral,03-14-25,Home garage
CLM-5118,AUTO-7260136,coconut fell on windshield. glass shattered. dashboard damaged. .    The other driver was driving very rashly.,Arjun Kumar,Auto,Falling object,Windshield dashboard,Medium,Neutral,02-11-25,Parked under coconut tree
CLM-5119,AUTO-2653779,backed into pillar in mall parking. rear bumper crushed. sensor broken. .    This is the first time I am filing a claim.,Rahul Sharma,Auto,Parking collision,Rear bumper parking sensor,Medium,Neutral,02-19-25,Mall parking B2
CLM-5120,AUTO-2951497,shopping cart hit my car door. deep scratch and dent. wind blew it. policy .  Please let me know the next steps immediately.,Priya Singh,Auto,Shopping cart damage,Passenger door dent,Low,Neutral,01-20-25,Supermarket parking
CLM-5121,AUTO-1578182,someone keyed my car while I was at movie. long scratch on bonnet. .  I have the dashcam footage if you need it.,Amit Patel,Auto,Vandalism keying,Bonnet paint scratch,Low,Neutral,04-26-25,Cinema parking
CLM-5122,AUTO-9000025,hit a low wall while parking. front bumper scraped badly. fog light broken. policy .    Waiting for your quick response.  The car is currently not drivable and towed to the garage.,Sneha Gupta,Auto,Parking wall scrape,Front bumper fog light,Medium,Neutral,02-15-25,Office parking
CLM-5123,AUTO-4792995,door ding from car parked next to me. paint chipped. dent visible. .    This has caused a lot of stress to my family.  My mechanic says the repair will be expensive.,Vikram Reddy,Auto,Door ding,Driver door paint chip,Low,Neutral,06-17-25,Apartment parking
CLM-5124,AUTO-1611920,rear ended at traffic light. bumper fell off. trunk wont open. whiplash injury. policy .  This has caused a lot of stress to my family.,Anjali Menon,Auto,Rear-end collision,Rear bumper trunk lid neck injury,High,Neutral,01-25-25,Traffic signal
CLM-5125,AUTO-7050880,bus scraped my side mirror. mirror hanging loose. scratches on door..  The car is currently not drivable and towed to the garage.,Suresh Kumar,Auto,Bus side scrape,Side mirror door scratches,Medium,Neutral,01-17-25,Bus stop area
CLM-5126,AUTO-3776637,bike hit my car from behind. tail light broken. bumper cracked. biker ran away. policy .,Meera Iyer,Auto,Hit and run bike,Tail light rear bumper,Medium,Neutral,04-25-25,City road
CLM-5127,AUTO-5615711,hit a stray dog on highway. bumper damaged. radiator leaking. dog ran away. .  I hope this is covered under my policy.  Please let me know the next steps immediately.,Rajesh Verma,Auto,Animal collision,Front bumper radiator,High,Neutral,02-21-25,Highway
CLM-5128,AUTO-3559814,stone from truck hit windshield. star crack in view. needs replacement. policy .    Waiting for your quick response.  I use this car for my daily commute to work.,Kavita Desai,Auto,Windshield stone chip,Front windshield,Medium,Neutral,04-27-25,Expressway
CLM-5129,AUTO-9060360,tree branch fell on roof during storm. dent on roof. antenna broken. .      I have been a loyal customer for 5 years.,Deepak Sharma,Auto,Tree branch fall,Roof dent antenna,Medium,Neutral,07-17-25,Street parking under tree
CLM-5130,AUTO-2980519,hail storm caused dents on hood and roof. multiple small dents. paint damage. policy .  The other driver was driving very rashly.  I have the dashcam footage if you need it.,Sunita Reddy,Auto,Hail damage,Hood roof paint,High,Neutral,04-16-25,Open parking
CLM-5131,AUTO-6682439,flood water entered car. carpet wet. smell inside. engine check light on. .  My mechanic says the repair will be expensive.  I have been a loyal customer for 5 years.,Mohan Rao,Auto,Flood water damage,Interior carpet engine electronics,Critical,Neutral,01-20-25,Flooded street
CLM-5132,AUTO-6968849,rat chewed wires in engine bay. car not starting. multiple warning lights. policy .  This is the first time I am filing a claim.    Please let me know the next steps immediately.,Priya Nair,Auto,Rodent damage,Engine wiring harness,Medium,Neutral,03-21-25,Home garage
CLM-5133,AUTO-5086611,coconut fell on windshield. glass shattered. dashboard damaged. .  It happened so suddenly I was in shock.  The other driver was driving very rashly.  I hope this is covered under my policy.,Arjun Kumar,Auto,Falling object,Windshield dashboard,Medium,Neutral,06-26-25,Parked under coconut tree
CLM-5134,AUTO-9254267,backed into pillar in mall parking. rear bumper crushed. sensor broken. .    The other driver was driving very rashly.,Rahul Sharma,Auto,Parking collision,Rear bumper parking sensor,Medium,Neutral,01-12-25,Mall parking B2
CLM-5135,AUTO-8740670,shopping cart hit my car door. deep scratch and dent. wind blew it. policy .  It happened so suddenly I was in shock.  Waiting for your quick response.,Priya Singh,Auto,Shopping cart damage,Passenger door dent,Low,Neutral,02-12-25,Supermarket parking
CLM-5136,AUTO-8333641,someone keyed my car while I was at movie. long scratch on bonnet. .  I have been a loyal customer for 5 years.  The car is currently not drivable and towed to the garage.,Amit Patel,Auto,Vandalism keying,Bonnet paint scratch,Low,Neutral,04-18-25,Cinema parking
CLM-5137,AUTO-9771774,hit a low wall while parking. front bumper scraped badly. fog light broken. policy .    My mechanic says the repair will be expensive.  The other driver was driving very rashly.,Sneha Gupta,Auto,Parking wall scrape,Front bumper fog light,Medium,Neutral,01-12-25,Office parking
CLM-5138,AUTO-2996984,door ding from car parked next to me. paint chipped. dent visible. .  Please let me know the next steps immediately.  The other driver was driving very rashly.,Vikram Reddy,Auto,Door ding,Driver door paint chip,Low,Neutral,02-16-25,Apartment parking
CLM-5139,AUTO-4358326,rear ended at traffic light. bumper fell off. trunk wont open. whiplash injury. policy .    I hope this is covered under my policy.,Anjali Menon,Auto,Rear-end collision,Rear bumper trunk lid neck injury,High,Neutral,03-23-25,Traffic signal
CLM-5140,AUTO-4615256,bus scraped my side mirror. mirror hanging loose. scratches on door..  I have the dashcam footage if you need it.,Suresh Kumar,Auto,Bus side scrape,Side mirror door scratches,Medium,Neutral,07-24-25,Bus stop area
CLM-5141,AUTO-1894762,bike hit my car from behind. tail light broken. bumper cracked. biker ran away. policy .    The other driver was driving very rashly.  Please let me know the next steps immediately.,Meera Iyer,Auto,Hit and run bike,Tail light rear bumper,Medium,Neutral,01-16-25,City road
CLM-5142,AUTO-3872161,hit a stray dog on highway. bumper damaged. radiator leaking. dog ran away. .  I have been a loyal customer for 5 years.,Rajesh Verma,Auto,Animal collision,Front bumper radiator,High,Neutral,03-13-25,Highway
CLM-5143,AUTO-3566889,stone from truck hit windshield. star crack in view. needs replacement. policy .      I have the dashcam footage if you need it.,Kavita Desai,Auto,Windshield stone chip,Front windshield,Medium,Neutral,01-24-25,Expressway
CLM-5144,AUTO-1485841,tree branch fell on roof during storm. dent on roof. antenna broken. .  It happened so suddenly I was in shock.  This is the first time I am filing a claim.,Deepak Sharma,Auto,Tree branch fall,Roof dent antenna,Medium,Neutral,06-20-25,Street parking under tree
CLM-5145,AUTO-8112894,hail storm caused dents on hood and roof. multiple small dents. paint damage. policy .    I have been a loyal customer for 5 years.,Sunita Reddy,Auto,Hail damage,Hood roof paint,High,Neutral,04-12-25,Open parking
CLM-5146,AUTO-7299139,flood water entered car. carpet wet. smell inside. engine check light on. .  I have been a loyal customer for 5 years.  It happened so suddenly I was in shock.,Mohan Rao,Auto,Flood water damage,Interior carpet engine electronics,Critical,Neutral,04-20-25,Flooded street
CLM-5147,AUTO-4906817,rat chewed wires in engine bay. car not starting. multiple warning lights. policy .  I use this car for my daily commute to work.,Priya Nair,Auto,Rodent damage,Engine wiring harness,Medium,Neutral,06-25-25,Home garage
CLM-5148,AUTO-2845569,coconut fell on windshield. glass shattered. dashboard damaged. .  I have been a loyal customer for 5 years.  Please let me know the next steps immediately.,Arjun Kumar,Auto,Falling object,Windshield dashboard,Medium,Neutral,04-21-25,Parked under coconut tree
CLM-5149,AUTO-4492861,backed into pillar in mall parking. rear bumper crushed. sensor broken. .    I have been a loyal customer for 5 years.,Rahul Sharma,Auto,Parking collision,Rear bumper parking sensor,Medium,Neutral,06-26-25,Mall parking B2
CLM-5150,AUTO-9350362,shopping cart hit my car door. deep scratch and dent. wind blew it. policy .  Waiting for your quick response.  This is the first time I am filing a claim.,Priya Singh,Auto,Shopping cart damage,Passenger door dent,Low,Neutral,02-14-25,Supermarket parking
CLM-5151,AUTO-6567922,someone keyed my car while I was at movie. long scratch on bonnet. .  My mechanic says the repair will be expensive.    The car is currently not drivable and towed to the garage.,Amit Patel,Auto,Vandalism keying,Bonnet paint scratch,Low,Neutral,04-11-25,Cinema parking
CLM-5152,AUTO-8059653,hit a low wall while parking. front bumper scraped badly. fog light broken. policy .  The car is currently not drivable and towed to the garage.  This is the first time I am filing a claim.,Sneha Gupta,Auto,Parking wall scrape,Front bumper fog light,Medium,Neutral,02-15-25,Office parking
CLM-5153,AUTO-6456266,door ding from car parked next to me. paint chipped. dent visible. .,Vikram Reddy,Auto,Door ding,Driver door paint chip,Low,Neutral,05-26-25,Apartment parking
CLM-5154,AUTO-6732519,rear ended at traffic light. bumper fell off. trunk wont open. whiplash injury. policy .  I have the dashcam footage if you need it.  This has caused a lot of stress to my family.,Anjali Menon,Auto,Rear-end collision,Rear bumper trunk lid neck injury,High,Neutral,04-19-25,Traffic signal
CLM-5155,AUTO-8228513,bus scraped my side mirror. mirror hanging loose. scratches on door..  Waiting for your quick response.,Suresh Kumar,Auto,Bus side scrape,Side mirror door scratches,Medium,Neutral,03-10-25,Bus stop area
CLM-5156,AUTO-7931553,bike hit my car from behind. tail light broken. bumper cracked. biker ran away. policy .    I have the dashcam footage if you need it.,Meera Iyer,Auto,Hit and run bike,Tail light rear bumper,Medium,Neutral,01-19-25,City road
CLM-5157,AUTO-8720200,hit a stray dog on highway. bumper damaged. radiator leaking. dog ran away. .  This has caused a lot of stress to my family.  I have the dashcam footage if you need it.  The other driver was driving very rashly.,Rajesh Verma,Auto,Animal collision,Front bumper radiator,High,Neutral,07-12-25,Highway
CLM-5158,AUTO-7879096,stone from truck hit windshield. star crack in view. needs replacement. policy .    My mechanic says the repair will be expensive.,Kavita Desai,Auto,Windshield stone chip,Front windshield,Medium,Neutral,04-25-25,Expressway
CLM-5159,AUTO-3331932,tree branch fell on roof during storm. dent on roof. antenna broken. .  Please let me know the next steps immediately.  Waiting for your quick response.,Deepak Sharma,Auto,Tree branch fall,Roof dent antenna,Medium,Neutral,02-12-25,Street parking under tree
CLM-5160,AUTO-7525882,hail storm caused dents on hood and roof. multiple small dents. paint damage. policy .    I have the dashcam footage if you need it.,Sunita Reddy,Auto,Hail damage,Hood roof paint,High,Neutral,02-16-25,Open parking
CLM-5161,AUTO-1213584,flood water entered car. carpet wet. smell inside. engine check light on. .  It happened so suddenly I was in shock.  I have been a loyal customer for 5 years.,Mohan Rao,Auto,Flood water damage,Interior carpet engine electronics,Critical,Neutral,06-22-25,Flooded street
CLM-5162,AUTO-2441473,rat chewed wires in engine bay. car not starting. multiple warning lights. policy .  The car is currently not drivable and towed to the garage.  I have been a loyal customer for 5 years.,Priya Nair,Auto,Rodent damage,Engine wiring harness,Medium,Neutral,07-14-25,Home garage
CLM-5163,AUTO-2491939,coconut fell on windshield. glass shattered. dashboard damaged. .  I use this car for my daily commute to work.  This has caused a lot of stress to my family.,Arjun Kumar,Auto,Falling object,Windshield dashboard,Medium,Neutral,05-24-25,Parked under coconut tree
CLM-5164,AUTO-3608701,backed into pillar in mall parking. rear bumper crushed. sensor broken. .    I have the dashcam footage if you need it.,Rahul Sharma,Auto,Parking collision,Rear bumper parking sensor,Medium,Neutral,02-20-25,Mall parking B2
CLM-5165,AUTO-1525962,shopping cart hit my car door. deep scratch and dent. wind blew it. policy .  I hope this is covered under my policy.  I use this car for my daily commute to work.  This is the first time I am filing a claim.,Priya Singh,Auto,Shopping cart damage,Passenger door dent,Low,Neutral,06-21-25,Supermarket parking
CLM-5166,AUTO-8541338,someone keyed my car while I was at movie. long scratch on bonnet. .  This has caused a lot of stress to my family.  This is the first time I am filing a claim.,Amit Patel,Auto,Vandalism keying,Bonnet paint scratch,Low,Neutral,04-26-25,Cinema parking
CLM-5167,AUTO-5436417,hit a low wall while parking. front bumper scraped badly. fog light broken. policy .    This has caused a lot of stress to my family.,Sneha Gupta,Auto,Parking wall scrape,Front bumper fog light,Medium,Neutral,05-24-25,Office parking
CLM-5168,AUTO-3804500,door ding from car parked next to me. paint chipped. dent visible. .  I use this car for my daily commute to work.  This is the first time I am filing a claim.  Waiting for your quick response.,Vikram Reddy,Auto,Door ding,Driver door paint chip,Low,Neutral,05-27-25,Apartment parking
CLM-5169,AUTO-7593414,rear ended at traffic light. bumper fell off. trunk wont open. whiplash injury. policy .    I have been a loyal customer for 5 years.  Please let me know the next steps immediately.,Anjali Menon,Auto,Rear-end collision,Rear bumper trunk lid neck injury,High,Neutral,01-21-25,Traffic signal
CLM-5170,AUTO-2448984,bus scraped my side mirror. mirror hanging loose. scratches on door..    The other driver was driving very rashly.,Suresh Kumar,Auto,Bus side scrape,Side mirror door scratches,Medium,Neutral,07-25-25,Bus stop area
CLM-5171,AUTO-7417417,bike hit my car from behind. tail light broken. bumper cracked. biker ran away. policy .  Please let me know the next steps immediately.,Meera Iyer,Auto,Hit and run bike,Tail light rear bumper,Medium,Neutral,06-11-25,City road
CLM-5172,AUTO-7905720,hit a stray dog on highway. bumper damaged. radiator leaking. dog ran away. .  I use this car for my daily commute to work.  I hope this is covered under my policy.,Rajesh Verma,Auto,Animal collision,Front bumper radiator,High,Neutral,05-14-25,Highway
CLM-5173,AUTO-2818873,stone from truck hit windshield. star crack in view. needs replacement. policy .  My mechanic says the repair will be expensive.  The other driver was driving very rashly.  I have been a loyal customer for 5 years.,Kavita Desai,Auto,Windshield stone chip,Front windshield,Medium,Neutral,03-23-25,Expressway
CLM-5174,AUTO-2344344,tree branch fell on roof during storm. dent on roof. antenna broken. .  It happened so suddenly I was in shock.,Deepak Sharma,Auto,Tree branch fall,Roof dent antenna,Medium,Neutral,02-25-25,Street parking under tree
CLM-5175,AUTO-4232801,hail storm caused dents on hood and roof. multiple small dents. paint damage. policy .,Sunita Reddy,Auto,Hail damage,Hood roof paint,High,Neutral,03-27-25,Open parking
CLM-5176,AUTO-2822778,flood water entered car. carpet wet. smell inside. engine check light on. .  This is the first time I am filing a claim.    The other driver was driving very rashly.,Mohan Rao,Auto,Flood water damage,Interior carpet engine electronics,Critical,Neutral,05-12-25,Flooded street
CLM-5177,AUTO-5175828,rat chewed wires in engine bay. car not starting. multiple warning lights. policy .  Please let me know the next steps immediately.  I have been a loyal customer for 5 years.  My mechanic says the repair will be expensive.,Priya Nair,Auto,Rodent damage,Engine wiring harness,Medium,Neutral,03-21-25,Home garage
CLM-5178,AUTO-5348678,coconut fell on windshield. glass shattered. dashboard damaged. .      I hope this is covered under my policy.,Arjun Kumar,Auto,Falling object,Windshield dashboard,Medium,Neutral,03-20-25,Parked under coconut tree
CLM-5179,AUTO-6161628,backed into pillar in mall parking. rear bumper crushed. sensor broken. .  I have been a loyal customer for 5 years.  Waiting for your quick response.  My mechanic says the repair will be expensive.,Rahul Sharma,Auto,Parking collision,Rear bumper parking sensor,Medium,Neutral,04-17-25,Mall parking B2
CLM-5180,AUTO-7631833,shopping cart hit my car door. deep scratch and dent. wind blew it. policy .    It happened so suddenly I was in shock.,Priya Singh,Auto,Shopping cart damage,Passenger door dent,Low,Neutral,06-26-25,Supermarket parking
CLM-5181,AUTO-8159881,someone keyed my car while I was at movie. long scratch on bonnet. .  This is the first time I am filing a claim.  I use this car for my daily commute to work.,Amit Patel,Auto,Vandalism keying,Bonnet paint scratch,Low,Neutral,04-25-25,Cinema parking
CLM-5182,AUTO-5953472,hit a low wall while parking. front bumper scraped badly. fog light broken. policy .  It happened so suddenly I was in shock.  I hope this is covered under my policy.,Sneha Gupta,Auto,Parking wall scrape,Front bumper fog light,Medium,Neutral,03-23-25,Office parking
CLM-5183,AUTO-6274112,door ding from car parked next to me. paint chipped. dent visible. .    I have been a loyal customer for 5 years.,Vikram Reddy,Auto,Door ding,Driver door paint chip,Low,Neutral,04-16-25,Apartment parking
CLM-5184,AUTO-7591494,rear ended at traffic light. bumper fell off. trunk wont open. whiplash injury. policy .  The other driver was driving very rashly.,Anjali Menon,Auto,Rear-end collision,Rear bumper trunk lid neck injury,High,Neutral,04-24-25,Traffic signal
CLM-5185,AUTO-1362733,bus scraped my side mirror. mirror hanging loose. scratches on door..  My mechanic says the repair will be expensive.  The other driver was driving very rashly.,Suresh Kumar,Auto,Bus side scrape,Side mirror door scratches,Medium,Neutral,03-24-25,Bus stop area
CLM-5186,AUTO-6859970,bike hit my car from behind. tail light broken. bumper cracked. biker ran away. policy .    I have the dashcam footage if you need it.  This is the first time I am filing a claim.,Meera Iyer,Auto,Hit and run bike,Tail light rear bumper,Medium,Neutral,04-13-25,City road
CLM-5187,AUTO-5556678,hit a stray dog on highway. bumper damaged. radiator leaking. dog ran away. .  It happened so suddenly I was in shock.  This is the first time I am filing a claim.  The other driver was driving very rashly.,Rajesh Verma,Auto,Animal collision,Front bumper radiator,High,Neutral,04-17-25,Highway
CLM-5188,AUTO-6129182,stone from truck hit windshield. star crack in view. needs replacement. policy .  Waiting for your quick response.  This has caused a lot of stress to my family.,Kavita Desai,Auto,Windshield stone chip,Front windshield,Medium,Neutral,06-28-25,Expressway
CLM-5189,AUTO-3105784,tree branch fell on roof during storm. dent on roof. antenna broken. .  I have the dashcam footage if you need it.,Deepak Sharma,Auto,Tree branch fall,Roof dent antenna,Medium,Neutral,03-25-25,Street parking under tree
CLM-5190,AUTO-5472338,hail storm caused dents on hood and roof. multiple small dents. paint damage. policy .  I have been a loyal customer for 5 years.,Sunita Reddy,Auto,Hail damage,Hood roof paint,High,Neutral,05-14-25,Open parking
CLM-5191,AUTO-8822272,flood water entered car. carpet wet. smell inside. engine check light on. .    It happened so suddenly I was in shock.  My mechanic says the repair will be expensive.,Mohan Rao,Auto,Flood water damage,Interior carpet engine electronics,Critical,Neutral,06-24-25,Flooded street
CLM-5192,AUTO-2489650,rat chewed wires in engine bay. car not starting. multiple warning lights. policy .      My mechanic says the repair will be expensive.,Priya Nair,Auto,Rodent damage,Engine wiring harness,Medium,Neutral,02-14-25,Home garage
CLM-5193,AUTO-3972134,coconut fell on windshield. glass shattered. dashboard damaged. .  Please let me know the next steps immediately.,Arjun Kumar,Auto,Falling object,Windshield dashboard,Medium,Neutral,05-10-25,Parked under coconut tree
CLM-5194,HOM-8152874,pipe burst under sink. kitchen cabinet ruined. water on floor. .  I have been a loyal customer for 5 years.,Geeta Sharma,Home,Pipe burst,Kitchen cabinet floor,Medium,Neutral,01-20-25,Kitchen sink area
CLM-5195,HOM-6292802,roof leaking in heavy rain. bedroom ceiling wet. paint peeling. policy .  We have lost many valuable items.    This has caused a lot of stress to my family.,Ravi Kumar,Home,Roof leak,Bedroom ceiling paint,Medium,Neutral,01-23-25,Master bedroom
CLM-5196,HOM-5449197,ac drain blocked. water leaked on wall. wallpaper damaged. fungus growth. .  Please let me know the next steps immediately.  Waiting for your quick response.  It happened so suddenly I was in shock.,Anita Desai,Home,AC leak,Wall wallpaper,Low,Neutral,01-22-25,Living room wall
CLM-5197,HOM-9854986,water tank overflowed. terrace flooded. water seeped into walls. policy .  This is the first time I am filing a claim.,Suresh Reddy,Home,Tank overflow,Terrace walls seepage,Medium,Neutral,05-16-25,Terrace and walls
CLM-5198,HOM-9612225,washing machine hose leak. laundry room flooded. tiles slippery. .  The water has damaged the wooden flooring as well.    Waiting for your quick response.,Meera Menon,Home,Appliance leak,Laundry room floor,Low,Neutral,04-20-25,Utility area
CLM-5199,HOM-8673275,short circuit in switch board. sparks and smoke. wall blackened. policy .  We have lost many valuable items.  We had to stay at a hotel for the night.,Karthik Iyer,Home,Short circuit,Switch board wall paint,Medium,Neutral,04-22-25,Bedroom
CLM-5200,HOM-8133536,iron left on clothes. shirt burned. ironing board cover damaged. .  It happened so suddenly I was in shock.  I hope this is covered under my policy.,Priya Sharma,Home,Iron burn,Shirt ironing board,Low,Neutral,02-16-25,Laundry room
CLM-5201,HOM-9824373,voltage fluctuation damaged tv. tv not turning on. motherboard fried. policy .,Deepak Verma,Home,Voltage surge,TV motherboard,Medium,Neutral,07-23-25,Living room
CLM-5202,HOM-4666169,candle fell on carpet. small fire. carpet burned. smoke smell. .  Please let me know the next steps immediately.  The security guard saw the person running away.,Sunita Joshi,Home,Candle fire,Carpet rug,Medium,Neutral,03-28-25,Dining room
CLM-5203,HOM-5417405,toaster caught fire. kitchen smoke. toaster melted. counter mark. policy .    The security guard saw the person running away.,Rahul Nair,Home,Toaster fire,Toaster kitchen counter,Low,Neutral,07-14-25,Kitchen
CLM-5204,HOM-5988893,shoes stolen from outside door. nike sneakers worth 8000. .  It happened so suddenly I was in shock.  We have lost many valuable items.,Vikram Singh,Home,Shoe theft,Nike sneakers,Low,Neutral,07-18-25,Front door
CLM-5205,HOM-8412679,bicycle stolen from parking. lock broken. cycle worth 15000. policy .  We had to stay at a hotel for the night.  It happened so suddenly I was in shock.  Please let me know the next steps immediately.,Anjali Kumar,Home,Bicycle theft,Bicycle lock,Medium,Neutral,07-13-25,Apartment parking
CLM-5206,HOM-4292599,flower pots stolen from garden. expensive ceramic pots. .  The security guard saw the person running away.  It happened so suddenly I was in shock.,Kavita Reddy,Home,Garden theft,Ceramic flower pots,Low,Neutral,03-25-25,Garden area
CLM-5207,HOM-7746664,package stolen from doorstep. amazon delivery. electronics inside. policy .,Mohan Das,Home,Package theft,Delivery package electronics,Low,Neutral,04-19-25,Front porch
CLM-5208,HOM-6470393,laptop stolen from home office. window was open. macbook air. .    We have lost many valuable items.  The security guard saw the person running away.,Rajesh Iyer,Home,Laptop theft,MacBook Air,High,Neutral,03-26-25,Home office ground floor
CLM-5209,HOM-1365932,pipe burst under sink. kitchen cabinet ruined. water on floor. .  This has caused a lot of stress to my family.,Geeta Sharma,Home,Pipe burst,Kitchen cabinet floor,Medium,Neutral,03-11-25,Kitchen sink area
CLM-5210,HOM-3305144,roof leaking in heavy rain. bedroom ceiling wet. paint peeling. policy .  The security guard saw the person running away.  It happened so suddenly I was in shock.,Ravi Kumar,Home,Roof leak,Bedroom ceiling paint,Medium,Neutral,05-15-25,Master bedroom
CLM-5211,HOM-3336364,ac drain blocked. water leaked on wall. wallpaper damaged. fungus growth. .      I have been a loyal customer for 5 years.,Anita Desai,Home,AC leak,Wall wallpaper,Low,Neutral,02-19-25,Living room wall
CLM-5212,HOM-9119633,water tank overflowed. terrace flooded. water seeped into walls. policy .    This has caused a lot of stress to my family.,Suresh Reddy,Home,Tank overflow,Terrace walls seepage,Medium,Neutral,03-26-25,Terrace and walls
CLM-5213,HOM-3775033,washing machine hose leak. laundry room flooded. tiles slippery. .  The water has damaged the wooden flooring as well.  It happened so suddenly I was in shock.,Meera Menon,Home,Appliance leak,Laundry room floor,Low,Neutral,04-22-25,Utility area
CLM-5214,HOM-8616492,short circuit in switch board. sparks and smoke. wall blackened. policy .    I have been a loyal customer for 5 years.,Karthik Iyer,Home,Short circuit,Switch board wall paint,Medium,Neutral,05-25-25,Bedroom
CLM-5215,HOM-8391342,iron left on clothes. shirt burned. ironing board cover damaged. .  Waiting for your quick response.  Please let me know the next steps immediately.,Priya Sharma,Home,Iron burn,Shirt ironing board,Low,Neutral,06-10-25,Laundry room
CLM-5216,HOM-3259169,voltage fluctuation damaged tv. tv not turning on. motherboard fried. policy .  I hope this is covered under my policy.  This is the first time I am filing a claim.,Deepak Verma,Home,Voltage surge,TV motherboard,Medium,Neutral,02-24-25,Living room
CLM-5217,HOM-7627581,candle fell on carpet. small fire. carpet burned. smoke smell. .  This is the first time I am filing a claim.  The security guard saw the person running away.  The water has damaged the wooden flooring as well.,Sunita Joshi,Home,Candle fire,Carpet rug,Medium,Neutral,03-17-25,Dining room
CLM-5218,HOM-1895103,toaster caught fire. kitchen smoke. toaster melted. counter mark. policy .,Rahul Nair,Home,Toaster fire,Toaster kitchen counter,Low,Neutral,02-22-25,Kitchen
CLM-5219,HOM-1684421,shoes stolen from outside door. nike sneakers worth 8000. .  It happened so suddenly I was in shock.,Vikram Singh,Home,Shoe theft,Nike sneakers,Low,Neutral,05-13-25,Front door
CLM-5220,HOM-2986473,bicycle stolen from parking. lock broken. cycle worth 15000. policy .  It happened so suddenly I was in shock.,Anjali Kumar,Home,Bicycle theft,Bicycle lock,Medium,Neutral,06-10-25,Apartment parking
CLM-5221,HOM-2980291,flower pots stolen from garden. expensive ceramic pots. .,Kavita Reddy,Home,Garden theft,Ceramic flower pots,Low,Neutral,03-15-25,Garden area
CLM-5222,HOM-5954080,package stolen from doorstep. amazon delivery. electronics inside. policy .,Mohan Das,Home,Package theft,Delivery package electronics,Low,Neutral,04-20-25,Front porch
CLM-5223,HOM-1781437,laptop stolen from home office. window was open. macbook air. .,Rajesh Iyer,Home,Laptop theft,MacBook Air,High,Neutral,05-14-25,Home office ground floor
CLM-5224,HOM-5109725,pipe burst under sink. kitchen cabinet ruined. water on floor. .    I hope this is covered under my policy.,Geeta Sharma,Home,Pipe burst,Kitchen cabinet floor,Medium,Neutral,02-12-25,Kitchen sink area
CLM-5225,HOM-4626661,roof leaking in heavy rain. bedroom ceiling wet. paint peeling. policy .    This has caused a lot of stress to my family.  We had to stay at a hotel for the night.,Ravi Kumar,Home,Roof leak,Bedroom ceiling paint,Medium,Neutral,04-25-25,Master bedroom
CLM-5226,HOM-7808592,ac drain blocked. water leaked on wall. wallpaper damaged. fungus growth. .  I hope this is covered under my policy.,Anita Desai,Home,AC leak,Wall wallpaper,Low,Neutral,02-22-25,Living room wall
CLM-5227,HOM-6784579,water tank overflowed. terrace flooded. water seeped into walls. policy .  The security guard saw the person running away.,Suresh Reddy,Home,Tank overflow,Terrace walls seepage,Medium,Neutral,03-17-25,Terrace and walls
CLM-5228,HOM-6083504,washing machine hose leak. laundry room flooded. tiles slippery. .  We have lost many valuable items.  This is the first time I am filing a claim.,Meera Menon,Home,Appliance leak,Laundry room floor,Low,Neutral,02-21-25,Utility area
CLM-5229,HOM-5520625,short circuit in switch board. sparks and smoke. wall blackened. policy .  This is the first time I am filing a claim.,Karthik Iyer,Home,Short circuit,Switch board wall paint,Medium,Neutral,04-18-25,Bedroom
CLM-5230,HOM-8607245,iron left on clothes. shirt burned. ironing board cover damaged. .      I hope this is covered under my policy.,Priya Sharma,Home,Iron burn,Shirt ironing board,Low,Neutral,05-16-25,Laundry room
CLM-5231,HOM-8857601,voltage fluctuation damaged tv. tv not turning on. motherboard fried. policy .  We had to stay at a hotel for the night.,Deepak Verma,Home,Voltage surge,TV motherboard,Medium,Neutral,07-26-25,Living room
CLM-5232,HOM-6240401,candle fell on carpet. small fire. carpet burned. smoke smell. .  Waiting for your quick response.  It happened so suddenly I was in shock.,Sunita Joshi,Home,Candle fire,Carpet rug,Medium,Neutral,03-18-25,Dining room
CLM-5233,HOM-3438179,toaster caught fire. kitchen smoke. toaster melted. counter mark. policy .    This has caused a lot of stress to my family.,Rahul Nair,Home,Toaster fire,Toaster kitchen counter,Low,Neutral,07-13-25,Kitchen
CLM-5234,HOM-5560213,shoes stolen from outside door. nike sneakers worth 8000. .      Waiting for your quick response.,Vikram Singh,Home,Shoe theft,Nike sneakers,Low,Neutral,02-23-25,Front door
CLM-5235,HOM-9612721,bicycle stolen from parking. lock broken. cycle worth 15000. policy .,Anjali Kumar,Home,Bicycle theft,Bicycle lock,Medium,Neutral,06-16-25,Apartment parking
CLM-5236,HOM-7253272,flower pots stolen from garden. expensive ceramic pots. .  The security guard saw the person running away.  Please let me know the next steps immediately.  We have lost many valuable items.,Kavita Reddy,Home,Garden theft,Ceramic flower pots,Low,Neutral,04-13-25,Garden area
CLM-5237,HOM-9609963,package stolen from doorstep. amazon delivery. electronics inside. policy .    I hope this is covered under my policy.,Mohan Das,Home,Package theft,Delivery package electronics,Low,Neutral,03-28-25,Front porch
CLM-5238,HOM-5879227,laptop stolen from home office. window was open. macbook air. .  We have lost many valuable items.,Rajesh Iyer,Home,Laptop theft,MacBook Air,High,Neutral,01-20-25,Home office ground floor
CLM-5239,HOM-6847159,pipe burst under sink. kitchen cabinet ruined. water on floor. .    This has caused a lot of stress to my family.  Waiting for your quick response.,Geeta Sharma,Home,Pipe burst,Kitchen cabinet floor,Medium,Neutral,02-10-25,Kitchen sink area
CLM-5240,HOM-6319711,roof leaking in heavy rain. bedroom ceiling wet. paint peeling. policy .,Ravi Kumar,Home,Roof leak,Bedroom ceiling paint,Medium,Neutral,03-13-25,Master bedroom
CLM-5241,HOM-9490311,ac drain blocked. water leaked on wall. wallpaper damaged. fungus growth. .,Anita Desai,Home,AC leak,Wall wallpaper,Low,Neutral,03-16-25,Living room wall
CLM-5242,HOM-1161657,water tank overflowed. terrace flooded. water seeped into walls. policy .  We had to stay at a hotel for the night.,Suresh Reddy,Home,Tank overflow,Terrace walls seepage,Medium,Neutral,03-23-25,Terrace and walls
CLM-5243,HOM-1782506,washing machine hose leak. laundry room flooded. tiles slippery. .  Please let me know the next steps immediately.  This is the first time I am filing a claim.,Meera Menon,Home,Appliance leak,Laundry room floor,Low,Neutral,02-25-25,Utility area
CLM-5244,HOM-6419062,short circuit in switch board. sparks and smoke. wall blackened. policy .    We had to stay at a hotel for the night.,Karthik Iyer,Home,Short circuit,Switch board wall paint,Medium,Neutral,07-25-25,Bedroom
CLM-5245,HOM-5102085,iron left on clothes. shirt burned. ironing board cover damaged. .  This is the first time I am filing a claim.  I have been a loyal customer for 5 years.  Please let me know the next steps immediately.,Priya Sharma,Home,Iron burn,Shirt ironing board,Low,Neutral,04-24-25,Laundry room
CLM-5246,HOM-4724074,voltage fluctuation damaged tv. tv not turning on. motherboard fried. policy .  The water has damaged the wooden flooring as well.    We have lost many valuable items.,Deepak Verma,Home,Voltage surge,TV motherboard,Medium,Neutral,07-16-25,Living room
CLM-5247,HOM-3398758,candle fell on carpet. small fire. carpet burned. smoke smell. .    I have been a loyal customer for 5 years.,Sunita Joshi,Home,Candle fire,Carpet rug,Medium,Neutral,07-20-25,Dining room
CLM-5248,HOM-3722909,toaster caught fire. kitchen smoke. toaster melted. counter mark. policy .  Please let me know the next steps immediately.    This is the first time I am filing a claim.,Rahul Nair,Home,Toaster fire,Toaster kitchen counter,Low,Neutral,07-24-25,Kitchen
CLM-5249,HOM-3530554,shoes stolen from outside door. nike sneakers worth 8000. .  The water has damaged the wooden flooring as well.    I hope this is covered under my policy.,Vikram Singh,Home,Shoe theft,Nike sneakers,Low,Neutral,05-22-25,Front door
CLM-5250,HOM-5503840,bicycle stolen from parking. lock broken. cycle worth 15000. policy .      I hope this is covered under my policy.,Anjali Kumar,Home,Bicycle theft,Bicycle lock,Medium,Neutral,03-13-25,Apartment parking
CLM-5251,HOM-5390474,flower pots stolen from garden. expensive ceramic pots. .    Waiting for your quick response.,Kavita Reddy,Home,Garden theft,Ceramic flower pots,Low,Neutral,03-11-25,Garden area
CLM-5252,HOM-6825958,package stolen from doorstep. amazon delivery. electronics inside. policy .      I have been a loyal customer for 5 years.,Mohan Das,Home,Package theft,Delivery package electronics,Low,Neutral,04-26-25,Front porch
CLM-5253,HOM-9132722,laptop stolen from home office. window was open. macbook air. .  I have been a loyal customer for 5 years.    Please let me know the next steps immediately.,Rajesh Iyer,Home,Laptop theft,MacBook Air,High,Neutral,06-14-25,Home office ground floor
CLM-5254,HOM-2480690,pipe burst under sink. kitchen cabinet ruined. water on floor. .  This has caused a lot of stress to my family.  This is the first time I am filing a claim.  We have lost many valuable items.,Geeta Sharma,Home,Pipe burst,Kitchen cabinet floor,Medium,Neutral,05-18-25,Kitchen sink area
CLM-5255,HOM-8341276,roof leaking in heavy rain. bedroom ceiling wet. paint peeling. policy .      We had to stay at a hotel for the night.,Ravi Kumar,Home,Roof leak,Bedroom ceiling paint,Medium,Neutral,01-25-25,Master bedroom
CLM-5256,HOM-9832245,ac drain blocked. water leaked on wall. wallpaper damaged. fungus growth. .  We have lost many valuable items.    I have been a loyal customer for 5 years.,Anita Desai,Home,AC leak,Wall wallpaper,Low,Neutral,03-21-25,Living room wall
CLM-5257,HOM-4061661,water tank overflowed. terrace flooded. water seeped into walls. policy .      Please let me know the next steps immediately.,Suresh Reddy,Home,Tank overflow,Terrace walls seepage,Medium,Neutral,06-16-25,Terrace and walls
CLM-5258,HOM-2416048,washing machine hose leak. laundry room flooded. tiles slippery. .    The security guard saw the person running away.,Meera Menon,Home,Appliance leak,Laundry room floor,Low,Neutral,02-17-25,Utility area
CLM-5259,HOM-3960202,short circuit in switch board. sparks and smoke. wall blackened. policy .  I have been a loyal customer for 5 years.,Karthik Iyer,Home,Short circuit,Switch board wall paint,Medium,Neutral,02-17-25,Bedroom
CLM-5260,HOM-9155272,iron left on clothes. shirt burned. ironing board cover damaged. .,Priya Sharma,Home,Iron burn,Shirt ironing board,Low,Neutral,06-18-25,Laundry room
CLM-5261,HOM-2536151,voltage fluctuation damaged tv. tv not turning on. motherboard fried. policy .  I hope this is covered under my policy.  It happened so suddenly I was in shock.,Deepak Verma,Home,Voltage surge,TV motherboard,Medium,Neutral,03-28-25,Living room
CLM-5262,HOM-1598699,candle fell on carpet. small fire. carpet burned. smoke smell. .  This is the first time I am filing a claim.  I hope this is covered under my policy.,Sunita Joshi,Home,Candle fire,Carpet rug,Medium,Neutral,07-12-25,Dining room
CLM-5263,HOM-7886799,toaster caught fire. kitchen smoke. toaster melted. counter mark. policy .  I have been a loyal customer for 5 years.  This has caused a lot of stress to my family.,Rahul Nair,Home,Toaster fire,Toaster kitchen counter,Low,Neutral,05-15-25,Kitchen
CLM-5264,HOM-1456327,shoes stolen from outside door. nike sneakers worth 8000. .    It happened so suddenly I was in shock.,Vikram Singh,Home,Shoe theft,Nike sneakers,Low,Neutral,03-21-25,Front door
CLM-5265,HOM-6159155,bicycle stolen from parking. lock broken. cycle worth 15000. policy .  The security guard saw the person running away.  It happened so suddenly I was in shock.  Please let me know the next steps immediately.,Anjali Kumar,Home,Bicycle theft,Bicycle lock,Medium,Neutral,03-10-25,Apartment parking
CLM-5266,HOM-7411230,flower pots stolen from garden. expensive ceramic pots. .,Kavita Reddy,Home,Garden theft,Ceramic flower pots,Low,Neutral,07-24-25,Garden area
CLM-5267,HOM-4189886,package stolen from doorstep. amazon delivery. electronics inside. policy .  This has caused a lot of stress to my family.    I hope this is covered under my policy.,Mohan Das,Home,Package theft,Delivery package electronics,Low,Neutral,06-18-25,Front porch
CLM-5268,HOM-8161467,laptop stolen from home office. window was open. macbook air. .  This has caused a lot of stress to my family.  Waiting for your quick response.,Rajesh Iyer,Home,Laptop theft,MacBook Air,High,Neutral,05-22-25,Home office ground floor
CLM-5269,HOM-5668323,pipe burst under sink. kitchen cabinet ruined. water on floor. .    The water has damaged the wooden flooring as well.  Waiting for your quick response.,Geeta Sharma,Home,Pipe burst,Kitchen cabinet floor,Medium,Neutral,01-23-25,Kitchen sink area
CLM-5270,HOM-1689225,roof leaking in heavy rain. bedroom ceiling wet. paint peeling. policy .  I have been a loyal customer for 5 years.  Please let me know the next steps immediately.,Ravi Kumar,Home,Roof leak,Bedroom ceiling paint,Medium,Neutral,05-24-25,Master bedroom
CLM-5271,HOM-5818981,ac drain blocked. water leaked on wall. wallpaper damaged. fungus growth. .  This has caused a lot of stress to my family.    I have been a loyal customer for 5 years.,Anita Desai,Home,AC leak,Wall wallpaper,Low,Neutral,02-14-25,Living room wall
CLM-5272,HOM-4548556,water tank overflowed. terrace flooded. water seeped into walls. policy .    We had to stay at a hotel for the night.  The water has damaged the wooden flooring as well.,Suresh Reddy,Home,Tank overflow,Terrace walls seepage,Medium,Neutral,07-20-25,Terrace and walls
CLM-5273,HOM-6270384,washing machine hose leak. laundry room flooded. tiles slippery. .  Please let me know the next steps immediately.  The security guard saw the person running away.,Meera Menon,Home,Appliance leak,Laundry room floor,Low,Neutral,04-16-25,Utility area
CLM-5274,HOM-4592729,short circuit in switch board. sparks and smoke. wall blackened. policy .  The security guard saw the person running away.  I hope this is covered under my policy.  The water has damaged the wooden flooring as well.,Karthik Iyer,Home,Short circuit,Switch board wall paint,Medium,Neutral,03-11-25,Bedroom
CLM-5275,HOM-3594113,iron left on clothes. shirt burned. ironing board cover damaged. .    This has caused a lot of stress to my family.,Priya Sharma,Home,Iron burn,Shirt ironing board,Low,Neutral,07-14-25,Laundry room
CLM-5276,HOM-2892259,voltage fluctuation damaged tv. tv not turning on. motherboard fried. policy .  We have lost many valuable items.  Please let me know the next steps immediately.  This is the first time I am filing a claim.,Deepak Verma,Home,Voltage surge,TV motherboard,Medium,Neutral,03-17-25,Living room
CLM-5277,HOM-6359062,candle fell on carpet. small fire. carpet burned. smoke smell. .  I have been a loyal customer for 5 years.,Sunita Joshi,Home,Candle fire,Carpet rug,Medium,Neutral,05-12-25,Dining room
CLM-5278,HOM-5731029,toaster caught fire. kitchen smoke. toaster melted. counter mark. policy .    Waiting for your quick response.,Rahul Nair,Home,Toaster fire,Toaster kitchen counter,Low,Neutral,04-19-25,Kitchen
CLM-5279,HOM-6058545,shoes stolen from outside door. nike sneakers worth 8000. .  I hope this is covered under my policy.,Vikram Singh,Home,Shoe theft,Nike sneakers,Low,Neutral,03-11-25,Front door
CLM-5280,HOM-5053420,bicycle stolen from parking. lock broken. cycle worth 15000. policy .    Waiting for your quick response.,Anjali Kumar,Home,Bicycle theft,Bicycle lock,Medium,Neutral,02-24-25,Apartment parking
CLM-5281,HOM-3674908,flower pots stolen from garden. expensive ceramic pots. .,Kavita Reddy,Home,Garden theft,Ceramic flower pots,Low,Neutral,03-16-25,Garden area
CLM-5282,HOM-9542913,package stolen from doorstep. amazon delivery. electronics inside. policy .    The water has damaged the wooden flooring as well.  This is the first time I am filing a claim.,Mohan Das,Home,Package theft,Delivery package electronics,Low,Neutral,05-17-25,Front porch
CLM-5283,HOM-1278644,laptop stolen from home office. window was open. macbook air. .  This has caused a lot of stress to my family.,Rajesh Iyer,Home,Laptop theft,MacBook Air,High,Neutral,05-23-25,Home office ground floor
CLM-5284,HLTH-6588352,cut finger while chopping vegetables. deep cut. stitches needed. .  Please let me know the next steps immediately.,Meera Gupta,Health,Kitchen injury,Left index finger cut,Low,Neutral,07-27-25,Kitchen
CLM-5285,HLTH-5573732,twisted ankle while running. swelling and pain. xray done. sprain. policy .  Please let me know the next steps immediately.  This has affected my ability to go to work.  The hospital staff was very helpful during admission.,Arjun Reddy,Health,Ankle sprain,Right ankle ligament,Medium,Neutral,02-10-25,Park jogging track
CLM-5286,HLTH-4985557,burned hand on hot pan. blisters formed. skin peeled. .  I have been a loyal customer for 5 years.  It happened so suddenly I was in shock.,Priya Menon,Health,Burn injury,Right palm burn,Medium,Neutral,06-20-25,Kitchen
CLM-5287,HLTH-1900522,hit head on cabinet door. bump and dizziness. doctor visit. policy .  Waiting for your quick response.  The doctor has advised complete bed rest for 2 weeks.,Suresh Joshi,Health,Head injury,Forehead bump mild concussion,Low,Neutral,05-25-25,Bedroom
CLM-5288,HLTH-8114072,back pain after lifting heavy box. muscle spasm. cant stand straight. .  Please let me know the next steps immediately.  It happened so suddenly I was in shock.,Anita Kumar,Health,Back injury,Lower back muscle spasm,Medium,Neutral,01-28-25,Store room
CLM-5289,HLTH-9804465,severe food poisoning. vomiting and dehydration. iv fluids given. policy .  It happened so suddenly I was in shock.,Rahul Verma,Health,Food poisoning,Stomach infection dehydration,Medium,Neutral,05-14-25,Home
CLM-5290,HLTH-5484634,viral fever high temperature. body ache. blood tests done. .    The hospital staff was very helpful during admission.  The doctor has advised complete bed rest for 2 weeks.,Sunita Sharma,Health,Viral fever,High fever body pain,Low,Neutral,03-14-25,Home
CLM-5291,HLTH-6273177,eye infection conjunctivitis. red eyes swelling. drops prescribed. policy .  Please let me know the next steps immediately.  This has caused a lot of stress to my family.  This has affected my ability to go to work.,Deepak Nair,Health,Eye infection,Both eyes conjunctivitis,Low,Neutral,01-10-25,Home
CLM-5292,HLTH-5483995,migraine attack severe headache. vomiting. admitted for pain relief. .  I have already spent 20000 on medicines.  The doctor has advised complete bed rest for 2 weeks.  I have been a loyal customer for 5 years.,Kavita Iyer,Health,Migraine,Severe headache nausea,Medium,Neutral,03-22-25,Home
CLM-5293,HLTH-2116057,asthma attack breathing trouble. nebulizer used. oxygen level low. policy .  This has caused a lot of stress to my family.  The doctor has advised complete bed rest for 2 weeks.,Mohan Reddy,Health,Asthma attack,Respiratory system lungs,High,Neutral,01-24-25,Home
CLM-5294,HLTH-4297443,fell in bathroom. slippery floor. bruised hip. pain in leg. .  It happened so suddenly I was in shock.  The surgery is scheduled for tomorrow morning.,Geeta Das,Health,Bathroom fall,Left hip bruise leg pain,Medium,Neutral,05-24-25,Bathroom
CLM-5295,HLTH-5545390,dog chased me fell from cycle. scraped knees and elbows. tetanus shot. policy .  I hope this is covered under my policy.,Vikram Patel,Health,Cycle fall,Knees and elbows abrasion,Low,Neutral,02-26-25,Street
CLM-5296,HLTH-5958077,stepped on nail. punctured foot. bleeding. tetanus injection. .  Waiting for your quick response.  This has caused a lot of stress to my family.,Anjali Sharma,Health,Foot puncture,Right foot sole puncture,Medium,Neutral,04-16-25,Construction site nearby
CLM-5297,HLTH-1054109,hot water spilled on leg. scald burn. skin red and burning. policy .  I hope this is covered under my policy.  The pain is unbearable especially at night.,Rajesh Kumar,Health,Scald burn,Left thigh scald,Medium,Neutral,06-10-25,Bathroom
CLM-5298,HLTH-5614785,gym injury shoulder pain. rotator cuff strain. physiotherapy needed. .  I have been a loyal customer for 5 years.  Please let me know the next steps immediately.,Priya Singh,Health,Shoulder strain,Right shoulder rotator cuff,Medium,Neutral,03-25-25,Gym
CLM-5299,HLTH-9342572,cut finger while chopping vegetables. deep cut. stitches needed. .  I hope this is covered under my policy.  I have been a loyal customer for 5 years.  Please let me know the next steps immediately.,Meera Gupta,Health,Kitchen injury,Left index finger cut,Low,Neutral,04-21-25,Kitchen
CLM-5300,HLTH-9303570,twisted ankle while running. swelling and pain. xray done. sprain. policy .  I hope this is covered under my policy.  The surgery is scheduled for tomorrow morning.  The hospital staff was very helpful during admission.,Arjun Reddy,Health,Ankle sprain,Right ankle ligament,Medium,Neutral,01-25-25,Park jogging track
CLM-5301,HLTH-8368457,burned hand on hot pan. blisters formed. skin peeled. .    I have been a loyal customer for 5 years.  The pain is unbearable especially at night.,Priya Menon,Health,Burn injury,Right palm burn,Medium,Neutral,04-12-25,Kitchen
CLM-5302,HLTH-7070026,hit head on cabinet door. bump and dizziness. doctor visit. policy .  I have already spent 20000 on medicines.  I might need physiotherapy sessions later.,Suresh Joshi,Health,Head injury,Forehead bump mild concussion,Low,Neutral,04-10-25,Bedroom
CLM-5303,HLTH-6776179,back pain after lifting heavy box. muscle spasm. cant stand straight. .  It happened so suddenly I was in shock.  The pain is unbearable especially at night.,Anita Kumar,Health,Back injury,Lower back muscle spasm,Medium,Neutral,02-27-25,Store room
CLM-5304,HLTH-1180643,severe food poisoning. vomiting and dehydration. iv fluids given. policy .    Waiting for your quick response.,Rahul Verma,Health,Food poisoning,Stomach infection dehydration,Medium,Neutral,03-22-25,Home
CLM-5305,HLTH-1671090,viral fever high temperature. body ache. blood tests done. .    This is the first time I am filing a claim.  The surgery is scheduled for tomorrow morning.,Sunita Sharma,Health,Viral fever,High fever body pain,Low,Neutral,01-24-25,Home
CLM-5306,HLTH-6439805,eye infection conjunctivitis. red eyes swelling. drops prescribed. policy .    Waiting for your quick response.  The hospital staff was very helpful during admission.,Deepak Nair,Health,Eye infection,Both eyes conjunctivitis,Low,Neutral,04-22-25,Home
CLM-5307,HLTH-2218451,migraine attack severe headache. vomiting. admitted for pain relief. .  This has affected my ability to go to work.  This has caused a lot of stress to my family.,Kavita Iyer,Health,Migraine,Severe headache nausea,Medium,Neutral,04-19-25,Home
CLM-5308,HLTH-2209833,asthma attack breathing trouble. nebulizer used. oxygen level low. policy .  It happened so suddenly I was in shock.  I have already spent 20000 on medicines.  Please let me know the next steps immediately.,Mohan Reddy,Health,Asthma attack,Respiratory system lungs,High,Neutral,04-15-25,Home
CLM-5309,HLTH-6157937,fell in bathroom. slippery floor. bruised hip. pain in leg. .  This is the first time I am filing a claim.,Geeta Das,Health,Bathroom fall,Left hip bruise leg pain,Medium,Neutral,01-14-25,Bathroom
CLM-5310,HLTH-2267423,dog chased me fell from cycle. scraped knees and elbows. tetanus shot. policy .  I hope this is covered under my policy.  This has affected my ability to go to work.  Waiting for your quick response.,Vikram Patel,Health,Cycle fall,Knees and elbows abrasion,Low,Neutral,01-14-25,Street
CLM-5311,HLTH-8075297,stepped on nail. punctured foot. bleeding. tetanus injection. .    Please let me know the next steps immediately.  The doctor has advised complete bed rest for 2 weeks.,Anjali Sharma,Health,Foot puncture,Right foot sole puncture,Medium,Neutral,04-18-25,Construction site nearby
CLM-5312,HLTH-8713733,hot water spilled on leg. scald burn. skin red and burning. policy .  The doctor has advised complete bed rest for 2 weeks.  I have already spent 20000 on medicines.,Rajesh Kumar,Health,Scald burn,Left thigh scald,Medium,Neutral,02-17-25,Bathroom
CLM-5313,HLTH-4648616,gym injury shoulder pain. rotator cuff strain. physiotherapy needed. .  I have been a loyal customer for 5 years.  This is the first time I am filing a claim.,Priya Singh,Health,Shoulder strain,Right shoulder rotator cuff,Medium,Neutral,05-28-25,Gym
CLM-5314,HLTH-5604149,cut finger while chopping vegetables. deep cut. stitches needed. .    The hospital staff was very helpful during admission.,Meera Gupta,Health,Kitchen injury,Left index finger cut,Low,Neutral,01-21-25,Kitchen
CLM-5315,HLTH-1458915,twisted ankle while running. swelling and pain. xray done. sprain. policy .  It happened so suddenly I was in shock.  The pain is unbearable especially at night.,Arjun Reddy,Health,Ankle sprain,Right ankle ligament,Medium,Neutral,06-20-25,Park jogging track
CLM-5316,HLTH-4087966,burned hand on hot pan. blisters formed. skin peeled. .  The pain is unbearable especially at night.    I might need physiotherapy sessions later.,Priya Menon,Health,Burn injury,Right palm burn,Medium,Neutral,05-17-25,Kitchen
CLM-5317,HLTH-5502266,hit head on cabinet door. bump and dizziness. doctor visit. policy .  I have been a loyal customer for 5 years.  The doctor has advised complete bed rest for 2 weeks.,Suresh Joshi,Health,Head injury,Forehead bump mild concussion,Low,Neutral,06-22-25,Bedroom
CLM-5318,HLTH-5375542,back pain after lifting heavy box. muscle spasm. cant stand straight. .  The hospital staff was very helpful during admission.  I have already spent 20000 on medicines.  This has affected my ability to go to work.,Anita Kumar,Health,Back injury,Lower back muscle spasm,Medium,Neutral,04-13-25,Store room
CLM-5319,HLTH-2019131,severe food poisoning. vomiting and dehydration. iv fluids given. policy .  This is the first time I am filing a claim.  The pain is unbearable especially at night.  This has affected my ability to go to work.,Rahul Verma,Health,Food poisoning,Stomach infection dehydration,Medium,Neutral,07-13-25,Home
CLM-5320,HLTH-2012876,viral fever high temperature. body ache. blood tests done. .  The doctor has advised complete bed rest for 2 weeks.  The surgery is scheduled for tomorrow morning.,Sunita Sharma,Health,Viral fever,High fever body pain,Low,Neutral,05-25-25,Home
CLM-5321,HLTH-5201686,eye infection conjunctivitis. red eyes swelling. drops prescribed. policy .    It happened so suddenly I was in shock.  The surgery is scheduled for tomorrow morning.,Deepak Nair,Health,Eye infection,Both eyes conjunctivitis,Low,Neutral,03-15-25,Home
CLM-5322,HLTH-4359566,migraine attack severe headache. vomiting. admitted for pain relief. .    I might need physiotherapy sessions later.  Please let me know the next steps immediately.,Kavita Iyer,Health,Migraine,Severe headache nausea,Medium,Neutral,03-25-25,Home
CLM-5323,HLTH-7748348,asthma attack breathing trouble. nebulizer used. oxygen level low. policy .  The pain is unbearable especially at night.    I have already spent 20000 on medicines.,Mohan Reddy,Health,Asthma attack,Respiratory system lungs,High,Neutral,03-19-25,Home
CLM-5324,HLTH-2316952,fell in bathroom. slippery floor. bruised hip. pain in leg. .  I hope this is covered under my policy.,Geeta Das,Health,Bathroom fall,Left hip bruise leg pain,Medium,Neutral,04-22-25,Bathroom
CLM-5325,HLTH-3736046,dog chased me fell from cycle. scraped knees and elbows. tetanus shot. policy .    This has caused a lot of stress to my family.,Vikram Patel,Health,Cycle fall,Knees and elbows abrasion,Low,Neutral,06-11-25,Street
CLM-5326,HLTH-6873263,stepped on nail. punctured foot. bleeding. tetanus injection. .  Please let me know the next steps immediately.  I have already spent 20000 on medicines.,Anjali Sharma,Health,Foot puncture,Right foot sole puncture,Medium,Neutral,01-20-25,Construction site nearby
CLM-5327,HLTH-2962393,hot water spilled on leg. scald burn. skin red and burning. policy .  I hope this is covered under my policy.  It happened so suddenly I was in shock.,Rajesh Kumar,Health,Scald burn,Left thigh scald,Medium,Neutral,03-22-25,Bathroom
CLM-5328,HLTH-4312704,gym injury shoulder pain. rotator cuff strain. physiotherapy needed. .  I might need physiotherapy sessions later.  I hope this is covered under my policy.,Priya Singh,Health,Shoulder strain,Right shoulder rotator cuff,Medium,Neutral,06-24-25,Gym
CLM-5329,HLTH-1773037,cut finger while chopping vegetables. deep cut. stitches needed. .  Waiting for your quick response.  Please let me know the next steps immediately.,Meera Gupta,Health,Kitchen injury,Left index finger cut,Low,Neutral,06-12-25,Kitchen
CLM-5330,HLTH-8601118,twisted ankle while running. swelling and pain. xray done. sprain. policy .  Waiting for your quick response.    I might need physiotherapy sessions later.,Arjun Reddy,Health,Ankle sprain,Right ankle ligament,Medium,Neutral,04-13-25,Park jogging track
CLM-5331,HLTH-2976741,burned hand on hot pan. blisters formed. skin peeled. .  It happened so suddenly I was in shock.  I might need physiotherapy sessions later.,Priya Menon,Health,Burn injury,Right palm burn,Medium,Neutral,07-20-25,Kitchen
CLM-5332,HLTH-7217380,hit head on cabinet door. bump and dizziness. doctor visit. policy .  The doctor has advised complete bed rest for 2 weeks.,Suresh Joshi,Health,Head injury,Forehead bump mild concussion,Low,Neutral,07-13-25,Bedroom
CLM-5333,HLTH-4910147,back pain after lifting heavy box. muscle spasm. cant stand straight. .  The doctor has advised complete bed rest for 2 weeks.    The hospital staff was very helpful during admission.,Anita Kumar,Health,Back injury,Lower back muscle spasm,Medium,Neutral,06-20-25,Store room
CLM-5334,HLTH-7262288,severe food poisoning. vomiting and dehydration. iv fluids given. policy .  This has affected my ability to go to work.  Waiting for your quick response.  The doctor has advised complete bed rest for 2 weeks.,Rahul Verma,Health,Food poisoning,Stomach infection dehydration,Medium,Neutral,01-25-25,Home
CLM-5335,HLTH-1485521,viral fever high temperature. body ache. blood tests done. .    It happened so suddenly I was in shock.  The surgery is scheduled for tomorrow morning.,Sunita Sharma,Health,Viral fever,High fever body pain,Low,Neutral,03-16-25,Home
CLM-5336,HLTH-7159552,eye infection conjunctivitis. red eyes swelling. drops prescribed. policy .  The surgery is scheduled for tomorrow morning.  The pain is unbearable especially at night.,Deepak Nair,Health,Eye infection,Both eyes conjunctivitis,Low,Neutral,07-22-25,Home
CLM-5337,HLTH-5644916,migraine attack severe headache. vomiting. admitted for pain relief. .  I have been a loyal customer for 5 years.  The surgery is scheduled for tomorrow morning.  The doctor has advised complete bed rest for 2 weeks.,Kavita Iyer,Health,Migraine,Severe headache nausea,Medium,Neutral,03-17-25,Home
CLM-5338,HLTH-5172507,asthma attack breathing trouble. nebulizer used. oxygen level low. policy .  I have been a loyal customer for 5 years.  The doctor has advised complete bed rest for 2 weeks.,Mohan Reddy,Health,Asthma attack,Respiratory system lungs,High,Neutral,07-23-25,Home
CLM-5339,HLTH-4071573,fell in bathroom. slippery floor. bruised hip. pain in leg. .    I have been a loyal customer for 5 years.  The pain is unbearable especially at night.,Geeta Das,Health,Bathroom fall,Left hip bruise leg pain,Medium,Neutral,02-25-25,Bathroom
CLM-5340,HLTH-6101606,dog chased me fell from cycle. scraped knees and elbows. tetanus shot. policy .,Vikram Patel,Health,Cycle fall,Knees and elbows abrasion,Low,Neutral,04-25-25,Street
CLM-5341,HLTH-4819994,stepped on nail. punctured foot. bleeding. tetanus injection. .  It happened so suddenly I was in shock.    Please let me know the next steps immediately.,Anjali Sharma,Health,Foot puncture,Right foot sole puncture,Medium,Neutral,05-19-25,Construction site nearby
CLM-5342,HLTH-6543292,hot water spilled on leg. scald burn. skin red and burning. policy .    The hospital staff was very helpful during admission.  Please let me know the next steps immediately.,Rajesh Kumar,Health,Scald burn,Left thigh scald,Medium,Neutral,06-18-25,Bathroom
CLM-5343,HLTH-8824421,gym injury shoulder pain. rotator cuff strain. physiotherapy needed. .  I have already spent 20000 on medicines.  I have been a loyal customer for 5 years.  The hospital staff was very helpful during admission.,Priya Singh,Health,Shoulder strain,Right shoulder rotator cuff,Medium,Neutral,07-14-25,Gym
CLM-5344,HLTH-3098232,cut finger while chopping vegetables. deep cut. stitches needed. .  Waiting for your quick response.  The doctor has advised complete bed rest for 2 weeks.,Meera Gupta,Health,Kitchen injury,Left index finger cut,Low,Neutral,03-13-25,Kitchen
CLM-5345,HLTH-4519592,twisted ankle while running. swelling and pain. xray done. sprain. policy .,Arjun Reddy,Health,Ankle sprain,Right ankle ligament,Medium,Neutral,03-17-25,Park jogging track
CLM-5346,HLTH-7150252,burned hand on hot pan. blisters formed. skin peeled. .    It happened so suddenly I was in shock.  I might need physiotherapy sessions later.,Priya Menon,Health,Burn injury,Right palm burn,Medium,Neutral,03-21-25,Kitchen
CLM-5347,HLTH-9365946,hit head on cabinet door. bump and dizziness. doctor visit. policy .  The pain is unbearable especially at night.  I hope this is covered under my policy.,Suresh Joshi,Health,Head injury,Forehead bump mild concussion,Low,Neutral,03-13-25,Bedroom
CLM-5348,HLTH-1189736,back pain after lifting heavy box. muscle spasm. cant stand straight. .  Waiting for your quick response.  I have been a loyal customer for 5 years.,Anita Kumar,Health,Back injury,Lower back muscle spasm,Medium,Neutral,04-20-25,Store room
CLM-5349,HLTH-4960635,severe food poisoning. vomiting and dehydration. iv fluids given. policy .  This is the first time I am filing a claim.,Rahul Verma,Health,Food poisoning,Stomach infection dehydration,Medium,Neutral,02-19-25,Home
CLM-5350,HLTH-8158045,viral fever high temperature. body ache. blood tests done. .  I have already spent 20000 on medicines.  It happened so suddenly I was in shock.,Sunita Sharma,Health,Viral fever,High fever body pain,Low,Neutral,03-16-25,Home
CLM-5351,HLTH-3765537,eye infection conjunctivitis. red eyes swelling. drops prescribed. policy .  The doctor has advised complete bed rest for 2 weeks.  This has caused a lot of stress to my family.  I hope this is covered under my policy.,Deepak Nair,Health,Eye infection,Both eyes conjunctivitis,Low,Neutral,06-16-25,Home
CLM-5352,HLTH-9371607,migraine attack severe headache. vomiting. admitted for pain relief. .  Please let me know the next steps immediately.,Kavita Iyer,Health,Migraine,Severe headache nausea,Medium,Neutral,05-20-25,Home
CLM-5353,HLTH-1075301,asthma attack breathing trouble. nebulizer used. oxygen level low. policy .  I have been a loyal customer for 5 years.  Please let me know the next steps immediately.,Mohan Reddy,Health,Asthma attack,Respiratory system lungs,High,Neutral,02-14-25,Home
CLM-5354,HLTH-3982836,fell in bathroom. slippery floor. bruised hip. pain in leg. .  It happened so suddenly I was in shock.  The doctor has advised complete bed rest for 2 weeks.  This has caused a lot of stress to my family.,Geeta Das,Health,Bathroom fall,Left hip bruise leg pain,Medium,Neutral,02-11-25,Bathroom
CLM-5355,HLTH-7903731,dog chased me fell from cycle. scraped knees and elbows. tetanus shot. policy .  I have been a loyal customer for 5 years.,Vikram Patel,Health,Cycle fall,Knees and elbows abrasion,Low,Neutral,04-19-25,Street
CLM-5356,HLTH-7391161,stepped on nail. punctured foot. bleeding. tetanus injection. .  The doctor has advised complete bed rest for 2 weeks.  This is the first time I am filing a claim.,Anjali Sharma,Health,Foot puncture,Right foot sole puncture,Medium,Neutral,06-22-25,Construction site nearby
CLM-5357,HLTH-3846759,hot water spilled on leg. scald burn. skin red and burning. policy .    Please let me know the next steps immediately.  This is the first time I am filing a claim.,Rajesh Kumar,Health,Scald burn,Left thigh scald,Medium,Neutral,04-24-25,Bathroom
CLM-5358,HLTH-8039194,gym injury shoulder pain. rotator cuff strain. physiotherapy needed. .  I might need physiotherapy sessions later.  Please let me know the next steps immediately.  I hope this is covered under my policy.,Priya Singh,Health,Shoulder strain,Right shoulder rotator cuff,Medium,Neutral,04-26-25,Gym
CLM-5359,HLTH-6571497,cut finger while chopping vegetables. deep cut. stitches needed. .,Meera Gupta,Health,Kitchen injury,Left index finger cut,Low,Neutral,04-10-25,Kitchen
CLM-5360,HLTH-3595515,twisted ankle while running. swelling and pain. xray done. sprain. policy .  I hope this is covered under my policy.  It happened so suddenly I was in shock.,Arjun Reddy,Health,Ankle sprain,Right ankle ligament,Medium,Neutral,03-26-25,Park jogging track
CLM-5361,HLTH-6898699,burned hand on hot pan. blisters formed. skin peeled. .  Please let me know the next steps immediately.    This is the first time I am filing a claim.,Priya Menon,Health,Burn injury,Right palm burn,Medium,Neutral,01-10-25,Kitchen
CLM-5362,HLTH-4211396,hit head on cabinet door. bump and dizziness. doctor visit. policy .  The doctor has advised complete bed rest for 2 weeks.  This is the first time I am filing a claim.,Suresh Joshi,Health,Head injury,Forehead bump mild concussion,Low,Neutral,01-13-25,Bedroom
CLM-5363,HLTH-2855386,back pain after lifting heavy box. muscle spasm. cant stand straight. .  Please let me know the next steps immediately.  I have already spent 20000 on medicines.,Anita Kumar,Health,Back injury,Lower back muscle spasm,Medium,Neutral,07-21-25,Store room
CLM-5364,HLTH-8005350,severe food poisoning. vomiting and dehydration. iv fluids given. policy .  I have already spent 20000 on medicines.,Rahul Verma,Health,Food poisoning,Stomach infection dehydration,Medium,Neutral,01-12-25,Home
CLM-5365,HLTH-7887635,viral fever high temperature. body ache. blood tests done. .  The doctor has advised complete bed rest for 2 weeks.  Please let me know the next steps immediately.,Sunita Sharma,Health,Viral fever,High fever body pain,Low,Neutral,02-23-25,Home
CLM-5366,HLTH-2133135,eye infection conjunctivitis. red eyes swelling. drops prescribed. policy .  This has affected my ability to go to work.  I hope this is covered under my policy.,Deepak Nair,Health,Eye infection,Both eyes conjunctivitis,Low,Neutral,02-15-25,Home
CLM-5367,HLTH-6185177,migraine attack severe headache. vomiting. admitted for pain relief. .  I hope this is covered under my policy.  This has affected my ability to go to work.,Kavita Iyer,Health,Migraine,Severe headache nausea,Medium,Neutral,05-15-25,Home
CLM-5368,HLTH-6994909,asthma attack breathing trouble. nebulizer used. oxygen level low. policy .  Waiting for your quick response.  The hospital staff was very helpful during admission.,Mohan Reddy,Health,Asthma attack,Respiratory system lungs,High,Neutral,07-11-25,Home
CLM-5369,HLTH-6172806,fell in bathroom. slippery floor. bruised hip. pain in leg. .    The doctor has advised complete bed rest for 2 weeks.,Geeta Das,Health,Bathroom fall,Left hip bruise leg pain,Medium,Neutral,01-19-25,Bathroom
CLM-5370,HLTH-9339451,dog chased me fell from cycle. scraped knees and elbows. tetanus shot. policy .  I have been a loyal customer for 5 years.,Vikram Patel,Health,Cycle fall,Knees and elbows abrasion,Low,Neutral,07-18-25,Street
CLM-5371,HLTH-8730683,stepped on nail. punctured foot. bleeding. tetanus injection. .      I hope this is covered under my policy.,Anjali Sharma,Health,Foot puncture,Right foot sole puncture,Medium,Neutral,07-26-25,Construction site nearby
CLM-5372,HLTH-3928991,hot water spilled on leg. scald burn. skin red and burning. policy .  I have already spent 20000 on medicines.    Please let me know the next steps immediately.,Rajesh Kumar,Health,Scald burn,Left thigh scald,Medium,Neutral,05-20-25,Bathroom
CLM-5373,HLTH-6245437,gym injury shoulder pain. rotator cuff strain. physiotherapy needed. .    I might need physiotherapy sessions later.  The pain is unbearable especially at night.,Priya Singh,Health,Shoulder strain,Right shoulder rotator cuff,Medium,Neutral,03-16-25,Gym
CLM-5374,TRV-4220524,flight cancelled due to technical issue. stuck in london airport. had to book hotel. airline not refunding. . I hope this is covered under my policy. We are stuck at the airport with no accommodation.,Rahul Khanna,Travel,Flight cancellation,Hotel and meal expenses,Medium,Neutral,02-15-25,London Heathrow Airport
CLM-5375,TRV-6561249,luggage lost by airline. contained expensive clothes and gifts. bag never arrived on carousel. policy . I have been a loyal customer for 5 years. We missed our connecting flight due to this. All our vacation plans are ruined.,Priya Singh,Travel,Lost baggage,Suitcase with clothes and gifts,Medium,Neutral,01-11-25,Dubai Airport
CLM-5376,TRV-5688213,medical emergency in thailand. severe stomach infection. admitted to bangkok hospital. bill is high. .  I have been a loyal customer for 5 years.,Amit Patel,Travel,Medical emergency abroad,Hospitalization expenses,Critical,Neutral,01-10-25,Bangkok Hospital
CLM-5377,TRV-1920191,passport stolen in paris metro. missed flight back home. embassy fees and new ticket cost. policy . Waiting for your quick response. We are stuck at the airport with no accommodation.,Sneha Gupta,Travel,Passport theft,Passport replacement and flight ticket,High,Neutral,01-14-25,Paris Metro
CLM-5378,TRV-5855558,trip cancelled due to father illness. non refundable tickets and hotel booking. . I hope this is covered under my policy. I have been a loyal customer for 5 years.,Vikram Reddy,Travel,Trip cancellation,Flight and hotel booking cost,High,Neutral,01-13-25,Home
CLM-5379,LIAB-1074959,my dog bit the delivery boy. deep wound on his leg. he is asking for medical expenses. . It happened so suddenly I was in shock.,Anjali Menon,Liability,Dog bite liability,Delivery person leg injury,Medium,Neutral,02-13-25,Home front gate
CLM-5380,LIAB-3067291,guest slipped on wet floor in my house. broke her wrist. threatening to sue. policy . I have been a loyal customer for 5 years. Please let me know the next steps immediately. I hope this is covered under my policy.,Suresh Kumar,Liability,Guest slip and fall,Guest wrist fracture,High,Neutral,04-26-25,Living room
CLM-5381,LIAB-2433025,tree from my garden fell on neighbors car. windshield smashed. roof dented. . This is the first time I am filing a claim.,Meera Iyer,Liability,Falling tree damage,Neighbor car windshield and roof,High,Neutral,01-25-25,Neighbor driveway
CLM-5382,LIAB-3199996,water from my flat leaked to flat below. their false ceiling collapsed. they want compensation. policy .  Waiting for your quick response.,Rajesh Verma,Liability,Water leakage liability,Neighbor false ceiling,High,Neutral,02-18-25,Apartment building
CLM-5383,CYB-9259961,phishing attack on bank account. money transferred to unknown account. 50000 lost. . Waiting for your quick response.,Kavita Desai,Cyber,Phishing fraud,Bank account funds,High,Neutral,01-19-25,Online banking
CLM-5384,CYB-1224906,ransomware attack on personal laptop. all files encrypted. hacker asking for bitcoin. policy . Waiting for your quick response. Please let me know the next steps immediately.,Deepak Sharma,Cyber,Ransomware attack,Laptop data and files,Critical,Neutral,05-18-25,Home office
CLM-5385,CYB-7016623,credit card skimmed at petrol pump. unauthorized transactions worth 25000. . It happened so suddenly I was in shock.,Sunita Reddy,Cyber,Credit card skimming,Credit card funds,Medium,Neutral,04-21-25,Petrol pump
CLM-5386,AUTO-7685103,filled diesel in petrol car by mistake. engine seized. tow truck called. .,Mohan Rao,Auto,Wrong fuel,Car engine and fuel system,High,Neutral,05-23-25,Petrol station
CLM-5387,AUTO-4985863,lost car keys while shopping. smart key replacement is very expensive. policy . I hope this is covered under my policy. The other driver was driving very rashly.,Priya Nair,Auto,Lost car keys,Smart key fob,Low,Neutral,02-10-25,Shopping mall
CLM-5388,AUTO-8844926,battery exploded in bonnet. acid damage to paint and wiring. . I have been a loyal customer for 5 years. Waiting for your quick response.,Arjun Kumar,Auto,Battery explosion,Engine bay paint and wiring,Medium,Neutral,02-26-25,Home parking
CLM-5389,HOM-5706281,solar panels damaged by hail. glass cracked on 3 panels. efficiency dropped. .  Please let me know the next steps immediately.,Geeta Sharma,Home,Solar panel damage,Solar panels,High,Neutral,03-10-25,Roof
CLM-5390,HOM-4503043,swimming pool tiles cracked. water leaking into ground. major repair needed. policy . The security guard saw the person running away. We had to stay at a hotel for the night.,Ravi Kumar,Home,Pool damage,Swimming pool structure,High,Neutral,05-24-25,Backyard
CLM-5391,HOM-9007710,garden wall collapsed due to heavy rain. security risk. needs rebuilding. . I hope this is covered under my policy.,Anita Desai,Home,Wall collapse,Boundary wall,Medium,Neutral,03-16-25,Garden perimeter
CLM-5392,TRV-3597899,flight cancelled due to technical issue. stuck in london airport. had to book hotel. airline not refunding. . All our vacation plans are ruined. I have been a loyal customer for 5 years.,Rahul Khanna,Travel,Flight cancellation,Hotel and meal expenses,Medium,Neutral,01-24-25,London Heathrow Airport
CLM-5393,TRV-4497881,luggage lost by airline. contained expensive clothes and gifts. bag never arrived on carousel. policy . I hope this is covered under my policy. The airline is not providing any compensation. It happened so suddenly I was in shock.,Priya Singh,Travel,Lost baggage,Suitcase with clothes and gifts,Medium,Neutral,04-15-25,Dubai Airport
CLM-5394,TRV-5965572,medical emergency in thailand. severe stomach infection. admitted to bangkok hospital. bill is high. .   This is the first time I am filing a claim.,Amit Patel,Travel,Medical emergency abroad,Hospitalization expenses,Critical,Neutral,04-23-25,Bangkok Hospital
CLM-5395,TRV-6340023,passport stolen in paris metro. missed flight back home. embassy fees and new ticket cost. policy .,Sneha Gupta,Travel,Passport theft,Passport replacement and flight ticket,High,Neutral,05-20-25,Paris Metro
CLM-5396,TRV-7914812,trip cancelled due to father illness. non refundable tickets and hotel booking. . All our vacation plans are ruined. This has caused a lot of stress to my family. I hope this is covered under my policy.,Vikram Reddy,Travel,Trip cancellation,Flight and hotel booking cost,High,Neutral,01-10-25,Home
CLM-5397,LIAB-2830946,my dog bit the delivery boy. deep wound on his leg. he is asking for medical expenses. .  Please let me know the next steps immediately.,Anjali Menon,Liability,Dog bite liability,Delivery person leg injury,Medium,Neutral,03-13-25,Home front gate
CLM-5398,LIAB-9659887,guest slipped on wet floor in my house. broke her wrist. threatening to sue. policy . I hope this is covered under my policy.  It happened so suddenly I was in shock.,Suresh Kumar,Liability,Guest slip and fall,Guest wrist fracture,High,Neutral,04-22-25,Living room
CLM-5399,LIAB-7255319,tree from my garden fell on neighbors car. windshield smashed. roof dented. .  It happened so suddenly I was in shock.,Meera Iyer,Liability,Falling tree damage,Neighbor car windshield and roof,High,Neutral,05-22-25,Neighbor driveway
CLM-5400,LIAB-7589949,water from my flat leaked to flat below. their false ceiling collapsed. they want compensation. policy . Please let me know the next steps immediately. Waiting for your quick response.,Rajesh Verma,Liability,Water leakage liability,Neighbor false ceiling,High,Neutral,05-15-25,Apartment building
CLM-5401,CYB-4931173,phishing attack on bank account. money transferred to unknown account. 50000 lost. . This is the first time I am filing a claim.  This has caused a lot of stress to my family.,Kavita Desai,Cyber,Phishing fraud,Bank account funds,High,Neutral,03-28-25,Online banking
CLM-5402,CYB-9106065,ransomware attack on personal laptop. all files encrypted. hacker asking for bitcoin. policy .,Deepak Sharma,Cyber,Ransomware attack,Laptop data and files,Critical,Neutral,03-11-25,Home office
CLM-5403,CYB-4764103,credit card skimmed at petrol pump. unauthorized transactions worth 25000. . I hope this is covered under my policy.,Sunita Reddy,Cyber,Credit card skimming,Credit card funds,Medium,Neutral,01-19-25,Petrol pump
CLM-5404,AUTO-5694840,filled diesel in petrol car by mistake. engine seized. tow truck called. . I hope this is covered under my policy. I have the dashcam footage if you need it.,Mohan Rao,Auto,Wrong fuel,Car engine and fuel system,High,Neutral,05-16-25,Petrol station
CLM-5405,AUTO-2966705,lost car keys while shopping. smart key replacement is very expensive. policy . I use this car for my daily commute to work. This has caused a lot of stress to my family.,Priya Nair,Auto,Lost car keys,Smart key fob,Low,Neutral,02-12-25,Shopping mall
CLM-5406,AUTO-8253233,battery exploded in bonnet. acid damage to paint and wiring. . Waiting for your quick response.  I hope this is covered under my policy.,Arjun Kumar,Auto,Battery explosion,Engine bay paint and wiring,Medium,Neutral,01-19-25,Home parking
CLM-5407,HOM-2498584,solar panels damaged by hail. glass cracked on 3 panels. efficiency dropped. . The security guard saw the person running away.  We have lost many valuable items.,Geeta Sharma,Home,Solar panel damage,Solar panels,High,Neutral,02-16-25,Roof
CLM-5408,HOM-6675581,swimming pool tiles cracked. water leaking into ground. major repair needed. policy . Waiting for your quick response.,Ravi Kumar,Home,Pool damage,Swimming pool structure,High,Neutral,01-21-25,Backyard
CLM-5409,HOM-1836774,garden wall collapsed due to heavy rain. security risk. needs rebuilding. .  The water has damaged the wooden flooring as well.,Anita Desai,Home,Wall collapse,Boundary wall,Medium,Neutral,01-23-25,Garden perimeter
CLM-5410,TRV-5954595,flight cancelled due to technical issue. stuck in london airport. had to book hotel. airline not refunding. . I have all the boarding passes and receipts. The airline is not providing any compensation.,Rahul Khanna,Travel,Flight cancellation,Hotel and meal expenses,Medium,Neutral,02-12-25,London Heathrow Airport
CLM-5411,TRV-6180856,luggage lost by airline. contained expensive clothes and gifts. bag never arrived on carousel. policy .  This is the first time I am filing a claim.,Priya Singh,Travel,Lost baggage,Suitcase with clothes and gifts,Medium,Neutral,02-24-25,Dubai Airport
CLM-5412,TRV-5051594,medical emergency in thailand. severe stomach infection. admitted to bangkok hospital. bill is high. . It happened so suddenly I was in shock. Please let me know the next steps immediately. The airline is not providing any compensation.,Amit Patel,Travel,Medical emergency abroad,Hospitalization expenses,Critical,Neutral,01-26-25,Bangkok Hospital
CLM-5413,TRV-4926249,passport stolen in paris metro. missed flight back home. embassy fees and new ticket cost. policy . This has caused a lot of stress to my family. We are stuck at the airport with no accommodation.,Sneha Gupta,Travel,Passport theft,Passport replacement and flight ticket,High,Neutral,05-19-25,Paris Metro
CLM-5414,TRV-5291675,trip cancelled due to father illness. non refundable tickets and hotel booking. . This has caused a lot of stress to my family.,Vikram Reddy,Travel,Trip cancellation,Flight and hotel booking cost,High,Neutral,04-16-25,Home
CLM-5415,LIAB-8093694,my dog bit the delivery boy. deep wound on his leg. he is asking for medical expenses. . This is the first time I am filing a claim. Waiting for your quick response. I have been a loyal customer for 5 years.,Anjali Menon,Liability,Dog bite liability,Delivery person leg injury,Medium,Neutral,04-17-25,Home front gate
CLM-5416,LIAB-1533896,guest slipped on wet floor in my house. broke her wrist. threatening to sue. policy . Please let me know the next steps immediately.,Suresh Kumar,Liability,Guest slip and fall,Guest wrist fracture,High,Neutral,05-21-25,Living room
CLM-5417,LIAB-2850256,tree from my garden fell on neighbors car. windshield smashed. roof dented. .  Waiting for your quick response. This is the first time I am filing a claim.,Meera Iyer,Liability,Falling tree damage,Neighbor car windshield and roof,High,Neutral,01-13-25,Neighbor driveway
CLM-5418,LIAB-4970093,water from my flat leaked to flat below. their false ceiling collapsed. they want compensation. policy . I hope this is covered under my policy.,Rajesh Verma,Liability,Water leakage liability,Neighbor false ceiling,High,Neutral,03-20-25,Apartment building
CLM-5419,CYB-9884658,phishing attack on bank account. money transferred to unknown account. 50000 lost. . I have been a loyal customer for 5 years.,Kavita Desai,Cyber,Phishing fraud,Bank account funds,High,Neutral,05-27-25,Online banking
CLM-5420,CYB-3952792,ransomware attack on personal laptop. all files encrypted. hacker asking for bitcoin. policy . This is the first time I am filing a claim. Please let me know the next steps immediately.,Deepak Sharma,Cyber,Ransomware attack,Laptop data and files,Critical,Neutral,05-22-25,Home office
CLM-5421,CYB-7802628,credit card skimmed at petrol pump. unauthorized transactions worth 25000. .  This is the first time I am filing a claim.,Sunita Reddy,Cyber,Credit card skimming,Credit card funds,Medium,Neutral,01-10-25,Petrol pump
CLM-5422,AUTO-2535007,filled diesel in petrol car by mistake. engine seized. tow truck called. . I have the dashcam footage if you need it. Please let me know the next steps immediately.,Mohan Rao,Auto,Wrong fuel,Car engine and fuel system,High,Neutral,03-12-25,Petrol station
CLM-5423,AUTO-4401154,lost car keys while shopping. smart key replacement is very expensive. policy .  Waiting for your quick response.,Priya Nair,Auto,Lost car keys,Smart key fob,Low,Neutral,02-11-25,Shopping mall
CLM-5424,AUTO-6671722,battery exploded in bonnet. acid damage to paint and wiring. .  I have the dashcam footage if you need it. Please let me know the next steps immediately.,Arjun Kumar,Auto,Battery explosion,Engine bay paint and wiring,Medium,Neutral,01-26-25,Home parking
CLM-5425,HOM-5810706,solar panels damaged by hail. glass cracked on 3 panels. efficiency dropped. . This has caused a lot of stress to my family.,Geeta Sharma,Home,Solar panel damage,Solar panels,High,Neutral,02-26-25,Roof
CLM-5426,HOM-9835427,swimming pool tiles cracked. water leaking into ground. major repair needed. policy .  The security guard saw the person running away.,Ravi Kumar,Home,Pool damage,Swimming pool structure,High,Neutral,03-20-25,Backyard
CLM-5427,HOM-4420458,garden wall collapsed due to heavy rain. security risk. needs rebuilding. .  We have lost many valuable items.,Anita Desai,Home,Wall collapse,Boundary wall,Medium,Neutral,03-13-25,Garden perimeter
CLM-5428,TRV-2337135,flight cancelled due to technical issue. stuck in london airport. had to book hotel. airline not refunding. .,Rahul Khanna,Travel,Flight cancellation,Hotel and meal expenses,Medium,Neutral,04-26-25,London Heathrow Airport
CLM-5429,TRV-5705041,luggage lost by airline. contained expensive clothes and gifts. bag never arrived on carousel. policy . Waiting for your quick response. This has caused a lot of stress to my family.,Priya Singh,Travel,Lost baggage,Suitcase with clothes and gifts,Medium,Neutral,03-14-25,Dubai Airport
CLM-5430,TRV-8525346,medical emergency in thailand. severe stomach infection. admitted to bangkok hospital. bill is high. . We are stuck at the airport with no accommodation. Waiting for your quick response. I have been a loyal customer for 5 years.,Amit Patel,Travel,Medical emergency abroad,Hospitalization expenses,Critical,Neutral,01-16-25,Bangkok Hospital
CLM-5431,TRV-6728046,passport stolen in paris metro. missed flight back home. embassy fees and new ticket cost. policy . It happened so suddenly I was in shock.,Sneha Gupta,Travel,Passport theft,Passport replacement and flight ticket,High,Neutral,02-21-25,Paris Metro
CLM-5432,TRV-9698056,trip cancelled due to father illness. non refundable tickets and hotel booking. . The airline is not providing any compensation. This is the first time I am filing a claim.,Vikram Reddy,Travel,Trip cancellation,Flight and hotel booking cost,High,Neutral,02-22-25,Home
CLM-5433,LIAB-1588758,my dog bit the delivery boy. deep wound on his leg. he is asking for medical expenses. . I hope this is covered under my policy. Please let me know the next steps immediately.,Anjali Menon,Liability,Dog bite liability,Delivery person leg injury,Medium,Neutral,03-28-25,Home front gate
CLM-5434,LIAB-4723743,guest slipped on wet floor in my house. broke her wrist. threatening to sue. policy .  It happened so suddenly I was in shock.,Suresh Kumar,Liability,Guest slip and fall,Guest wrist fracture,High,Neutral,05-19-25,Living room
CLM-5435,LIAB-5685341,tree from my garden fell on neighbors car. windshield smashed. roof dented. .  It happened so suddenly I was in shock.,Meera Iyer,Liability,Falling tree damage,Neighbor car windshield and roof,High,Neutral,01-17-25,Neighbor driveway
CLM-5436,LIAB-7858349,water from my flat leaked to flat below. their false ceiling collapsed. they want compensation. policy .,Rajesh Verma,Liability,Water leakage liability,Neighbor false ceiling,High,Neutral,01-26-25,Apartment building
CLM-5437,CYB-4935269,phishing attack on bank account. money transferred to unknown account. 50000 lost. .,Kavita Desai,Cyber,Phishing fraud,Bank account funds,High,Neutral,03-19-25,Online banking
CLM-5438,CYB-3566994,ransomware attack on personal laptop. all files encrypted. hacker asking for bitcoin. policy .  I hope this is covered under my policy.,Deepak Sharma,Cyber,Ransomware attack,Laptop data and files,Critical,Neutral,04-27-25,Home office
CLM-5439,CYB-8603958,credit card skimmed at petrol pump. unauthorized transactions worth 25000. . Waiting for your quick response. This is the first time I am filing a claim.,Sunita Reddy,Cyber,Credit card skimming,Credit card funds,Medium,Neutral,04-10-25,Petrol pump
CLM-5440,AUTO-1768874,filled diesel in petrol car by mistake. engine seized. tow truck called. . I use this car for my daily commute to work. The other driver was driving very rashly.,Mohan Rao,Auto,Wrong fuel,Car engine and fuel system,High,Neutral,02-11-25,Petrol station
CLM-5441,AUTO-5204572,lost car keys while shopping. smart key replacement is very expensive. policy . I hope this is covered under my policy. It happened so suddenly I was in shock. I use this car for my daily commute to work.,Priya Nair,Auto,Lost car keys,Smart key fob,Low,Neutral,01-23-25,Shopping mall
CLM-5442,AUTO-7180570,battery exploded in bonnet. acid damage to paint and wiring. .  It happened so suddenly I was in shock. Waiting for your quick response.,Arjun Kumar,Auto,Battery explosion,Engine bay paint and wiring,Medium,Neutral,04-10-25,Home parking
CLM-5443,HOM-7748196,solar panels damaged by hail. glass cracked on 3 panels. efficiency dropped. .   I have been a loyal customer for 5 years.,Geeta Sharma,Home,Solar panel damage,Solar panels,High,Neutral,04-19-25,Roof
CLM-5444,HOM-3054339,swimming pool tiles cracked. water leaking into ground. major repair needed. policy . We have lost many valuable items. Waiting for your quick response. The water has damaged the wooden flooring as well.,Ravi Kumar,Home,Pool damage,Swimming pool structure,High,Neutral,02-26-25,Backyard
CLM-5445,HOM-7759520,garden wall collapsed due to heavy rain. security risk. needs rebuilding. .,Anita Desai,Home,Wall collapse,Boundary wall,Medium,Neutral,01-27-25,Garden perimeter
CLM-5446,TRV-2108652,flight cancelled due to technical issue. stuck in london airport. had to book hotel. airline not refunding. . We missed our connecting flight due to this. Please let me know the next steps immediately.,Rahul Khanna,Travel,Flight cancellation,Hotel and meal expenses,Medium,Neutral,03-13-25,London Heathrow Airport
CLM-5447,TRV-6601459,luggage lost by airline. contained expensive clothes and gifts. bag never arrived on carousel. policy . I have all the boarding passes and receipts. The airline is not providing any compensation. This is the first time I am filing a claim.,Priya Singh,Travel,Lost baggage,Suitcase with clothes and gifts,Medium,Neutral,02-12-25,Dubai Airport
CLM-5448,TRV-5858570,medical emergency in thailand. severe stomach infection. admitted to bangkok hospital. bill is high. . Please let me know the next steps immediately.,Amit Patel,Travel,Medical emergency abroad,Hospitalization expenses,Critical,Neutral,02-20-25,Bangkok Hospital
CLM-5449,TRV-4622294,passport stolen in paris metro. missed flight back home. embassy fees and new ticket cost. policy . This has caused a lot of stress to my family. We missed our connecting flight due to this.,Sneha Gupta,Travel,Passport theft,Passport replacement and flight ticket,High,Neutral,05-21-25,Paris Metro
CLM-5450,TRV-4766613,trip cancelled due to father illness. non refundable tickets and hotel booking. .  Waiting for your quick response.,Vikram Reddy,Travel,Trip cancellation,Flight and hotel booking cost,High,Neutral,01-22-25,Home
CLM-5451,LIAB-2070424,my dog bit the delivery boy. deep wound on his leg. he is asking for medical expenses. .  I have been a loyal customer for 5 years.,Anjali Menon,Liability,Dog bite liability,Delivery person leg injury,Medium,Neutral,02-25-25,Home front gate
CLM-5452,LIAB-1225673,guest slipped on wet floor in my house. broke her wrist. threatening to sue. policy .   This has caused a lot of stress to my family.,Suresh Kumar,Liability,Guest slip and fall,Guest wrist fracture,High,Neutral,02-21-25,Living room
CLM-5453,LIAB-9106875,tree from my garden fell on neighbors car. windshield smashed. roof dented. . I have been a loyal customer for 5 years.  It happened so suddenly I was in shock.,Meera Iyer,Liability,Falling tree damage,Neighbor car windshield and roof,High,Neutral,01-22-25,Neighbor driveway
CLM-5454,LIAB-4137536,water from my flat leaked to flat below. their false ceiling collapsed. they want compensation. policy . It happened so suddenly I was in shock.,Rajesh Verma,Liability,Water leakage liability,Neighbor false ceiling,High,Neutral,05-25-25,Apartment building
CLM-5455,CYB-8718473,phishing attack on bank account. money transferred to unknown account. 50000 lost. . It happened so suddenly I was in shock.,Kavita Desai,Cyber,Phishing fraud,Bank account funds,High,Neutral,05-17-25,Online banking
CLM-5456,CYB-9406227,ransomware attack on personal laptop. all files encrypted. hacker asking for bitcoin. policy .   Waiting for your quick response.,Deepak Sharma,Cyber,Ransomware attack,Laptop data and files,Critical,Neutral,02-21-25,Home office
CLM-5457,CYB-8175593,credit card skimmed at petrol pump. unauthorized transactions worth 25000. . I have been a loyal customer for 5 years.,Sunita Reddy,Cyber,Credit card skimming,Credit card funds,Medium,Neutral,03-17-25,Petrol pump
CLM-5458,AUTO-2012054,filled diesel in petrol car by mistake. engine seized. tow truck called. .  I have been a loyal customer for 5 years.,Mohan Rao,Auto,Wrong fuel,Car engine and fuel system,High,Neutral,05-18-25,Petrol station
CLM-5459,AUTO-8553426,lost car keys while shopping. smart key replacement is very expensive. policy . I hope this is covered under my policy. My mechanic says the repair will be expensive.,Priya Nair,Auto,Lost car keys,Smart key fob,Low,Neutral,05-14-25,Shopping mall
CLM-5460,AUTO-5206426,battery exploded in bonnet. acid damage to paint and wiring. . I have been a loyal customer for 5 years.,Arjun Kumar,Auto,Battery explosion,Engine bay paint and wiring,Medium,Neutral,02-18-25,Home parking
CLM-5461,HOM-2947566,solar panels damaged by hail. glass cracked on 3 panels. efficiency dropped. . I hope this is covered under my policy. Waiting for your quick response.,Geeta Sharma,Home,Solar panel damage,Solar panels,High,Neutral,01-15-25,Roof
CLM-5462,HOM-2946536,swimming pool tiles cracked. water leaking into ground. major repair needed. policy . We have lost many valuable items. This has caused a lot of stress to my family. Please let me know the next steps immediately.,Ravi Kumar,Home,Pool damage,Swimming pool structure,High,Neutral,05-20-25,Backyard
CLM-5463,HOM-9820300,garden wall collapsed due to heavy rain. security risk. needs rebuilding. .  I have been a loyal customer for 5 years.,Anita Desai,Home,Wall collapse,Boundary wall,Medium,Neutral,05-12-25,Garden perimeter
CLM-5464,TRV-7937743,flight cancelled due to technical issue. stuck in london airport. had to book hotel. airline not refunding. . Waiting for your quick response.,Rahul Khanna,Travel,Flight cancellation,Hotel and meal expenses,Medium,Neutral,03-16-25,London Heathrow Airport
CLM-5465,TRV-2019295,luggage lost by airline. contained expensive clothes and gifts. bag never arrived on carousel. policy . I have all the boarding passes and receipts. We are stuck at the airport with no accommodation.,Priya Singh,Travel,Lost baggage,Suitcase with clothes and gifts,Medium,Neutral,01-28-25,Dubai Airport
CLM-5466,TRV-2672966,medical emergency in thailand. severe stomach infection. admitted to bangkok hospital. bill is high. .  We missed our connecting flight due to this.,Amit Patel,Travel,Medical emergency abroad,Hospitalization expenses,Critical,Neutral,01-21-25,Bangkok Hospital
CLM-5467,TRV-8924298,passport stolen in paris metro. missed flight back home. embassy fees and new ticket cost. policy .  Waiting for your quick response. I have all the boarding passes and receipts.,Sneha Gupta,Travel,Passport theft,Passport replacement and flight ticket,High,Neutral,04-22-25,Paris Metro
CLM-5468,TRV-3324239,trip cancelled due to father illness. non refundable tickets and hotel booking. . The airline is not providing any compensation. Please let me know the next steps immediately.,Vikram Reddy,Travel,Trip cancellation,Flight and hotel booking cost,High,Neutral,05-24-25,Home
CLM-5469,LIAB-8066223,my dog bit the delivery boy. deep wound on his leg. he is asking for medical expenses. .  It happened so suddenly I was in shock. I have been a loyal customer for 5 years.,Anjali Menon,Liability,Dog bite liability,Delivery person leg injury,Medium,Neutral,01-20-25,Home front gate
CLM-5470,LIAB-2038718,guest slipped on wet floor in my house. broke her wrist. threatening to sue. policy . This has caused a lot of stress to my family.,Suresh Kumar,Liability,Guest slip and fall,Guest wrist fracture,High,Neutral,03-20-25,Living room
CLM-5471,LIAB-5223388,tree from my garden fell on neighbors car. windshield smashed. roof dented. . I hope this is covered under my policy.,Meera Iyer,Liability,Falling tree damage,Neighbor car windshield and roof,High,Neutral,03-23-25,Neighbor driveway
CLM-5472,LIAB-7839585,water from my flat leaked to flat below. their false ceiling collapsed. they want compensation. policy .,Rajesh Verma,Liability,Water leakage liability,Neighbor false ceiling,High,Neutral,03-27-25,Apartment building
CLM-5473,CYB-4173256,phishing attack on bank account. money transferred to unknown account. 50000 lost. . It happened so suddenly I was in shock.,Kavita Desai,Cyber,Phishing fraud,Bank account funds,High,Neutral,02-28-25,Online banking
CLM-5474,CYB-5758666,ransomware attack on personal laptop. all files encrypted. hacker asking for bitcoin. policy . It happened so suddenly I was in shock. I have been a loyal customer for 5 years. Please let me know the next steps immediately.,Deepak Sharma,Cyber,Ransomware attack,Laptop data and files,Critical,Neutral,05-10-25,Home office
CLM-5475,CYB-6070590,credit card skimmed at petrol pump. unauthorized transactions worth 25000. .  Please let me know the next steps immediately.,Sunita Reddy,Cyber,Credit card skimming,Credit card funds,Medium,Neutral,03-25-25,Petrol pump
CLM-5476,AUTO-5962402,filled diesel in petrol car by mistake. engine seized. tow truck called. .   It happened so suddenly I was in shock.,Mohan Rao,Auto,Wrong fuel,Car engine and fuel system,High,Neutral,01-16-25,Petrol station
CLM-5477,AUTO-2620738,lost car keys while shopping. smart key replacement is very expensive. policy .  It happened so suddenly I was in shock.,Priya Nair,Auto,Lost car keys,Smart key fob,Low,Neutral,05-11-25,Shopping mall
CLM-5478,AUTO-9208769,battery exploded in bonnet. acid damage to paint and wiring. .  This is the first time I am filing a claim. Please let me know the next steps immediately.,Arjun Kumar,Auto,Battery explosion,Engine bay paint and wiring,Medium,Neutral,04-26-25,Home parking
CLM-5479,HOM-2192949,solar panels damaged by hail. glass cracked on 3 panels. efficiency dropped. .  This is the first time I am filing a claim.,Geeta Sharma,Home,Solar panel damage,Solar panels,High,Neutral,01-16-25,Roof
CLM-5480,HOM-3459854,swimming pool tiles cracked. water leaking into ground. major repair needed. policy . We have lost many valuable items.,Ravi Kumar,Home,Pool damage,Swimming pool structure,High,Neutral,02-20-25,Backyard
CLM-5481,HOM-3452413,garden wall collapsed due to heavy rain. security risk. needs rebuilding. .  The security guard saw the person running away.,Anita Desai,Home,Wall collapse,Boundary wall,Medium,Neutral,02-26-25,Garden perimeter
CLM-5482,TRV-3166534,flight cancelled due to technical issue. stuck in london airport. had to book hotel. airline not refunding. . I hope this is covered under my policy.  This is the first time I am filing a claim.,Rahul Khanna,Travel,Flight cancellation,Hotel and meal expenses,Medium,Neutral,04-11-25,London Heathrow Airport
CLM-5483,TRV-5273833,luggage lost by airline. contained expensive clothes and gifts. bag never arrived on carousel. policy . Please let me know the next steps immediately. We are stuck at the airport with no accommodation.,Priya Singh,Travel,Lost baggage,Suitcase with clothes and gifts,Medium,Neutral,05-26-25,Dubai Airport
CLM-5484,TRV-8403194,medical emergency in thailand. severe stomach infection. admitted to bangkok hospital. bill is high. . All our vacation plans are ruined. Waiting for your quick response.,Amit Patel,Travel,Medical emergency abroad,Hospitalization expenses,Critical,Neutral,03-10-25,Bangkok Hospital
CLM-5485,TRV-5470472,passport stolen in paris metro. missed flight back home. embassy fees and new ticket cost. policy . This has caused a lot of stress to my family. We missed our connecting flight due to this. We are stuck at the airport with no accommodation.,Sneha Gupta,Travel,Passport theft,Passport replacement and flight ticket,High,Neutral,02-17-25,Paris Metro
CLM-5486,TRV-2660472,trip cancelled due to father illness. non refundable tickets and hotel booking. .  All our vacation plans are ruined. We missed our connecting flight due to this.,Vikram Reddy,Travel,Trip cancellation,Flight and hotel booking cost,High,Neutral,01-12-25,Home
CLM-5487,LIAB-2845248,my dog bit the delivery boy. deep wound on his leg. he is asking for medical expenses. .  I hope this is covered under my policy.,Anjali Menon,Liability,Dog bite liability,Delivery person leg injury,Medium,Neutral,02-23-25,Home front gate
CLM-5488,LIAB-1109786,guest slipped on wet floor in my house. broke her wrist. threatening to sue. policy .  I hope this is covered under my policy. Waiting for your quick response.,Suresh Kumar,Liability,Guest slip and fall,Guest wrist fracture,High,Neutral,05-19-25,Living room
CLM-5489,LIAB-5865096,tree from my garden fell on neighbors car. windshield smashed. roof dented. .   This is the first time I am filing a claim.,Meera Iyer,Liability,Falling tree damage,Neighbor car windshield and roof,High,Neutral,01-24-25,Neighbor driveway
CLM-5490,LIAB-3927507,water from my flat leaked to flat below. their false ceiling collapsed. they want compensation. policy . This has caused a lot of stress to my family. This is the first time I am filing a claim.,Rajesh Verma,Liability,Water leakage liability,Neighbor false ceiling,High,Neutral,04-20-25,Apartment building
CLM-5491,CYB-9891149,phishing attack on bank account. money transferred to unknown account. 50000 lost. . I hope this is covered under my policy. This has caused a lot of stress to my family. It happened so suddenly I was in shock.,Kavita Desai,Cyber,Phishing fraud,Bank account funds,High,Neutral,02-13-25,Online banking
CLM-5492,CYB-6767147,ransomware attack on personal laptop. all files encrypted. hacker asking for bitcoin. policy .  Waiting for your quick response.,Deepak Sharma,Cyber,Ransomware attack,Laptop data and files,Critical,Neutral,01-20-25,Home office
CLM-5493,CYB-3101820,credit card skimmed at petrol pump. unauthorized transactions worth 25000. .,Sunita Reddy,Cyber,Credit card skimming,Credit card funds,Medium,Neutral,01-10-25,Petrol pump
CLM-5494,AUTO-3743906,filled diesel in petrol car by mistake. engine seized. tow truck called. . I have been a loyal customer for 5 years. Waiting for your quick response.,Mohan Rao,Auto,Wrong fuel,Car engine and fuel system,High,Neutral,05-12-25,Petrol station
CLM-5495,AUTO-2037031,lost car keys while shopping. smart key replacement is very expensive. policy .  I have the dashcam footage if you need it. Waiting for your quick response.,Priya Nair,Auto,Lost car keys,Smart key fob,Low,Neutral,05-25-25,Shopping mall
CLM-5496,AUTO-5321627,battery exploded in bonnet. acid damage to paint and wiring. . It happened so suddenly I was in shock. I use this car for my daily commute to work.,Arjun Kumar,Auto,Battery explosion,Engine bay paint and wiring,Medium,Neutral,02-26-25,Home parking
CLM-5497,HOM-7174610,solar panels damaged by hail. glass cracked on 3 panels. efficiency dropped. . Please let me know the next steps immediately.,Geeta Sharma,Home,Solar panel damage,Solar panels,High,Neutral,05-24-25,Roof
CLM-5498,HOM-7175618,swimming pool tiles cracked. water leaking into ground. major repair needed. policy . The water has damaged the wooden flooring as well.,Ravi Kumar,Home,Pool damage,Swimming pool structure,High,Neutral,03-27-25,Backyard
CLM-5499,HOM-5110793,garden wall collapsed due to heavy rain. security risk. needs rebuilding. . I have been a loyal customer for 5 years.,Anita Desai,Home,Wall collapse,Boundary wall,Medium,Neutral,05-14-25,Garden perimeter
CLM-5500,TRV-5037061,flight cancelled due to technical issue. stuck in london airport. had to book hotel. airline not refunding. .  The airline is not providing any compensation. Please let me know the next steps immediately.,Rahul Khanna,Travel,Flight cancellation,Hotel and meal expenses,Medium,Neutral,03-15-25,London Heathrow Airport
CLM-5501,TRV-7010168,luggage lost by airline. contained expensive clothes and gifts. bag never arrived on carousel. policy . The airline is not providing any compensation. It happened so suddenly I was in shock. I hope this is covered under my policy.,Priya Singh,Travel,Lost baggage,Suitcase with clothes and gifts,Medium,Neutral,05-17-25,Dubai Airport
CLM-5502,TRV-1532414,medical emergency in thailand. severe stomach infection. admitted to bangkok hospital. bill is high. . This is the first time I am filing a claim. All our vacation plans are ruined. I have all the boarding passes and receipts.,Amit Patel,Travel,Medical emergency abroad,Hospitalization expenses,Critical,Neutral,04-15-25,Bangkok Hospital
CLM-5503,TRV-5037989,passport stolen in paris metro. missed flight back home. embassy fees and new ticket cost. policy . I have been a loyal customer for 5 years. We missed our connecting flight due to this. Please let me know the next steps immediately.,Sneha Gupta,Travel,Passport theft,Passport replacement and flight ticket,High,Neutral,03-17-25,Paris Metro
CLM-5504,TRV-3639201,trip cancelled due to father illness. non refundable tickets and hotel booking. .  We are stuck at the airport with no accommodation. I have been a loyal customer for 5 years.,Vikram Reddy,Travel,Trip cancellation,Flight and hotel booking cost,High,Neutral,03-26-25,Home
CLM-5505,LIAB-9268471,my dog bit the delivery boy. deep wound on his leg. he is asking for medical expenses. .   I hope this is covered under my policy.,Anjali Menon,Liability,Dog bite liability,Delivery person leg injury,Medium,Neutral,04-24-25,Home front gate
CLM-5506,LIAB-8990948,guest slipped on wet floor in my house. broke her wrist. threatening to sue. policy . This is the first time I am filing a claim.,Suresh Kumar,Liability,Guest slip and fall,Guest wrist fracture,High,Neutral,05-17-25,Living room
CLM-5507,LIAB-1850724,tree from my garden fell on neighbors car. windshield smashed. roof dented. . It happened so suddenly I was in shock.,Meera Iyer,Liability,Falling tree damage,Neighbor car windshield and roof,High,Neutral,01-14-25,Neighbor driveway
CLM-5508,LIAB-4606434,water from my flat leaked to flat below. their false ceiling collapsed. they want compensation. policy . It happened so suddenly I was in shock. This is the first time I am filing a claim.,Rajesh Verma,Liability,Water leakage liability,Neighbor false ceiling,High,Neutral,03-15-25,Apartment building
CLM-5509,CYB-1420560,phishing attack on bank account. money transferred to unknown account. 50000 lost. . It happened so suddenly I was in shock. Please let me know the next steps immediately.,Kavita Desai,Cyber,Phishing fraud,Bank account funds,High,Neutral,05-23-25,Online banking
CLM-5510,CYB-1198369,ransomware attack on personal laptop. all files encrypted. hacker asking for bitcoin. policy . Waiting for your quick response. It happened so suddenly I was in shock.,Deepak Sharma,Cyber,Ransomware attack,Laptop data and files,Critical,Neutral,05-13-25,Home office
CLM-5511,CYB-3018921,credit card skimmed at petrol pump. unauthorized transactions worth 25000. . This is the first time I am filing a claim. I hope this is covered under my policy.,Sunita Reddy,Cyber,Credit card skimming,Credit card funds,Medium,Neutral,03-19-25,Petrol pump
CLM-5512,AUTO-3051066,filled diesel in petrol car by mistake. engine seized. tow truck called. .,Mohan Rao,Auto,Wrong fuel,Car engine and fuel system,High,Neutral,04-26-25,Petrol station
CLM-5513,AUTO-3835772,lost car keys while shopping. smart key replacement is very expensive. policy . Waiting for your quick response.,Priya Nair,Auto,Lost car keys,Smart key fob,Low,Neutral,05-15-25,Shopping mall
CLM-5514,AUTO-6698981,battery exploded in bonnet. acid damage to paint and wiring. . The car is currently not drivable and towed to the garage.  Please let me know the next steps immediately.,Arjun Kumar,Auto,Battery explosion,Engine bay paint and wiring,Medium,Neutral,02-11-25,Home parking
CLM-5515,HOM-1856525,solar panels damaged by hail. glass cracked on 3 panels. efficiency dropped. .,Geeta Sharma,Home,Solar panel damage,Solar panels,High,Neutral,04-16-25,Roof
CLM-5516,HOM-7335518,swimming pool tiles cracked. water leaking into ground. major repair needed. policy .  The security guard saw the person running away.,Ravi Kumar,Home,Pool damage,Swimming pool structure,High,Neutral,03-17-25,Backyard
CLM-5517,HOM-9938801,garden wall collapsed due to heavy rain. security risk. needs rebuilding. .  Please let me know the next steps immediately.,Anita Desai,Home,Wall collapse,Boundary wall,Medium,Neutral,05-17-25,Garden perimeter
CLM-5518,TRV-9774432,flight cancelled due to technical issue. stuck in london airport. had to book hotel. airline not refunding. . It happened so suddenly I was in shock. I have been a loyal customer for 5 years.,Rahul Khanna,Travel,Flight cancellation,Hotel and meal expenses,Medium,Neutral,04-22-25,London Heathrow Airport
CLM-5519,TRV-3158863,luggage lost by airline. contained expensive clothes and gifts. bag never arrived on carousel. policy . We missed our connecting flight due to this.,Priya Singh,Travel,Lost baggage,Suitcase with clothes and gifts,Medium,Neutral,02-21-25,Dubai Airport
CLM-5520,TRV-9795514,medical emergency in thailand. severe stomach infection. admitted to bangkok hospital. bill is high. .  All our vacation plans are ruined. We missed our connecting flight due to this.,Amit Patel,Travel,Medical emergency abroad,Hospitalization expenses,Critical,Neutral,03-26-25,Bangkok Hospital
CLM-5521,TRV-1289101,passport stolen in paris metro. missed flight back home. embassy fees and new ticket cost. policy .  I hope this is covered under my policy.,Sneha Gupta,Travel,Passport theft,Passport replacement and flight ticket,High,Neutral,02-17-25,Paris Metro
CLM-5522,TRV-4847848,trip cancelled due to father illness. non refundable tickets and hotel booking. . I have been a loyal customer for 5 years. We missed our connecting flight due to this. The airline is not providing any compensation.,Vikram Reddy,Travel,Trip cancellation,Flight and hotel booking cost,High,Neutral,04-10-25,Home
CLM-5523,LIAB-2793874,my dog bit the delivery boy. deep wound on his leg. he is asking for medical expenses. .,Anjali Menon,Liability,Dog bite liability,Delivery person leg injury,Medium,Neutral,02-26-25,Home front gate
CLM-5524,LIAB-5521476,guest slipped on wet floor in my house. broke her wrist. threatening to sue. policy . Waiting for your quick response.  I hope this is covered under my policy.,Suresh Kumar,Liability,Guest slip and fall,Guest wrist fracture,High,Neutral,01-12-25,Living room
CLM-5525,LIAB-9447046,tree from my garden fell on neighbors car. windshield smashed. roof dented. .   It happened so suddenly I was in shock.,Meera Iyer,Liability,Falling tree damage,Neighbor car windshield and roof,High,Neutral,01-14-25,Neighbor driveway
CLM-5526,LIAB-2275619,water from my flat leaked to flat below. their false ceiling collapsed. they want compensation. policy .  I hope this is covered under my policy.,Rajesh Verma,Liability,Water leakage liability,Neighbor false ceiling,High,Neutral,03-13-25,Apartment building
CLM-5527,CYB-3642438,phishing attack on bank account. money transferred to unknown account. 50000 lost. . I have been a loyal customer for 5 years.,Kavita Desai,Cyber,Phishing fraud,Bank account funds,High,Neutral,02-23-25,Online banking
CLM-5528,CYB-2883994,ransomware attack on personal laptop. all files encrypted. hacker asking for bitcoin. policy .,Deepak Sharma,Cyber,Ransomware attack,Laptop data and files,Critical,Neutral,03-15-25,Home office
CLM-5529,CYB-5514160,credit card skimmed at petrol pump. unauthorized transactions worth 25000. . I hope this is covered under my policy.,Sunita Reddy,Cyber,Credit card skimming,Credit card funds,Medium,Neutral,04-11-25,Petrol pump
CLM-5530,AUTO-9055488,filled diesel in petrol car by mistake. engine seized. tow truck called. . I have been a loyal customer for 5 years. My mechanic says the repair will be expensive.,Mohan Rao,Auto,Wrong fuel,Car engine and fuel system,High,Neutral,05-18-25,Petrol station
CLM-5531,AUTO-7514929,lost car keys while shopping. smart key replacement is very expensive. policy . Waiting for your quick response.,Priya Nair,Auto,Lost car keys,Smart key fob,Low,Neutral,04-23-25,Shopping mall
CLM-5532,AUTO-4663838,battery exploded in bonnet. acid damage to paint and wiring. .  Waiting for your quick response.,Arjun Kumar,Auto,Battery explosion,Engine bay paint and wiring,Medium,Neutral,02-17-25,Home parking
CLM-5533,HOM-4159487,solar panels damaged by hail. glass cracked on 3 panels. efficiency dropped. . We have lost many valuable items. Waiting for your quick response.,Geeta Sharma,Home,Solar panel damage,Solar panels,High,Neutral,03-26-25,Roof
CLM-5534,HOM-2769790,swimming pool tiles cracked. water leaking into ground. major repair needed. policy . I hope this is covered under my policy. This is the first time I am filing a claim.,Ravi Kumar,Home,Pool damage,Swimming pool structure,High,Neutral,01-21-25,Backyard
CLM-5535,HOM-1138950,garden wall collapsed due to heavy rain. security risk. needs rebuilding. .  This has caused a lot of stress to my family.,Anita Desai,Home,Wall collapse,Boundary wall,Medium,Neutral,05-20-25,Garden perimeter
CLM-5536,TRV-2737678,flight cancelled due to technical issue. stuck in london airport. had to book hotel. airline not refunding. .   Please let me know the next steps immediately.,Rahul Khanna,Travel,Flight cancellation,Hotel and meal expenses,Medium,Neutral,02-19-25,London Heathrow Airport
CLM-5537,TRV-4325849,luggage lost by airline. contained expensive clothes and gifts. bag never arrived on carousel. policy .  The airline is not providing any compensation.,Priya Singh,Travel,Lost baggage,Suitcase with clothes and gifts,Medium,Neutral,02-23-25,Dubai Airport
CLM-5538,TRV-4791246,medical emergency in thailand. severe stomach infection. admitted to bangkok hospital. bill is high. . I have all the boarding passes and receipts. The airline is not providing any compensation.,Amit Patel,Travel,Medical emergency abroad,Hospitalization expenses,Critical,Neutral,03-14-25,Bangkok Hospital
CLM-5539,TRV-6918691,passport stolen in paris metro. missed flight back home. embassy fees and new ticket cost. policy .  We missed our connecting flight due to this. This is the first time I am filing a claim.,Sneha Gupta,Travel,Passport theft,Passport replacement and flight ticket,High,Neutral,02-14-25,Paris Metro
CLM-5540,TRV-8755155,trip cancelled due to father illness. non refundable tickets and hotel booking. . We missed our connecting flight due to this.,Vikram Reddy,Travel,Trip cancellation,Flight and hotel booking cost,High,Neutral,03-18-25,Home
CLM-5541,LIAB-4981150,my dog bit the delivery boy. deep wound on his leg. he is asking for medical expenses. . This has caused a lot of stress to my family. It happened so suddenly I was in shock. I hope this is covered under my policy.,Anjali Menon,Liability,Dog bite liability,Delivery person leg injury,Medium,Neutral,04-20-25,Home front gate
CLM-5542,LIAB-8267725,guest slipped on wet floor in my house. broke her wrist. threatening to sue. policy . I have been a loyal customer for 5 years.  It happened so suddenly I was in shock.,Suresh Kumar,Liability,Guest slip and fall,Guest wrist fracture,High,Neutral,04-11-25,Living room
CLM-5543,LIAB-3942012,tree from my garden fell on neighbors car. windshield smashed. roof dented. .  Please let me know the next steps immediately.,Meera Iyer,Liability,Falling tree damage,Neighbor car windshield and roof,High,Neutral,02-23-25,Neighbor driveway
CLM-5544,LIAB-8377423,water from my flat leaked to flat below. their false ceiling collapsed. they want compensation. policy . It happened so suddenly I was in shock. This is the first time I am filing a claim.,Rajesh Verma,Liability,Water leakage liability,Neighbor false ceiling,High,Neutral,01-11-25,Apartment building
CLM-5545,CYB-6895366,phishing attack on bank account. money transferred to unknown account. 50000 lost. . Please let me know the next steps immediately. I hope this is covered under my policy.,Kavita Desai,Cyber,Phishing fraud,Bank account funds,High,Neutral,02-11-25,Online banking
CLM-5546,CYB-7913761,ransomware attack on personal laptop. all files encrypted. hacker asking for bitcoin. policy . It happened so suddenly I was in shock.  I have been a loyal customer for 5 years.,Deepak Sharma,Cyber,Ransomware attack,Laptop data and files,Critical,Neutral,03-28-25,Home office
CLM-5547,CYB-4469186,credit card skimmed at petrol pump. unauthorized transactions worth 25000. .,Sunita Reddy,Cyber,Credit card skimming,Credit card funds,Medium,Neutral,04-19-25,Petrol pump
CLM-5548,AUTO-8911273,filled diesel in petrol car by mistake. engine seized. tow truck called. . I use this car for my daily commute to work.,Mohan Rao,Auto,Wrong fuel,Car engine and fuel system,High,Neutral,03-23-25,Petrol station
CLM-5549,AUTO-1236756,lost car keys while shopping. smart key replacement is very expensive. policy .   This is the first time I am filing a claim.,Priya Nair,Auto,Lost car keys,Smart key fob,Low,Neutral,05-15-25,Shopping mall
CLM-5550,AUTO-9980844,battery exploded in bonnet. acid damage to paint and wiring. . Please let me know the next steps immediately. This is the first time I am filing a claim.,Arjun Kumar,Auto,Battery explosion,Engine bay paint and wiring,Medium,Neutral,05-18-25,Home parking
CLM-5551,HOM-1063185,solar panels damaged by hail. glass cracked on 3 panels. efficiency dropped. . It happened so suddenly I was in shock.  I hope this is covered under my policy.,Geeta Sharma,Home,Solar panel damage,Solar panels,High,Neutral,03-20-25,Roof
CLM-5552,HOM-7255541,swimming pool tiles cracked. water leaking into ground. major repair needed. policy . Waiting for your quick response.,Ravi Kumar,Home,Pool damage,Swimming pool structure,High,Neutral,01-24-25,Backyard
CLM-5553,HOM-8665642,garden wall collapsed due to heavy rain. security risk. needs rebuilding. . This has caused a lot of stress to my family. The water has damaged the wooden flooring as well. We have lost many valuable items.,Anita Desai,Home,Wall collapse,Boundary wall,Medium,Neutral,03-13-25,Garden perimeter
CLM-5554,TRV-4183111,flight cancelled due to technical issue. stuck in london airport. had to book hotel. airline not refunding. .,Rahul Khanna,Travel,Flight cancellation,Hotel and meal expenses,Medium,Neutral,02-22-25,London Heathrow Airport
CLM-5555,TRV-5921679,luggage lost by airline. contained expensive clothes and gifts. bag never arrived on carousel. policy .  Waiting for your quick response. We missed our connecting flight due to this.,Priya Singh,Travel,Lost baggage,Suitcase with clothes and gifts,Medium,Neutral,02-25-25,Dubai Airport
CLM-5556,TRV-4065852,medical emergency in thailand. severe stomach infection. admitted to bangkok hospital. bill is high. .  We missed our connecting flight due to this.,Amit Patel,Travel,Medical emergency abroad,Hospitalization expenses,Critical,Neutral,02-10-25,Bangkok Hospital
CLM-5557,TRV-2792985,passport stolen in paris metro. missed flight back home. embassy fees and new ticket cost. policy . All our vacation plans are ruined. Please let me know the next steps immediately.,Sneha Gupta,Travel,Passport theft,Passport replacement and flight ticket,High,Neutral,05-20-25,Paris Metro
CLM-5558,TRV-2032798,trip cancelled due to father illness. non refundable tickets and hotel booking. .  We are stuck at the airport with no accommodation.,Vikram Reddy,Travel,Trip cancellation,Flight and hotel booking cost,High,Neutral,05-22-25,Home
CLM-5559,LIAB-9345528,my dog bit the delivery boy. deep wound on his leg. he is asking for medical expenses. .,Anjali Menon,Liability,Dog bite liability,Delivery person leg injury,Medium,Neutral,05-16-25,Home front gate
CLM-5560,LIAB-7925158,guest slipped on wet floor in my house. broke her wrist. threatening to sue. policy . It happened so suddenly I was in shock. Waiting for your quick response.,Suresh Kumar,Liability,Guest slip and fall,Guest wrist fracture,High,Neutral,04-23-25,Living room
CLM-5561,LIAB-8250424,tree from my garden fell on neighbors car. windshield smashed. roof dented. . This is the first time I am filing a claim. Please let me know the next steps immediately.,Meera Iyer,Liability,Falling tree damage,Neighbor car windshield and roof,High,Neutral,02-10-25,Neighbor driveway
CLM-5562,LIAB-3818592,water from my flat leaked to flat below. their false ceiling collapsed. they want compensation. policy .  Waiting for your quick response.,Rajesh Verma,Liability,Water leakage liability,Neighbor false ceiling,High,Neutral,02-27-25,Apartment building
CLM-5563,CYB-8780630,phishing attack on bank account. money transferred to unknown account. 50000 lost. .  This is the first time I am filing a claim.,Kavita Desai,Cyber,Phishing fraud,Bank account funds,High,Neutral,05-11-25,Online banking
CLM-5564,CYB-1493451,ransomware attack on personal laptop. all files encrypted. hacker asking for bitcoin. policy .  I hope this is covered under my policy.,Deepak Sharma,Cyber,Ransomware attack,Laptop data and files,Critical,Neutral,01-18-25,Home office
CLM-5565,CYB-2613014,credit card skimmed at petrol pump. unauthorized transactions worth 25000. . I have been a loyal customer for 5 years.,Sunita Reddy,Cyber,Credit card skimming,Credit card funds,Medium,Neutral,05-25-25,Petrol pump
CLM-5566,AUTO-2260455,filled diesel in petrol car by mistake. engine seized. tow truck called. . Please let me know the next steps immediately.,Mohan Rao,Auto,Wrong fuel,Car engine and fuel system,High,Neutral,04-26-25,Petrol station
CLM-5567,AUTO-4569155,lost car keys while shopping. smart key replacement is very expensive. policy . The other driver was driving very rashly.,Priya Nair,Auto,Lost car keys,Smart key fob,Low,Neutral,05-14-25,Shopping mall
CLM-5568,AUTO-4000559,battery exploded in bonnet. acid damage to paint and wiring. . I hope this is covered under my policy. Please let me know the next steps immediately.,Arjun Kumar,Auto,Battery explosion,Engine bay paint and wiring,Medium,Neutral,04-19-25,Home parking
CLM-5569,HOM-8609903,solar panels damaged by hail. glass cracked on 3 panels. efficiency dropped. . The security guard saw the person running away.  The water has damaged the wooden flooring as well.,Geeta Sharma,Home,Solar panel damage,Solar panels,High,Neutral,04-22-25,Roof
CLM-5570,HOM-4277453,swimming pool tiles cracked. water leaking into ground. major repair needed. policy . We have lost many valuable items.  The security guard saw the person running away.,Ravi Kumar,Home,Pool damage,Swimming pool structure,High,Neutral,01-14-25,Backyard
CLM-5571,HOM-2917322,garden wall collapsed due to heavy rain. security risk. needs rebuilding. .,Anita Desai,Home,Wall collapse,Boundary wall,Medium,Neutral,05-17-25,Garden perimeter
CLM-5572,TRV-8821205,flight cancelled due to technical issue. stuck in london airport. had to book hotel. airline not refunding. . This has caused a lot of stress to my family.,Rahul Khanna,Travel,Flight cancellation,Hotel and meal expenses,Medium,Neutral,04-20-25,London Heathrow Airport
CLM-5573,TRV-5401659,luggage lost by airline. contained expensive clothes and gifts. bag never arrived on carousel. policy . All our vacation plans are ruined.,Priya Singh,Travel,Lost baggage,Suitcase with clothes and gifts,Medium,Neutral,03-22-25,Dubai Airport
CLM-5000,AUTO-5639201,someone scratched my car really bad in parking lot. both doors and hood have deep marks. need complete repaint    I have been a loyal customer for 5 years.,Priya Singh,Auto,Vandalism,Driver door passenger door and hood paint,Medium,Neutral,11-30-25,Office parking lot
CLM-5001,HOM-7721849,kitchen fire happened last night around 2am from gas stove. cabinets burned completely. microwave melted. walls damaged..,Ramesh Gupta,Home,Kitchen fire,Wall cabinets countertop microwave and wall structure,Critical,Neutral,11-29-25,Kitchen
CLM-5002,HLTH-9384756,I slipped at Big Bazaar on wet floor. no warning sign anywhere. back injury cant walk properly..,Sunita Reddy,Liability,Slip and fall,Lower lumbar spine and tailbone,High,Neutral,11-28-25,Big Bazaar aisle 7
CLM-5003,AUTO-7749283,drunk driver crashed into my parked car last night 11pm. front totally smashed. bonnet bent headlights broken radiator leaking..,Deepak Shah,Auto,Parked vehicle collision,Front bumper bonnet both headlights radiator,Critical,Neutral,11-23-25,MG Road street parking
CLM-5004,HLTH-5527394,my father. had heart attack nov 25 night 1130pm. rushed to manipal emergency. angioplasty done three stents. in icu now. bill 450000,Sanjay Reddy,Health,Cardiac emergency,Coronary arteries triple blockage,Critical,Neutral,11-25-25,Manipal Hospital ICU
CLM-5005,HLTH-8472639,Amit Verma here. got hit by car crossing MG Road yesterday 6pm. left leg broken need surgery. policy . ambulance took me fortis. bills already 85000  I might need physiotherapy sessions later.  It happened so suddenly I was in shock.,Amit Verma,Health,Pedestrian accident,Left femur fracture,Critical,Neutral,12-01-25,MG Road crossing
CLM-5006,HOM-4482937,Arjun Nair reporting water leak from ceiling last week. sofa wet laptop damaged. policy number . ceiling has brown stain  The security guard saw the person running away.,Arjun Nair,Home,Ceiling water leak,3-seater sofa and Dell laptop,High,Neutral,11-27-25,Living room
CLM-5007,AUTO-6638471,Kavita Menon here my car got stolen from basement parking in whitefield. 2023 maruti swift white color. happened nov 26 around 3am. filed fir with police. my policy . laptop was also inside the car  It happened so suddenly I was in shock.,Kavita Menon,Auto,Vehicle theft with contents,2023 Maruti Swift and Dell laptop,Critical,Neutral,11-26-25,Whitefield basement parking
CLM-5008,AUTO-4461928,Vikram Shah calling about parking accident. backed into pole at phoenix mall yesterday 3pm. rear bumper dented camera smashed. policy . parking sensor making noise  My mechanic says the repair will be expensive.  The car is currently not drivable and towed to the garage.,Vikram Shah,Auto,Reversing collision,Rear bumper backup camera parking sensors,Medium,Neutral,11-21-25,Phoenix Mall level 2
CLM-5009,HOM-4425176,Kamala Das here water came from upstairs neighbor flat. their washing machine pipe burst. our ceiling collapsed. sofa completely wet. family photos destroyed. tv stand damaged. policy . very upset about photos  I hope this is covered under my policy.,Kamala Das,Home,Upstairs leak damage,Living room ceiling sofa TV stand photo albums,High,Neutral,11-19-25,Living room
CLM-5010,HOM-8831674,pipe burst in bathroom last night. whole bathroom flooded tiles cracked geyser damaged. water went bedroom also carpet ruined.. my policy,Meera Joshi,Home,Pipe burst flooding,Bathroom tiles geyser bedroom carpet,Critical,Neutral,11-24-25,Master bathroom
CLM-5011,AUTO-3395847,someone broke car window overnight. stole macbook pro from back seat. glass everywhere. happened in office parking..   Please let me know the next steps immediately.,Ananya Pillai,Auto,Car break-in theft,Rear window glass MacBook Pro,High,Neutral,11-22-25,Office parking sector 5
CLM-5012,HLTH-6638471,fell on bathroom floor two days back. floor was wet. hip fractured admitted in hospital. very painful cant walk.. policy   The doctor has advised complete bed rest for 2 weeks.  Please let me know the next steps immediately.  I hope this is covered under my policy.,Lata Kulkarni,Health,Bathroom fall,Right hip femoral neck fracture,Critical,Neutral,11-20-25,Home bathroom
CLM-5013,AUTO-8892647,driving outer ring road when rock from truck hit windshield. big crack across driver side. hood paint also chipped. have dashcam video.. policy   Please let me know the next steps immediately.,Rohan Verma,Auto,Road debris impact,Front windshield hood paint,Medium,Neutral,11-18-25,Outer Ring Road Marathahalli
CLM-5014,AUTO-5537284,construction debris fell on my mercedes from building renovation. roof dented rear windshield shattered spoiler broken. happened nov 17 around 230pm. got photos and construction company details..   Please let me know the next steps immediately.  I use this car for my daily commute to work.,Ashwin Reddy,Auto,Falling construction debris,Vehicle roof rear windshield spoiler,Critical,Neutral,11-17-25,Parked near construction site
CLM-5015,HOM-7783925,house fire emergency. kitchen stove fire spread dining room. fire brigade came. kitchen destroyed dining room smoke damage. cant live here need hotel.. policy,Pradeep Nair,Home,Major house fire,Kitchen dining room smoke damage,Critical,Neutral,11-16-25,Ground floor
CLM-5016,AUTO-8872641,policy no  this is third vandalism this month. all four tires slashed hood keyed mirrors broken. happened nov 14. security useless.. very frustrated  This has caused a lot of stress to my family.    The car is currently not drivable and towed to the garage.,Praveen Jain,Auto,Repeat vandalism,Four tires hood paint side mirrors,High,Neutral,11-14-25,Residential parking
CLM-5017,AUTO-9382746,motorcycle fell when dog ran into road. braked hard and skidded left side. bike scratched both sides mirror broken. my arm and leg have road rash. helmet saved me.. policy number   The car is currently not drivable and towed to the garage.  I hope this is covered under my policy.,Karan Singh,Auto,Two-wheeler accident,Left body panel both panels left mirror,High,Neutral,11-10-25,Inner Ring Road Kormangala
CLM-5018,LIAB-3392847,my kid broke neighbors window playing cricket. ball went through bedroom window. glass shattered. they want payment.. liability policy   I have been a loyal customer for 5 years.  Waiting for your quick response.,Sneha Kumar,Liability,Child property damage,Neighbor bedroom window,Low,Neutral,11-11-25,Neighbor ground floor
CLM-5019,AUTO-5738294,multi car accident on highway 5 cars involved. I was middle. front back both damaged airbags deployed. neck whiplash. fog was heavy.. policy   Waiting for your quick response.  I have the dashcam footage if you need it.  The other driver was driving very rashly.,Karthik Reddy,Auto,Multi-vehicle collision,Front bumper hood rear bumper airbags,Critical,Neutral,11-12-25,Bangalore-Mysore Highway KM 45
CLM-5020,HOM-4738291,electrical short circuit at 4am bedroom wall socket sparked. burned wall smoke detector woke us. fire extinguisher stopped it. bedroom fire damage bed wardrobe smoke damaged this is. policy   Waiting for your quick response.,Geeta Iyer,Home,Electrical fire,Bedroom wall socket bed wardrobe,High,Neutral,11-09-25,Master bedroom
CLM-5021,AUTO-3318562,hit deer on mysore highway late night. ran across suddenly no time brake. bumper smashed headlights broken radiator leaking coolant. deer ran away im.   The other driver was driving very rashly.  My mechanic says the repair will be expensive.,Bhavna Reddy,Auto,Animal collision,Front bumper headlights radiator,Critical,Neutral,11-08-25,Mysore Highway KM 78
CLM-5022,HOM-8892647,basement flooded monsoon rains. sump pump failed. water 3 feet high. washing machine dryer damaged. furniture soaked..     I have been a loyal customer for 5 years.,Rohan Sharma,Home,Basement flooding,Washing machine dryer furniture,Critical,Neutral,11-07-25,Basement
CLM-5023,HLTH-7783925,food poisoning hotel buffet. severe vomiting admitted hospital 2 days. dehydration iv fluids tests done. hotel taking responsibility. health policy   This has caused a lot of stress to my family.  It happened so suddenly I was in shock.  The pain is unbearable especially at night.,Pradeep Menon,Health,Food poisoning,Gastrointestinal system,High,Neutral,11-06-25,Hotel and hospital
CLM-5024,AUTO-5928374,yo hail storm damaged car. parked outside. dents on hood roof. rear windshield cracked 3 places. wipers bent..     It happened so suddenly I was in shock.,Deepa Sharma,Auto,Hail damage,Hood roof rear windshield wipers,High,Neutral,11-05-25,Outdoor parking
CLM-5025,LIAB-5938264,my drone crashed into neighbors car. their windshield cracked. expensive dji drone also destroyed. neighbor upset. policy .  Please let me know the next steps immediately.  I hope this is covered under my policy.,Deepa Sharma,Liability,Drone accident,Neighbor windshield,Medium,Neutral,11-04-25,Neighbor driveway
CLM-5026,HOM-9274836,AC outdoor unit fell from wall. damaged floor tiles. AC broken. wall damaged where bracket was.. policy   We have lost many valuable items.    Waiting for your quick response.,Shalini Reddy,Home,AC unit fall,AC unit wall bracket floor tiles,High,Neutral,11-03-25,Outside wall ground floor
CLM-5027,AUTO-6273849,tree branch fell on car during storm. roof dented sunroof cracked. branch damaged antenna. happened during night heavy wind policy .    I use this car for my daily commute to work.,Anil Kumar,Auto,Storm damage,Vehicle roof sunroof antenna,High,Neutral,11-02-25,Home driveway
CLM-5028,HLTH-9274836,stroke happened while working home office. sudden headache vision problem left arm paralysis. called ambulance. ct scan confirmed stroke. in neuro icu now.. . bill estimated 300000  Waiting for your quick response.,Kavita Kumar,Health,Ischemic stroke,Left cerebral artery arm weakness,Critical,Neutral,11-13-25,Home office
CLM-5029,HOM-5627384,laptop spilled coffee all over keyboard trackpad. laptop wont turn on. was working from cafe. accidental damage. device worth 75000.. policy     We have lost many valuable items.,Preeti Sharma,Home,Accidental liquid damage,Laptop keyboard trackpad motherboard,Medium,Neutral,11-01-25,Cafe workspace
CLM-5030,HLTH-4829173,gas cylinder leaked kitchen filled with gas. evacuated family called gas agency. they fixed it. but we had bad headache nausea from gas. minor gas poisoning..   This has caused a lot of stress to my family.,Suresh Patel,Health,Gas leak poisoning,Respiratory system mild poisoning,Medium,Neutral,10-31-25,Kitchen
CLM-5031,HOM-7362849,burglary happened when we were out of town. thieves broke back door. stole jewelry tv laptop. police filed fir. estimate 350000 worth stolen.. policy   Waiting for your quick response.,Maya Desai,Home,Burglary theft,Gold jewelry LED TV laptop,Critical,Neutral,10-30-25,Home back door entry
CLM-5032,AUTO-8293746,so what happened was I was driving to office and there was this biker who suddenly cut in front without indicating and I had to brake hard but the car behind me didnt brake in time and hit me from back so now rear bumper is damaged trunk wont close properly and also neck is paining from jerk my name is. policy   I hope this is covered under my policy.  The car is currently not drivable and towed to the garage.,Mohan Rao,Auto,Rear-end collision,Rear bumper trunk latch,Medium,Neutral,10-29-25,Office route main road
CLM-5033,HLTH-5928374,okay so basically yesterday I was cooking and the pressure cooker exploded I dont know why maybe too much pressure and the hot dal went everywhere on the kitchen wall ceiling my hand got burned pretty bad second degree burns went to hospital got bandage my policy .    I have been a loyal customer for 5 years.,Radha Krishnan,Health,Pressure cooker burn,Right hand second degree burns,High,Neutral,10-28-25,Kitchen during cooking
CLM-5034,HOM-6372819,listen this is really frustrating because washing machine started leaking water and I didnt notice and the whole kitchen floor got wet and water seeped under the cabinets and now all the base cabinets have water damage the wood is swollen and my stored utensils got wet too.       I have been a loyal customer for 5 years.,Anjali Menon,Home,Appliance water leak,Kitchen floor base cabinets stored items,Medium,Neutral,10-27-25,Kitchen
CLM-5035,AUTO-4738291,calling for my uncle who doesnt use phone much. his scooter was hit by auto rickshaw near market. scooter front damaged headlight broken. uncle has knee injury. happened oct 26. uncle name. policy   I have the dashcam footage if you need it.,Venkat Rao,Auto,Two-wheeler collision,Scooter front panel headlight,Medium,Neutral,10-26-25,Near local market
CLM-5036,HLTH-8372946,reporting for mother. she had eye surgery cataract removal oct 25. surgery successful but post op care expensive. total bill 125000. mother is. health policy   The hospital staff was very helpful during admission.  The doctor has advised complete bed rest for 2 weeks.  I have been a loyal customer for 5 years.,Sarala Devi,Health,Cataract surgery,Right eye lens,High,Neutral,10-25-25,Eye hospital
CLM-5037,HLTH-6291847,this is for my wife who is in hospital. slip and fall at shopping mall escalator. ankle broken. surgery done. Im filing claim her policy  name is.  I have already spent 20000 on medicines.  The pain is unbearable especially at night.,Anita Kulkarni,Health,Escalator fall,Left ankle fracture,High,Neutral,10-24-25,Shopping mall
CLM-5038,HOM-2837465,yesterday morning I was getting ready for work and I noticed water dripping from bathroom ceiling and then suddenly more water started coming and I realized pipe must have burst somewhere and by the time I called plumber the whole bathroom was flooded tiles are cracked geyser stopped working and water even went to bedroom and ruined the carpet this is really bad my policy is  name. please help  We had to stay at a hotel for the night.  We have lost many valuable items.  Waiting for your quick response.,Rajiv Sharma,Home,Pipe burst,Bathroom tiles geyser bedroom carpet,Critical,Neutral,10-23-25,Bathroom and bedroom
CLM-5039,AUTO-7362849,was driving home from office around 8pm on ring road and suddenly this truck in front of me just stopped without any warning and I tried to brake but roads were wet from rain and my car skidded and I hit the truck from behind now my front is completely damaged bonnet crushed headlights gone radiator leaking and airbag also deployed im okay just shocked.   I hope this is covered under my policy.  I have the dashcam footage if you need it.,Kiran Desai,Auto,Rear-end truck collision,Front bumper bonnet headlights radiator airbag,Critical,Neutral,10-22-25,Ring road during rain
CLM-5040,HLTH-8293746,fell down stairs at metro station. right ankle twisted badly. cant put weight on it. doctor says fracture. plaster done.. policy   It happened so suddenly I was in shock.  This has caused a lot of stress to my family.,Ramesh Kumar,Health,Staircase fall,Right ankle fracture,High,Neutral,10-21-25,Metro station stairs
CLM-5041,HLTH-9283746,playing football yesterday. collided with another player. left wrist broken. xray confirmed fracture. cast applied..  The hospital staff was very helpful during admission.  The pain is unbearable especially at night.,Arjun Menon,Health,Sports injury,Left wrist fracture,Medium,Neutral,10-20-25,Football ground
CLM-5042,HLTH-7362849,my son fell from bicycle. right arm broken. emergency room visit. fracture confirmed. surgery scheduled. policy .  This has affected my ability to go to work.,Kavita Sharma,Health,Bicycle accident,Right forearm fracture,High,Neutral,10-19-25,Park cycling track
CLM-5043,HLTH-5928374,slipped on ice cream spill in mall food court. fell hard on left side. ribs broken. breathing hurts. admitted for observation..   The pain is unbearable especially at night.  Waiting for your quick response.  The surgery is scheduled for tomorrow morning.,Deepak Joshi,Health,Slip and fall,Three left rib fractures,High,Neutral,10-18-25,Mall food court
CLM-5044,HLTH-4829173,tripped on footpath crack while jogging. fell forward. both hands out. right collarbone broken. sling and rest prescribed..  The pain is unbearable especially at night.    I hope this is covered under my policy.,Priya Nair,Health,Jogging accident,Right clavicle fracture,Medium,Neutral,10-17-25,Morning jogging path
CLM-5045,AUTO-8473629,car broken into last night. they stole my iPhone 15 from dashboard. window smashed. glass everywhere.. policy     My mechanic says the repair will be expensive.,Suresh Reddy,Auto,Car break-in theft,Car window glass iPhone 15,High,Neutral,10-16-25,Residential street parking
CLM-5046,AUTO-6273849,someone stole my gold chain while I was at gym. kept it in locker room. locker broken. chain worth 150000..  I have the dashcam footage if you need it.,Meera Singh,Auto,Locker room theft,Gold chain 50 grams,High,Neutral,10-15-25,Gym locker room
CLM-5047,HOM-9384756,burglary at home. we were on vacation. thieves took samsung TV airpods and cash. police report filed. estimate 125000 loss. policy .  The security guard saw the person running away.,Rajiv Kulkarni,Home,Home burglary,55inch Samsung TV AirPods cash,Critical,Neutral,10-14-25,Home via balcony entry
CLM-5048,LIAB-7362849,bag snatching happened near bus stop. they took my handbag with wallet and documents. lost 15000 cash..   I have been a loyal customer for 5 years.  Waiting for your quick response.,Sunita Menon,Liability,Bag snatching,Handbag wallet cash documents,Medium,Neutral,10-13-25,Bus stop main road
CLM-5049,HOM-5928374,office laptop stolen from cafe table. went to washroom for 2 minutes. came back laptop gone. worth 95000. company property. policy .  I have been a loyal customer for 5 years.,Karan Verma,Home,Cafe theft,Dell Latitude laptop,High,Neutral,10-12-25,Cafe Koramangala
CLM-5050,HOM-8473629,jewelry box stolen from bedroom. house help suspect. gold bangles necklace earrings gone. total 8 lakh worth.. policy   This is the first time I am filing a claim.,Geeta Iyer,Home,Domestic theft,Gold jewelry 200 grams,Critical,Neutral,10-11-25,Master bedroom
CLM-5051,HOM-6283746,someone broke garage lock. stole bicycle tool kit and helmet. bike was expensive firefox. total loss 35000..  Waiting for your quick response.  Please let me know the next steps immediately.,Vikram Shah,Home,Garage theft,Firefox bicycle tool kit helmet,Medium,Neutral,10-10-25,Home garage
CLM-5052,HOM-7362849,chimney fire happened during diwali. sparks fell on curtains. bedroom curtains burned. smoke damage to walls. policy .,Anita Reddy,Home,Curtain fire,Bedroom curtains walls smoke damage,High,Neutral,10-09-25,Master bedroom
CLM-5053,HOM-8293746,electric heater caught fire in living room. carpet burned. sofa has burn marks. smoke everywhere..  The water has damaged the wooden flooring as well.  I hope this is covered under my policy.,Praveen Joshi,Home,Heater fire,Living room carpet sofa,High,Neutral,10-08-25,Living room
CLM-5054,HOM-5938264,oil caught fire while frying. flames went up to exhaust fan. fan melted. kitchen ceiling blackened..   Please let me know the next steps immediately.,Kamala Das,Home,Cooking oil fire,Exhaust fan kitchen ceiling,Medium,Neutral,10-07-25,Kitchen stove area
CLM-5055,HOM-7483926,incense stick fell on bed. bedsheet caught fire. mattress partially burned. quick action saved more damage. policy .  Waiting for your quick response.  The security guard saw the person running away.,Mohan Rao,Home,Incense fire,Bedsheet mattress,Medium,Neutral,10-06-25,Bedroom
CLM-5056,HOM-9374628,balcony dried clothes caught fire from neighbor cigarette. three shirts two pants burned. balcony railing damaged..      This has caused a lot of stress to my family.,Deepa Sharma,Home,Balcony fire,Clothes balcony railing,Low,Neutral,10-05-25,Balcony
CLM-5057,AUTO-8372946,side swipe accident on highway. truck changed lane without seeing me. left side doors scratched. mirror broken..   This has caused a lot of stress to my family.  This is the first time I am filing a claim.,Karthik Reddy,Auto,Side-swipe collision,Left doors side mirror,Medium,Neutral,10-04-25,Highway near electronic city
CLM-5058,AUTO-7362849,t-bone accident at signal. other car jumped red light. hit my right side. passenger door crushed. airbag deployed..,Preeti Kulkarni,Auto,T-bone collision,Right passenger door B-pillar airbag,Critical,Neutral,10-03-25,Traffic signal junction
CLM-5059,AUTO-9283746,backed out of driveway. didnt see kid bicycle. ran over bike. bike destroyed. kid minor injuries. policy .  This has caused a lot of stress to my family.,Ravi Sharma,Auto,Reversing accident,Kid bicycle minor injuries,Medium,Neutral,10-02-25,Home driveway
CLM-5060,AUTO-6384729,head on collision on narrow road. both cars damaged. my bonnet airbag bumper gone. other driver also injured.. policy       The other driver was driving very rashly.,Sunil Menon,Auto,Head-on collision,Front bonnet airbags bumper,Critical,Neutral,10-01-25,Narrow village road
CLM-5061,AUTO-5928374,hit pothole at high speed. tire burst. lost control hit divider. front right side damaged. suspension broken..  Please let me know the next steps immediately.  The car is currently not drivable and towed to the garage.,Bhavna Iyer,Auto,Pothole accident,Front right tire suspension bumper,High,Neutral,09-30-25,Ring road
CLM-5062,AUTO-7483926,hydroplaning in heavy rain. car spun and hit guardrail. rear left door and bumper dented..   Waiting for your quick response.  I hope this is covered under my policy.,Anjali Desai,Auto,Rain hydroplaning,Rear left door bumper,High,Neutral,09-29-25,Highway in rain
CLM-5063,HOM-8374629,washing machine hose burst during cycle. water flooded kitchen and hall. wooden flooring swollen..   Please let me know the next steps immediately.  Waiting for your quick response.,Rajesh Kumar,Home,Washing machine leak,Kitchen hall wooden flooring,High,Neutral,09-28-25,Kitchen and hall
CLM-5064,HOM-6283746,heavy rain water entered through window. bedroom floor wet. wardrobe bottom damaged. clothes wet..  It happened so suddenly I was in shock.  Please let me know the next steps immediately.,Kavita Nair,Home,Rain water seepage,Bedroom floor wardrobe clothes,Medium,Neutral,09-27-25,Bedroom window side
CLM-5065,HOM-9273846,toilet flush tank overflowed. noticed after 2 hours. bathroom completely flooded. tiles cracked from water. policy .  The security guard saw the person running away.,Deepak Reddy,Home,Toilet overflow,Bathroom floor tiles,Medium,Neutral,09-26-25,Guest bathroom
CLM-5066,HOM-7362849,aquarium glass cracked. 100 liters water leaked. living room carpet soaked. floor laminate damaged..     We had to stay at a hotel for the night.  This has caused a lot of stress to my family.,Priya Sharma,Home,Aquarium leak,Living room carpet floor laminate,High,Neutral,09-25-25,Living room
CLM-5067,HOM-5938264,rainwater collected on terrace. drain blocked. water seeped through roof. bedroom ceiling leaking..      Waiting for your quick response.,Mohan Kulkarni,Home,Terrace water seepage,Bedroom ceiling plaster,High,Neutral,09-24-25,Top floor bedroom
CLM-5068,AUTO-8473629,someone spray painted my car overnight. both sides covered with graffiti. need complete paint job. .    I hope this is covered under my policy.  I have the dashcam footage if you need it.,Suresh Joshi,Auto,Graffiti vandalism,Both side panels paint,High,Neutral,09-23-25,Street parking
CLM-5069,AUTO-7362849,angry neighbor damaged my car. baseball bat marks on bonnet and roof. multiple dents. police complaint filed..  Waiting for your quick response.  My mechanic says the repair will be expensive.,Geeta Menon,Auto,Intentional vandalism,Bonnet roof with dent marks,High,Neutral,09-22-25,Home parking
CLM-5070,HOM-9283746,kids playing broke my window with stone. living room glass shattered. stone damaged tv screen also. policy .  Please let me know the next steps immediately.  We have lost many valuable items.,Anil Kumar,Home,Window vandalism,Living room window TV screen,Medium,Neutral,09-21-25,Living room street side
CLM-5071,HOM-6374829,someone threw eggs and paint at house wall. main door also damaged. cleaning cost high..  The water has damaged the wooden flooring as well.,Sunita Iyer,Home,Property vandalism,Exterior wall main door,Low,Neutral,09-20-25,House front
CLM-5072,HLTH-8473629,severe allergic reaction to food. throat swelling breathing difficulty. emergency room treatment. epipen used..   This has caused a lot of stress to my family.  I hope this is covered under my policy.,Karan Reddy,Health,Allergic reaction,Respiratory system throat,Critical,Neutral,09-19-25,Restaurant emergency
CLM-5073,HLTH-7362849,appendicitis emergency surgery. severe stomach pain rushed to hospital. appendix removed. 3 days hospitalization..  The doctor has advised complete bed rest for 2 weeks.,Meera Kulkarni,Health,Appendicitis surgery,Appendix removal,Critical,Neutral,09-18-25,Hospital emergency
CLM-5074,HLTH-9283746,kidney stone attack. extreme pain. emergency admission. lithotripsy done. stones removed. policy .  The doctor has advised complete bed rest for 2 weeks.    This has affected my ability to go to work.,Rajiv Sharma,Health,Kidney stone,Kidney stones both kidneys,High,Neutral,09-17-25,Hospital urology
CLM-5075,HLTH-6384729,dengue fever. high fever low platelet count. admitted for 5 days. blood transfusion needed..   I have already spent 20000 on medicines.  This has caused a lot of stress to my family.  The doctor has advised complete bed rest for 2 weeks.,Priya Menon,Health,Dengue fever,Blood platelet count,High,Neutral,09-16-25,Hospital infectious disease
CLM-5076,HLTH-5928374,gallbladder stones. surgery done to remove. laparoscopic procedure. 2 days hospital stay..  The hospital staff was very helpful during admission.  It happened so suddenly I was in shock.,Deepak Iyer,Health,Gallbladder surgery,Gallbladder removal,High,Neutral,09-15-25,Hospital surgery
CLM-5077,HLTH-7483926,high blood pressure emergency. chest pain and dizziness. ecg done. medication adjusted. overnight observation. policy .  This is the first time I am filing a claim.  Please let me know the next steps immediately.  The doctor has advised complete bed rest for 2 weeks.,Kavita Desai,Health,Hypertension crisis,Cardiovascular system,High,Neutral,09-14-25,Hospital cardiology
CLM-5078,AUTO-8374629,scooter skidded on oil spill. fell on left side. knee and elbow injuries. scooter handle broken. .,Vikram Nair,Auto,Scooter skid accident,Scooter handle left body panels knee elbow injuries,High,Neutral,09-13-25,Main road oil spill
CLM-5079,AUTO-7362849,bike hit by car from behind at signal. rear light broken. silencer damaged. back pain from impact..    Waiting for your quick response.,Sunil Kumar,Auto,Bike rear-end collision,Rear light silencer back injury,Medium,Neutral,09-12-25,Traffic signal
CLM-5080,AUTO-9283746,pothole caused bike to lose balance. fell in front of other vehicles. bike scratched both sides. shoulder dislocation. policy .  This has caused a lot of stress to my family.,Anjali Reddy,Auto,Pothole bike accident,Both side panels shoulder injury,High,Neutral,09-11-25,Road pothole
CLM-5081,HOM-8473629,dropped ipad on floor. screen completely shattered. device not responding. accidental damage. policy .,Ramesh Iyer,Home,iPad drop damage,iPad Pro screen digitizer,Medium,Neutral,09-10-25,Home living room
CLM-5082,HOM-7362849,power surge damaged my desktop computer. motherboard burned. monitor also affected. lightning strike during storm..  I have been a loyal customer for 5 years.,Priya Kulkarni,Home,Power surge damage,Desktop motherboard monitor,High,Neutral,09-09-25,Home office
CLM-5083,HOM-9283746,kid spilled juice on ps5. console stopped working. controller also damaged. policy .    I hope this is covered under my policy.,Karthik Sharma,Home,Gaming console damage,PS5 console controller,Medium,Neutral,09-08-25,Living room
CLM-5084,HOM-6384729,camera fell from tripod. lens cracked. body also damaged. was shooting outdoor. expensive canon dslr. .  It happened so suddenly I was in shock.  I hope this is covered under my policy.  The water has damaged the wooden flooring as well.,Deepak Menon,Home,Camera fall damage,Canon DSLR body lens,High,Neutral,09-07-25,Outdoor shoot location
CLM-5085,HLTH-8473629,slipped on wet marble floor in hotel lobby. tailbone injury. xray done. hairline fracture. .  This has affected my ability to go to work.  Waiting for your quick response.,Sunita Sharma,Health,Hotel lobby fall,Tailbone hairline fracture,Medium,Neutral,09-06-25,Hotel lobby
CLM-5086,HLTH-7362849,fell from ladder while cleaning windows. shoulder and wrist injury. both sprained. plaster on wrist..  Waiting for your quick response.    The surgery is scheduled for tomorrow morning.,Mohan Reddy,Health,Ladder fall,Right shoulder left wrist sprain,High,Neutral,09-05-25,Home window cleaning
CLM-5087,HLTH-9283746,tripped on torn carpet at office. fell forward. nose bleeding. two teeth chipped. emergency dental work. policy .  The doctor has advised complete bed rest for 2 weeks.  This has affected my ability to go to work.,Kavita Joshi,Health,Office carpet trip,Nose injury two front teeth,Medium,Neutral,09-04-25,Office corridor
CLM-5088,HLTH-6384729,slipped getting out of bathtub. hit head on sink. concussion diagnosed. stitches on forehead..   This has affected my ability to go to work.  I have been a loyal customer for 5 years.,Rajiv Nair,Health,Bathtub slip,Head concussion forehead laceration,High,Neutral,09-03-25,Home bathroom
CLM-5089,HOM-8473629,refrigerator stopped working. all food spoiled. compressor failed. repair estimate 25000. policy .    The security guard saw the person running away.  We have lost many valuable items.,Geeta Kumar,Home,Refrigerator breakdown,Refrigerator compressor stored food,Medium,Neutral,09-02-25,Kitchen
CLM-5090,HOM-7362849,microwave sparked and caught fire. internal damage. smoke smell in kitchen. need replacement..  Waiting for your quick response.,Priya Iyer,Home,Microwave fire,Microwave interior kitchen smell,Medium,Neutral,09-01-25,Kitchen counter
CLM-5091,HOM-9283746,air conditioner outdoor unit stopped during summer. motor burned. high repair cost. policy .,Suresh Menon,Home,AC motor failure,AC outdoor motor compressor,High,Neutral,08-31-25,Outside wall
CLM-5092,HLTH-8473629,stray dog bite while jogging. deep wound on calf. rabies shots started. tetanus injection. .    I hope this is covered under my policy.  The doctor has advised complete bed rest for 2 weeks.,Deepak Kumar,Health,Dog bite,Right calf deep wound,High,Neutral,08-30-25,Morning jogging park
CLM-5093,HLTH-7362849,monkey entered balcony. attacked when tried to shoo. scratches on face and arms. anti rabies course..    I have already spent 20000 on medicines.  It happened so suddenly I was in shock.,Sunita Reddy,Health,Monkey attack,Face and both arms scratches,Medium,Neutral,08-29-25,Home balcony
CLM-5094,HLTH-9283746,bee swarm attack in garden. multiple stings. allergic reaction. emergency treatment. policy .  This has affected my ability to go to work.  This has caused a lot of stress to my family.,Mohan Sharma,Health,Bee sting attack,Multiple bee stings allergic reaction,High,Neutral,08-28-25,Home garden
CLM-5095,HLTH-8473629,cricket ball hit on head during match. concussion symptoms. ct scan done. observation needed. .,Karan Joshi,Health,Cricket head injury,Head concussion,High,Neutral,08-27-25,Cricket ground
CLM-5096,HLTH-7362849,torn ligament while playing badminton. knee twisted badly. mri confirmed tear. surgery recommended..,Priya Nair,Health,Badminton knee injury,Knee ACL tear,Critical,Neutral,08-26-25,Badminton court
CLM-5097,HLTH-9283746,gym weight fell on foot. three toes fractured. xray done. cast applied. 6 weeks rest. policy .  Waiting for your quick response.  The surgery is scheduled for tomorrow morning.,Rajiv Kulkarni,Health,Gym weight injury,Right foot three toe fractures,Medium,Neutral,08-25-25,Gym
CLM-5098,HLTH-8473629,severe toothache. root canal emergency. abscess formed. extraction needed. high pain. .    This is the first time I am filing a claim.,Meera Sharma,Health,Dental abscess,Molar tooth abscess,High,Neutral,08-24-25,Dental emergency
CLM-5099,HLTH-7362849,fell and broke front tooth. emergency dental implant. crown needed. expensive treatment..  It happened so suddenly I was in shock.  The surgery is scheduled for tomorrow morning.,Deepak Menon,Health,Tooth fracture,Front incisor broken,High,Neutral,08-23-25,Accident dental work
CLM-5100,HOM-8473629,ceiling fan fell down. blade hit dining table. table cracked. fan completely broken. policy .    This has caused a lot of stress to my family.  It happened so suddenly I was in shock.,Sunil Iyer,Home,Ceiling fan fall,Ceiling fan dining table,Medium,Neutral,08-22-25,Dining room
CLM-5101,HOM-7362849,termite damage to wooden bed. entire bed structure weakened. wardrobe also affected. fumigation needed..    It happened so suddenly I was in shock.,Kavita Reddy,Home,Termite damage,Wooden bed wardrobe,High,Neutral,08-21-25,Bedroom
CLM-5102,HOM-8473629,strong wind broke balcony glass door. shattered everywhere. curtains also torn. policy .    I have been a loyal customer for 5 years.,Rajesh Sharma,Home,Wind glass damage,Balcony sliding glass door curtains,High,Neutral,08-20-25,Balcony
CLM-5103,HOM-7362849,bird flew into living room window. glass cracked. bird died. window needs replacement..  We had to stay at a hotel for the night.  I have been a loyal customer for 5 years.,Priya Kumar,Home,Bird strike damage,Living room window glass,Low,Neutral,08-19-25,Living room
CLM-5104,AUTO-1712670,backed into pillar in mall parking. rear bumper crushed. sensor broken. .  Please let me know the next steps immediately.  This has caused a lot of stress to my family.,Rahul Sharma,Auto,Parking collision,Rear bumper parking sensor,Medium,Neutral,02-19-25,Mall parking B2
CLM-5105,AUTO-1592722,shopping cart hit my car door. deep scratch and dent. wind blew it. policy .    I have the dashcam footage if you need it.,Priya Singh,Auto,Shopping cart damage,Passenger door dent,Low,Neutral,02-23-25,Supermarket parking
CLM-5106,AUTO-9621861,someone keyed my car while I was at movie. long scratch on bonnet. .  The car is currently not drivable and towed to the garage.  I have the dashcam footage if you need it.,Amit Patel,Auto,Vandalism keying,Bonnet paint scratch,Low,Neutral,02-25-25,Cinema parking
CLM-5107,AUTO-8719669,hit a low wall while parking. front bumper scraped badly. fog light broken. policy .  The car is currently not drivable and towed to the garage.  The other driver was driving very rashly.,Sneha Gupta,Auto,Parking wall scrape,Front bumper fog light,Medium,Neutral,05-24-25,Office parking
CLM-5108,AUTO-9969061,door ding from car parked next to me. paint chipped. dent visible. .    I have the dashcam footage if you need it.,Vikram Reddy,Auto,Door ding,Driver door paint chip,Low,Neutral,02-28-25,Apartment parking
CLM-5109,AUTO-7938763,rear ended at traffic light. bumper fell off. trunk wont open. whiplash injury. policy .    The other driver was driving very rashly.,Anjali Menon,Auto,Rear-end collision,Rear bumper trunk lid neck injury,High,Neutral,04-25-25,Traffic signal
CLM-5110,AUTO-6261862,bus scraped my side mirror. mirror hanging loose. scratches on door..    This is the first time I am filing a claim.,Suresh Kumar,Auto,Bus side scrape,Side mirror door scratches,Medium,Neutral,06-10-25,Bus stop area
CLM-5111,AUTO-9955471,bike hit my car from behind. tail light broken. bumper cracked. biker ran away. policy .    The other driver was driving very rashly.  Please let me know the next steps immediately.,Meera Iyer,Auto,Hit and run bike,Tail light rear bumper,Medium,Neutral,04-20-25,City road
CLM-5112,AUTO-2754161,hit a stray dog on highway. bumper damaged. radiator leaking. dog ran away. .  I have been a loyal customer for 5 years.,Rajesh Verma,Auto,Animal collision,Front bumper radiator,High,Neutral,07-27-25,Highway
CLM-5113,AUTO-4605576,stone from truck hit windshield. star crack in view. needs replacement. policy .  It happened so suddenly I was in shock.    This is the first time I am filing a claim.,Kavita Desai,Auto,Windshield stone chip,Front windshield,Medium,Neutral,05-24-25,Expressway
CLM-5114,AUTO-8848320,tree branch fell on roof during storm. dent on roof. antenna broken. .  I hope this is covered under my policy.  The other driver was driving very rashly.,Deepak Sharma,Auto,Tree branch fall,Roof dent antenna,Medium,Neutral,04-12-25,Street parking under tree
CLM-5115,AUTO-7382987,hail storm caused dents on hood and roof. multiple small dents. paint damage. policy .  It happened so suddenly I was in shock.  Please let me know the next steps immediately.,Sunita Reddy,Auto,Hail damage,Hood roof paint,High,Neutral,05-27-25,Open parking
CLM-5116,AUTO-4628517,flood water entered car. carpet wet. smell inside. engine check light on. .      I hope this is covered under my policy.,Mohan Rao,Auto,Flood water damage,Interior carpet engine electronics,Critical,Neutral,04-21-25,Flooded street
CLM-5117,AUTO-3078187,rat chewed wires in engine bay. car not starting. multiple warning lights. policy .  My mechanic says the repair will be expensive.  The car is currently not drivable and towed to the garage.  I use this car for my daily commute to work.,Priya Nair,Auto,Rodent damage,Engine wiring harness,Medium,Neutral,03-14-25,Home garage
CLM-5118,AUTO-7260136,coconut fell on windshield. glass shattered. dashboard damaged. .    The other driver was driving very rashly.,Arjun Kumar,Auto,Falling object,Windshield dashboard,Medium,Neutral,02-11-25,Parked under coconut tree
CLM-5119,AUTO-2653779,backed into pillar in mall parking. rear bumper crushed. sensor broken. .    This is the first time I am filing a claim.,Rahul Sharma,Auto,Parking collision,Rear bumper parking sensor,Medium,Neutral,02-19-25,Mall parking B2
CLM-5120,AUTO-2951497,shopping cart hit my car door. deep scratch and dent. wind blew it. policy .  Please let me know the next steps immediately.,Priya Singh,Auto,Shopping cart damage,Passenger door dent,Low,Neutral,01-20-25,Supermarket parking
CLM-5121,AUTO-1578182,someone keyed my car while I was at movie. long scratch on bonnet. .  I have the dashcam footage if you need it.,Amit Patel,Auto,Vandalism keying,Bonnet paint scratch,Low,Neutral,04-26-25,Cinema parking
CLM-5122,AUTO-9000025,hit a low wall while parking. front bumper scraped badly. fog light broken. policy .    Waiting for your quick response.  The car is currently not drivable and towed to the garage.,Sneha Gupta,Auto,Parking wall scrape,Front bumper fog light,Medium,Neutral,02-15-25,Office parking
CLM-5123,AUTO-4792995,door ding from car parked next to me. paint chipped. dent visible. .    This has caused a lot of stress to my family.  My mechanic says the repair will be expensive.,Vikram Reddy,Auto,Door ding,Driver door paint chip,Low,Neutral,06-17-25,Apartment parking
CLM-5124,AUTO-1611920,rear ended at traffic light. bumper fell off. trunk wont open. whiplash injury. policy .  This has caused a lot of stress to my family.,Anjali Menon,Auto,Rear-end collision,Rear bumper trunk lid neck injury,High,Neutral,01-25-25,Traffic signal
CLM-5125,AUTO-7050880,bus scraped my side mirror. mirror hanging loose. scratches on door..  The car is currently not drivable and towed to the garage.,Suresh Kumar,Auto,Bus side scrape,Side mirror door scratches,Medium,Neutral,01-17-25,Bus stop area
CLM-5126,AUTO-3776637,bike hit my car from behind. tail light broken. bumper cracked. biker ran away. policy .,Meera Iyer,Auto,Hit and run bike,Tail light rear bumper,Medium,Neutral,04-25-25,City road
CLM-5127,AUTO-5615711,hit a stray dog on highway. bumper damaged. radiator leaking. dog ran away. .  I hope this is covered under my policy.  Please let me know the next steps immediately.,Rajesh Verma,Auto,Animal collision,Front bumper radiator,High,Neutral,02-21-25,Highway
CLM-5128,AUTO-3559814,stone from truck hit windshield. star crack in view. needs replacement. policy .    Waiting for your quick response.  I use this car for my daily commute to work.,Kavita Desai,Auto,Windshield stone chip,Front windshield,Medium,Neutral,04-27-25,Expressway
CLM-5129,AUTO-9060360,tree branch fell on roof during storm. dent on roof. antenna broken. .      I have been a loyal customer for 5 years.,Deepak Sharma,Auto,Tree branch fall,Roof dent antenna,Medium,Neutral,07-17-25,Street parking under tree
CLM-5130,AUTO-2980519,hail storm caused dents on hood and roof. multiple small dents. paint damage. policy .  The other driver was driving very rashly.  I have the dashcam footage if you need it.,Sunita Reddy,Auto,Hail damage,Hood roof paint,High,Neutral,04-16-25,Open parking
CLM-5131,AUTO-6682439,flood water entered car. carpet wet. smell inside. engine check light on. .  My mechanic says the repair will be expensive.  I have been a loyal customer for 5 years.,Mohan Rao,Auto,Flood water damage,Interior carpet engine electronics,Critical,Neutral,01-20-25,Flooded street
CLM-5132,AUTO-6968849,rat chewed wires in engine bay. car not starting. multiple warning lights. policy .  This is the first time I am filing a claim.    Please let me know the next steps immediately.,Priya Nair,Auto,Rodent damage,Engine wiring harness,Medium,Neutral,03-21-25,Home garage
CLM-5133,AUTO-5086611,coconut fell on windshield. glass shattered. dashboard damaged. .  It happened so suddenly I was in shock.  The other driver was driving very rashly.  I hope this is covered under my policy.,Arjun Kumar,Auto,Falling object,Windshield dashboard,Medium,Neutral,06-26-25,Parked under coconut tree
CLM-5134,AUTO-9254267,backed into pillar in mall parking. rear bumper crushed. sensor broken. .    The other driver was driving very rashly.,Rahul Sharma,Auto,Parking collision,Rear bumper parking sensor,Medium,Neutral,01-12-25,Mall parking B2
CLM-5135,AUTO-8740670,shopping cart hit my car door. deep scratch and dent. wind blew it. policy .  It happened so suddenly I was in shock.  Waiting for your quick response.,Priya Singh,Auto,Shopping cart damage,Passenger door dent,Low,Neutral,02-12-25,Supermarket parking
CLM-5136,AUTO-8333641,someone keyed my car while I was at movie. long scratch on bonnet. .  I have been a loyal customer for 5 years.  The car is currently not drivable and towed to the garage.,Amit Patel,Auto,Vandalism keying,Bonnet paint scratch,Low,Neutral,04-18-25,Cinema parking
CLM-5137,AUTO-9771774,hit a low wall while parking. front bumper scraped badly. fog light broken. policy .    My mechanic says the repair will be expensive.  The other driver was driving very rashly.,Sneha Gupta,Auto,Parking wall scrape,Front bumper fog light,Medium,Neutral,01-12-25,Office parking
CLM-5138,AUTO-2996984,door ding from car parked next to me. paint chipped. dent visible. .  Please let me know the next steps immediately.  The other driver was driving very rashly.,Vikram Reddy,Auto,Door ding,Driver door paint chip,Low,Neutral,02-16-25,Apartment parking
CLM-5139,AUTO-4358326,rear ended at traffic light. bumper fell off. trunk wont open. whiplash injury. policy .    I hope this is covered under my policy.,Anjali Menon,Auto,Rear-end collision,Rear bumper trunk lid neck injury,High,Neutral,03-23-25,Traffic signal
CLM-5140,AUTO-4615256,bus scraped my side mirror. mirror hanging loose. scratches on door..  I have the dashcam footage if you need it.,Suresh Kumar,Auto,Bus side scrape,Side mirror door scratches,Medium,Neutral,07-24-25,Bus stop area
CLM-5141,AUTO-1894762,bike hit my car from behind. tail light broken. bumper cracked. biker ran away. policy .    The other driver was driving very rashly.  Please let me know the next steps immediately.,Meera Iyer,Auto,Hit and run bike,Tail light rear bumper,Medium,Neutral,01-16-25,City road
CLM-5142,AUTO-3872161,hit a stray dog on highway. bumper damaged. radiator leaking. dog ran away. .  I have been a loyal customer for 5 years.,Rajesh Verma,Auto,Animal collision,Front bumper radiator,High,Neutral,03-13-25,Highway
CLM-5143,AUTO-3566889,stone from truck hit windshield. star crack in view. needs replacement. policy .      I have the dashcam footage if you need it.,Kavita Desai,Auto,Windshield stone chip,Front windshield,Medium,Neutral,01-24-25,Expressway
CLM-5144,AUTO-1485841,tree branch fell on roof during storm. dent on roof. antenna broken. .  It happened so suddenly I was in shock.  This is the first time I am filing a claim.,Deepak Sharma,Auto,Tree branch fall,Roof dent antenna,Medium,Neutral,06-20-25,Street parking under tree
CLM-5145,AUTO-8112894,hail storm caused dents on hood and roof. multiple small dents. paint damage. policy .    I have been a loyal customer for 5 years.,Sunita Reddy,Auto,Hail damage,Hood roof paint,High,Neutral,04-12-25,Open parking
CLM-5146,AUTO-7299139,flood water entered car. carpet wet. smell inside. engine check light on. .  I have been a loyal customer for 5 years.  It happened so suddenly I was in shock.,Mohan Rao,Auto,Flood water damage,Interior carpet engine electronics,Critical,Neutral,04-20-25,Flooded street
CLM-5147,AUTO-4906817,rat chewed wires in engine bay. car not starting. multiple warning lights. policy .  I use this car for my daily commute to work.,Priya Nair,Auto,Rodent damage,Engine wiring harness,Medium,Neutral,06-25-25,Home garage
CLM-5148,AUTO-2845569,coconut fell on windshield. glass shattered. dashboard damaged. .  I have been a loyal customer for 5 years.  Please let me know the next steps immediately.,Arjun Kumar,Auto,Falling object,Windshield dashboard,Medium,Neutral,04-21-25,Parked under coconut tree
CLM-5149,AUTO-4492861,backed into pillar in mall parking. rear bumper crushed. sensor broken. .    I have been a loyal customer for 5 years.,Rahul Sharma,Auto,Parking collision,Rear bumper parking sensor,Medium,Neutral,06-26-25,Mall parking B2
CLM-5150,AUTO-9350362,shopping cart hit my car door. deep scratch and dent. wind blew it. policy .  Waiting for your quick response.  This is the first time I am filing a claim.,Priya Singh,Auto,Shopping cart damage,Passenger door dent,Low,Neutral,02-14-25,Supermarket parking
CLM-5151,AUTO-6567922,someone keyed my car while I was at movie. long scratch on bonnet. .  My mechanic says the repair will be expensive.    The car is currently not drivable and towed to the garage.,Amit Patel,Auto,Vandalism keying,Bonnet paint scratch,Low,Neutral,04-11-25,Cinema parking
CLM-5152,AUTO-8059653,hit a low wall while parking. front bumper scraped badly. fog light broken. policy .  The car is currently not drivable and towed to the garage.  This is the first time I am filing a claim.,Sneha Gupta,Auto,Parking wall scrape,Front bumper fog light,Medium,Neutral,02-15-25,Office parking
CLM-5153,AUTO-6456266,door ding from car parked next to me. paint chipped. dent visible. .,Vikram Reddy,Auto,Door ding,Driver door paint chip,Low,Neutral,05-26-25,Apartment parking
CLM-5154,AUTO-6732519,rear ended at traffic light. bumper fell off. trunk wont open. whiplash injury. policy .  I have the dashcam footage if you need it.  This has caused a lot of stress to my family.,Anjali Menon,Auto,Rear-end collision,Rear bumper trunk lid neck injury,High,Neutral,04-19-25,Traffic signal
CLM-5155,AUTO-8228513,bus scraped my side mirror. mirror hanging loose. scratches on door..  Waiting for your quick response.,Suresh Kumar,Auto,Bus side scrape,Side mirror door scratches,Medium,Neutral,03-10-25,Bus stop area
CLM-5156,AUTO-7931553,bike hit my car from behind. tail light broken. bumper cracked. biker ran away. policy .    I have the dashcam footage if you need it.,Meera Iyer,Auto,Hit and run bike,Tail light rear bumper,Medium,Neutral,01-19-25,City road
CLM-5157,AUTO-8720200,hit a stray dog on highway. bumper damaged. radiator leaking. dog ran away. .  This has caused a lot of stress to my family.  I have the dashcam footage if you need it.  The other driver was driving very rashly.,Rajesh Verma,Auto,Animal collision,Front bumper radiator,High,Neutral,07-12-25,Highway
CLM-5158,AUTO-7879096,stone from truck hit windshield. star crack in view. needs replacement. policy .    My mechanic says the repair will be expensive.,Kavita Desai,Auto,Windshield stone chip,Front windshield,Medium,Neutral,04-25-25,Expressway
CLM-5159,AUTO-3331932,tree branch fell on roof during storm. dent on roof. antenna broken. .  Please let me know the next steps immediately.  Waiting for your quick response.,Deepak Sharma,Auto,Tree branch fall,Roof dent antenna,Medium,Neutral,02-12-25,Street parking under tree
CLM-5160,AUTO-7525882,hail storm caused dents on hood and roof. multiple small dents. paint damage. policy .    I have the dashcam footage if you need it.,Sunita Reddy,Auto,Hail damage,Hood roof paint,High,Neutral,02-16-25,Open parking
CLM-5161,AUTO-1213584,flood water entered car. carpet wet. smell inside. engine check light on. .  It happened so suddenly I was in shock.  I have been a loyal customer for 5 years.,Mohan Rao,Auto,Flood water damage,Interior carpet engine electronics,Critical,Neutral,06-22-25,Flooded street
CLM-5162,AUTO-2441473,rat chewed wires in engine bay. car not starting. multiple warning lights. policy .  The car is currently not drivable and towed to the garage.  I have been a loyal customer for 5 years.,Priya Nair,Auto,Rodent damage,Engine wiring harness,Medium,Neutral,07-14-25,Home garage
CLM-5163,AUTO-2491939,coconut fell on windshield. glass shattered. dashboard damaged. .  I use this car for my daily commute to work.  This has caused a lot of stress to my family.,Arjun Kumar,Auto,Falling object,Windshield dashboard,Medium,Neutral,05-24-25,Parked under coconut tree
CLM-5164,AUTO-3608701,backed into pillar in mall parking. rear bumper crushed. sensor broken. .    I have the dashcam footage if you need it.,Rahul Sharma,Auto,Parking collision,Rear bumper parking sensor,Medium,Neutral,02-20-25,Mall parking B2
CLM-5165,AUTO-1525962,shopping cart hit my car door. deep scratch and dent. wind blew it. policy .  I hope this is covered under my policy.  I use this car for my daily commute to work.  This is the first time I am filing a claim.,Priya Singh,Auto,Shopping cart damage,Passenger door dent,Low,Neutral,06-21-25,Supermarket parking
CLM-5166,AUTO-8541338,someone keyed my car while I was at movie. long scratch on bonnet. .  This has caused a lot of stress to my family.  This is the first time I am filing a claim.,Amit Patel,Auto,Vandalism keying,Bonnet paint scratch,Low,Neutral,04-26-25,Cinema parking
CLM-5167,AUTO-5436417,hit a low wall while parking. front bumper scraped badly. fog light broken. policy .    This has caused a lot of stress to my family.,Sneha Gupta,Auto,Parking wall scrape,Front bumper fog light,Medium,Neutral,05-24-25,Office parking
CLM-5168,AUTO-3804500,door ding from car parked next to me. paint chipped. dent visible. .  I use this car for my daily commute to work.  This is the first time I am filing a claim.  Waiting for your quick response.,Vikram Reddy,Auto,Door ding,Driver door paint chip,Low,Neutral,05-27-25,Apartment parking
CLM-5169,AUTO-7593414,rear ended at traffic light. bumper fell off. trunk wont open. whiplash injury. policy .    I have been a loyal customer for 5 years.  Please let me know the next steps immediately.,Anjali Menon,Auto,Rear-end collision,Rear bumper trunk lid neck injury,High,Neutral,01-21-25,Traffic signal
CLM-5170,AUTO-2448984,bus scraped my side mirror. mirror hanging loose. scratches on door..    The other driver was driving very rashly.,Suresh Kumar,Auto,Bus side scrape,Side mirror door scratches,Medium,Neutral,07-25-25,Bus stop area
CLM-5171,AUTO-7417417,bike hit my car from behind. tail light broken. bumper cracked. biker ran away. policy .  Please let me know the next steps immediately.,Meera Iyer,Auto,Hit and run bike,Tail light rear bumper,Medium,Neutral,06-11-25,City road
CLM-5172,AUTO-7905720,hit a stray dog on highway. bumper damaged. radiator leaking. dog ran away. .  I use this car for my daily commute to work.  I hope this is covered under my policy.,Rajesh Verma,Auto,Animal collision,Front bumper radiator,High,Neutral,05-14-25,Highway
CLM-5173,AUTO-2818873,stone from truck hit windshield. star crack in view. needs replacement. policy .  My mechanic says the repair will be expensive.  The other driver was driving very rashly.  I have been a loyal customer for 5 years.,Kavita Desai,Auto,Windshield stone chip,Front windshield,Medium,Neutral,03-23-25,Expressway
CLM-5174,AUTO-2344344,tree branch fell on roof during storm. dent on roof. antenna broken. .  It happened so suddenly I was in shock.,Deepak Sharma,Auto,Tree branch fall,Roof dent antenna,Medium,Neutral,02-25-25,Street parking under tree
CLM-5175,AUTO-4232801,hail storm caused dents on hood and roof. multiple small dents. paint damage. policy .,Sunita Reddy,Auto,Hail damage,Hood roof paint,High,Neutral,03-27-25,Open parking
CLM-5176,AUTO-2822778,flood water entered car. carpet wet. smell inside. engine check light on. .  This is the first time I am filing a claim.    The other driver was driving very rashly.,Mohan Rao,Auto,Flood water damage,Interior carpet engine electronics,Critical,Neutral,05-12-25,Flooded street
CLM-5177,AUTO-5175828,rat chewed wires in engine bay. car not starting. multiple warning lights. policy .  Please let me know the next steps immediately.  I have been a loyal customer for 5 years.  My mechanic says the repair will be expensive.,Priya Nair,Auto,Rodent damage,Engine wiring harness,Medium,Neutral,03-21-25,Home garage
CLM-5178,AUTO-5348678,coconut fell on windshield. glass shattered. dashboard damaged. .      I hope this is covered under my policy.,Arjun Kumar,Auto,Falling object,Windshield dashboard,Medium,Neutral,03-20-25,Parked under coconut tree
CLM-5179,AUTO-6161628,backed into pillar in mall parking. rear bumper crushed. sensor broken. .  I have been a loyal customer for 5 years.  Waiting for your quick response.  My mechanic says the repair will be expensive.,Rahul Sharma,Auto,Parking collision,Rear bumper parking sensor,Medium,Neutral,04-17-25,Mall parking B2
CLM-5180,AUTO-7631833,shopping cart hit my car door. deep scratch and dent. wind blew it. policy .    It happened so suddenly I was in shock.,Priya Singh,Auto,Shopping cart damage,Passenger door dent,Low,Neutral,06-26-25,Supermarket parking
CLM-5181,AUTO-8159881,someone keyed my car while I was at movie. long scratch on bonnet. .  This is the first time I am filing a claim.  I use this car for my daily commute to work.,Amit Patel,Auto,Vandalism keying,Bonnet paint scratch,Low,Neutral,04-25-25,Cinema parking
CLM-5182,AUTO-5953472,hit a low wall while parking. front bumper scraped badly. fog light broken. policy .  It happened so suddenly I was in shock.  I hope this is covered under my policy.,Sneha Gupta,Auto,Parking wall scrape,Front bumper fog light,Medium,Neutral,03-23-25,Office parking
CLM-5183,AUTO-6274112,door ding from car parked next to me. paint chipped. dent visible. .    I have been a loyal customer for 5 years.,Vikram Reddy,Auto,Door ding,Driver door paint chip,Low,Neutral,04-16-25,Apartment parking
CLM-5184,AUTO-7591494,rear ended at traffic light. bumper fell off. trunk wont open. whiplash injury. policy .  The other driver was driving very rashly.,Anjali Menon,Auto,Rear-end collision,Rear bumper trunk lid neck injury,High,Neutral,04-24-25,Traffic signal
CLM-5185,AUTO-1362733,bus scraped my side mirror. mirror hanging loose. scratches on door..  My mechanic says the repair will be expensive.  The other driver was driving very rashly.,Suresh Kumar,Auto,Bus side scrape,Side mirror door scratches,Medium,Neutral,03-24-25,Bus stop area
CLM-5186,AUTO-6859970,bike hit my car from behind. tail light broken. bumper cracked. biker ran away. policy .    I have the dashcam footage if you need it.  This is the first time I am filing a claim.,Meera Iyer,Auto,Hit and run bike,Tail light rear bumper,Medium,Neutral,04-13-25,City road
CLM-5187,AUTO-5556678,hit a stray dog on highway. bumper damaged. radiator leaking. dog ran away. .  It happened so suddenly I was in shock.  This is the first time I am filing a claim.  The other driver was driving very rashly.,Rajesh Verma,Auto,Animal collision,Front bumper radiator,High,Neutral,04-17-25,Highway
CLM-5188,AUTO-6129182,stone from truck hit windshield. star crack in view. needs replacement. policy .  Waiting for your quick response.  This has caused a lot of stress to my family.,Kavita Desai,Auto,Windshield stone chip,Front windshield,Medium,Neutral,06-28-25,Expressway
CLM-5189,AUTO-3105784,tree branch fell on roof during storm. dent on roof. antenna broken. .  I have the dashcam footage if you need it.,Deepak Sharma,Auto,Tree branch fall,Roof dent antenna,Medium,Neutral,03-25-25,Street parking under tree
CLM-5190,AUTO-5472338,hail storm caused dents on hood and roof. multiple small dents. paint damage. policy .  I have been a loyal customer for 5 years.,Sunita Reddy,Auto,Hail damage,Hood roof paint,High,Neutral,05-14-25,Open parking
CLM-5191,AUTO-8822272,flood water entered car. carpet wet. smell inside. engine check light on. .    It happened so suddenly I was in shock.  My mechanic says the repair will be expensive.,Mohan Rao,Auto,Flood water damage,Interior carpet engine electronics,Critical,Neutral,06-24-25,Flooded street
CLM-5192,AUTO-2489650,rat chewed wires in engine bay. car not starting. multiple warning lights. policy .      My mechanic says the repair will be expensive.,Priya Nair,Auto,Rodent damage,Engine wiring harness,Medium,Neutral,02-14-25,Home garage
CLM-5193,AUTO-3972134,coconut fell on windshield. glass shattered. dashboard damaged. .  Please let me know the next steps immediately.,Arjun Kumar,Auto,Falling object,Windshield dashboard,Medium,Neutral,05-10-25,Parked under coconut tree
CLM-5194,HOM-8152874,pipe burst under sink. kitchen cabinet ruined. water on floor. .  I have been a loyal customer for 5 years.,Geeta Sharma,Home,Pipe burst,Kitchen cabinet floor,Medium,Neutral,01-20-25,Kitchen sink area
CLM-5195,HOM-6292802,roof leaking in heavy rain. bedroom ceiling wet. paint peeling. policy .  We have lost many valuable items.    This has caused a lot of stress to my family.,Ravi Kumar,Home,Roof leak,Bedroom ceiling paint,Medium,Neutral,01-23-25,Master bedroom
CLM-5196,HOM-5449197,ac drain blocked. water leaked on wall. wallpaper damaged. fungus growth. .  Please let me know the next steps immediately.  Waiting for your quick response.  It happened so suddenly I was in shock.,Anita Desai,Home,AC leak,Wall wallpaper,Low,Neutral,01-22-25,Living room wall
CLM-5197,HOM-9854986,water tank overflowed. terrace flooded. water seeped into walls. policy .  This is the first time I am filing a claim.,Suresh Reddy,Home,Tank overflow,Terrace walls seepage,Medium,Neutral,05-16-25,Terrace and walls
CLM-5198,HOM-9612225,washing machine hose leak. laundry room flooded. tiles slippery. .  The water has damaged the wooden flooring as well.    Waiting for your quick response.,Meera Menon,Home,Appliance leak,Laundry room floor,Low,Neutral,04-20-25,Utility area
CLM-5199,HOM-8673275,short circuit in switch board. sparks and smoke. wall blackened. policy .  We have lost many valuable items.  We had to stay at a hotel for the night.,Karthik Iyer,Home,Short circuit,Switch board wall paint,Medium,Neutral,04-22-25,Bedroom
CLM-5200,HOM-8133536,iron left on clothes. shirt burned. ironing board cover damaged. .  It happened so suddenly I was in shock.  I hope this is covered under my policy.,Priya Sharma,Home,Iron burn,Shirt ironing board,Low,Neutral,02-16-25,Laundry room
CLM-5201,HOM-9824373,voltage fluctuation damaged tv. tv not turning on. motherboard fried. policy .,Deepak Verma,Home,Voltage surge,TV motherboard,Medium,Neutral,07-23-25,Living room
CLM-5202,HOM-4666169,candle fell on carpet. small fire. carpet burned. smoke smell. .  Please let me know the next steps immediately.  The security guard saw the person running away.,Sunita Joshi,Home,Candle fire,Carpet rug,Medium,Neutral,03-28-25,Dining room
CLM-5203,HOM-5417405,toaster caught fire. kitchen smoke. toaster melted. counter mark. policy .    The security guard saw the person running away.,Rahul Nair,Home,Toaster fire,Toaster kitchen counter,Low,Neutral,07-14-25,Kitchen
CLM-5204,HOM-5988893,shoes stolen from outside door. nike sneakers worth 8000. .  It happened so suddenly I was in shock.  We have lost many valuable items.,Vikram Singh,Home,Shoe theft,Nike sneakers,Low,Neutral,07-18-25,Front door
CLM-5205,HOM-8412679,bicycle stolen from parking. lock broken. cycle worth 15000. policy .  We had to stay at a hotel for the night.  It happened so suddenly I was in shock.  Please let me know the next steps immediately.,Anjali Kumar,Home,Bicycle theft,Bicycle lock,Medium,Neutral,07-13-25,Apartment parking
CLM-5206,HOM-4292599,flower pots stolen from garden. expensive ceramic pots. .  The security guard saw the person running away.  It happened so suddenly I was in shock.,Kavita Reddy,Home,Garden theft,Ceramic flower pots,Low,Neutral,03-25-25,Garden area
CLM-5207,HOM-7746664,package stolen from doorstep. amazon delivery. electronics inside. policy .,Mohan Das,Home,Package theft,Delivery package electronics,Low,Neutral,04-19-25,Front porch
CLM-5208,HOM-6470393,laptop stolen from home office. window was open. macbook air. .    We have lost many valuable items.  The security guard saw the person running away.,Rajesh Iyer,Home,Laptop theft,MacBook Air,High,Neutral,03-26-25,Home office ground floor
CLM-5209,HOM-1365932,pipe burst under sink. kitchen cabinet ruined. water on floor. .  This has caused a lot of stress to my family.,Geeta Sharma,Home,Pipe burst,Kitchen cabinet floor,Medium,Neutral,03-11-25,Kitchen sink area
CLM-5210,HOM-3305144,roof leaking in heavy rain. bedroom ceiling wet. paint peeling. policy .  The security guard saw the person running away.  It happened so suddenly I was in shock.,Ravi Kumar,Home,Roof leak,Bedroom ceiling paint,Medium,Neutral,05-15-25,Master bedroom
CLM-5211,HOM-3336364,ac drain blocked. water leaked on wall. wallpaper damaged. fungus growth. .      I have been a loyal customer for 5 years.,Anita Desai,Home,AC leak,Wall wallpaper,Low,Neutral,02-19-25,Living room wall
CLM-5212,HOM-9119633,water tank overflowed. terrace flooded. water seeped into walls. policy .    This has caused a lot of stress to my family.,Suresh Reddy,Home,Tank overflow,Terrace walls seepage,Medium,Neutral,03-26-25,Terrace and walls
CLM-5213,HOM-3775033,washing machine hose leak. laundry room flooded. tiles slippery. .  The water has damaged the wooden flooring as well.  It happened so suddenly I was in shock.,Meera Menon,Home,Appliance leak,Laundry room floor,Low,Neutral,04-22-25,Utility area
CLM-5214,HOM-8616492,short circuit in switch board. sparks and smoke. wall blackened. policy .    I have been a loyal customer for 5 years.,Karthik Iyer,Home,Short circuit,Switch board wall paint,Medium,Neutral,05-25-25,Bedroom
CLM-5215,HOM-8391342,iron left on clothes. shirt burned. ironing board cover damaged. .  Waiting for your quick response.  Please let me know the next steps immediately.,Priya Sharma,Home,Iron burn,Shirt ironing board,Low,Neutral,06-10-25,Laundry room
CLM-5216,HOM-3259169,voltage fluctuation damaged tv. tv not turning on. motherboard fried. policy .  I hope this is covered under my policy.  This is the first time I am filing a claim.,Deepak Verma,Home,Voltage surge,TV motherboard,Medium,Neutral,02-24-25,Living room
CLM-5217,HOM-7627581,candle fell on carpet. small fire. carpet burned. smoke smell. .  This is the first time I am filing a claim.  The security guard saw the person running away.  The water has damaged the wooden flooring as well.,Sunita Joshi,Home,Candle fire,Carpet rug,Medium,Neutral,03-17-25,Dining room
CLM-5218,HOM-1895103,toaster caught fire. kitchen smoke. toaster melted. counter mark. policy .,Rahul Nair,Home,Toaster fire,Toaster kitchen counter,Low,Neutral,02-22-25,Kitchen
CLM-5219,HOM-1684421,shoes stolen from outside door. nike sneakers worth 8000. .  It happened so suddenly I was in shock.,Vikram Singh,Home,Shoe theft,Nike sneakers,Low,Neutral,05-13-25,Front door
CLM-5220,HOM-2986473,bicycle stolen from parking. lock broken. cycle worth 15000. policy .  It happened so suddenly I was in shock.,Anjali Kumar,Home,Bicycle theft,Bicycle lock,Medium,Neutral,06-10-25,Apartment parking
CLM-5221,HOM-2980291,flower pots stolen from garden. expensive ceramic pots. .,Kavita Reddy,Home,Garden theft,Ceramic flower pots,Low,Neutral,03-15-25,Garden area
CLM-5222,HOM-5954080,package stolen from doorstep. amazon delivery. electronics inside. policy .,Mohan Das,Home,Package theft,Delivery package electronics,Low,Neutral,04-20-25,Front porch
CLM-5223,HOM-1781437,laptop stolen from home office. window was open. macbook air. .,Rajesh Iyer,Home,Laptop theft,MacBook Air,High,Neutral,05-14-25,Home office ground floor
CLM-5224,HOM-5109725,pipe burst under sink. kitchen cabinet ruined. water on floor. .    I hope this is covered under my policy.,Geeta Sharma,Home,Pipe burst,Kitchen cabinet floor,Medium,Neutral,02-12-25,Kitchen sink area
CLM-5225,HOM-4626661,roof leaking in heavy rain. bedroom ceiling wet. paint peeling. policy .    This has caused a lot of stress to my family.  We had to stay at a hotel for the night.,Ravi Kumar,Home,Roof leak,Bedroom ceiling paint,Medium,Neutral,04-25-25,Master bedroom
CLM-5226,HOM-7808592,ac drain blocked. water leaked on wall. wallpaper damaged. fungus growth. .  I hope this is covered under my policy.,Anita Desai,Home,AC leak,Wall wallpaper,Low,Neutral,02-22-25,Living room wall
CLM-5227,HOM-6784579,water tank overflowed. terrace flooded. water seeped into walls. policy .  The security guard saw the person running away.,Suresh Reddy,Home,Tank overflow,Terrace walls seepage,Medium,Neutral,03-17-25,Terrace and walls
CLM-5228,HOM-6083504,washing machine hose leak. laundry room flooded. tiles slippery. .  We have lost many valuable items.  This is the first time I am filing a claim.,Meera Menon,Home,Appliance leak,Laundry room floor,Low,Neutral,02-21-25,Utility area
CLM-5229,HOM-5520625,short circuit in switch board. sparks and smoke. wall blackened. policy .  This is the first time I am filing a claim.,Karthik Iyer,Home,Short circuit,Switch board wall paint,Medium,Neutral,04-18-25,Bedroom
CLM-5230,HOM-8607245,iron left on clothes. shirt burned. ironing board cover damaged. .      I hope this is covered under my policy.,Priya Sharma,Home,Iron burn,Shirt ironing board,Low,Neutral,05-16-25,Laundry room
CLM-5231,HOM-8857601,voltage fluctuation damaged tv. tv not turning on. motherboard fried. policy .  We had to stay at a hotel for the night.,Deepak Verma,Home,Voltage surge,TV motherboard,Medium,Neutral,07-26-25,Living room
CLM-5232,HOM-6240401,candle fell on carpet. small fire. carpet burned. smoke smell. .  Waiting for your quick response.  It happened so suddenly I was in shock.,Sunita Joshi,Home,Candle fire,Carpet rug,Medium,Neutral,03-18-25,Dining room
CLM-5233,HOM-3438179,toaster caught fire. kitchen smoke. toaster melted. counter mark. policy .    This has caused a lot of stress to my family.,Rahul Nair,Home,Toaster fire,Toaster kitchen counter,Low,Neutral,07-13-25,Kitchen
CLM-5234,HOM-5560213,shoes stolen from outside door. nike sneakers worth 8000. .      Waiting for your quick response.,Vikram Singh,Home,Shoe theft,Nike sneakers,Low,Neutral,02-23-25,Front door
CLM-5235,HOM-9612721,bicycle stolen from parking. lock broken. cycle worth 15000. policy .,Anjali Kumar,Home,Bicycle theft,Bicycle lock,Medium,Neutral,06-16-25,Apartment parking
CLM-5236,HOM-7253272,flower pots stolen from garden. expensive ceramic pots. .  The security guard saw the person running away.  Please let me know the next steps immediately.  We have lost many valuable items.,Kavita Reddy,Home,Garden theft,Ceramic flower pots,Low,Neutral,04-13-25,Garden area
CLM-5237,HOM-9609963,package stolen from doorstep. amazon delivery. electronics inside. policy .    I hope this is covered under my policy.,Mohan Das,Home,Package theft,Delivery package electronics,Low,Neutral,03-28-25,Front porch
CLM-5238,HOM-5879227,laptop stolen from home office. window was open. macbook air. .  We have lost many valuable items.,Rajesh Iyer,Home,Laptop theft,MacBook Air,High,Neutral,01-20-25,Home office ground floor
CLM-5239,HOM-6847159,pipe burst under sink. kitchen cabinet ruined. water on floor. .    This has caused a lot of stress to my family.  Waiting for your quick response.,Geeta Sharma,Home,Pipe burst,Kitchen cabinet floor,Medium,Neutral,02-10-25,Kitchen sink area
CLM-5240,HOM-6319711,roof leaking in heavy rain. bedroom ceiling wet. paint peeling. policy .,Ravi Kumar,Home,Roof leak,Bedroom ceiling paint,Medium,Neutral,03-13-25,Master bedroom
CLM-5241,HOM-9490311,ac drain blocked. water leaked on wall. wallpaper damaged. fungus growth. .,Anita Desai,Home,AC leak,Wall wallpaper,Low,Neutral,03-16-25,Living room wall
CLM-5242,HOM-1161657,water tank overflowed. terrace flooded. water seeped into walls. policy .  We had to stay at a hotel for the night.,Suresh Reddy,Home,Tank overflow,Terrace walls seepage,Medium,Neutral,03-23-25,Terrace and walls
CLM-5243,HOM-1782506,washing machine hose leak. laundry room flooded. tiles slippery. .  Please let me know the next steps immediately.  This is the first time I am filing a claim.,Meera Menon,Home,Appliance leak,Laundry room floor,Low,Neutral,02-25-25,Utility area
CLM-5244,HOM-6419062,short circuit in switch board. sparks and smoke. wall blackened. policy .    We had to stay at a hotel for the night.,Karthik Iyer,Home,Short circuit,Switch board wall paint,Medium,Neutral,07-25-25,Bedroom
CLM-5245,HOM-5102085,iron left on clothes. shirt burned. ironing board cover damaged. .  This is the first time I am filing a claim.  I have been a loyal customer for 5 years.  Please let me know the next steps immediately.,Priya Sharma,Home,Iron burn,Shirt ironing board,Low,Neutral,04-24-25,Laundry room
CLM-5246,HOM-4724074,voltage fluctuation damaged tv. tv not turning on. motherboard fried. policy .  The water has damaged the wooden flooring as well.    We have lost many valuable items.,Deepak Verma,Home,Voltage surge,TV motherboard,Medium,Neutral,07-16-25,Living room
CLM-5247,HOM-3398758,candle fell on carpet. small fire. carpet burned. smoke smell. .    I have been a loyal customer for 5 years.,Sunita Joshi,Home,Candle fire,Carpet rug,Medium,Neutral,07-20-25,Dining room
CLM-5248,HOM-3722909,toaster caught fire. kitchen smoke. toaster melted. counter mark. policy .  Please let me know the next steps immediately.    This is the first time I am filing a claim.,Rahul Nair,Home,Toaster fire,Toaster kitchen counter,Low,Neutral,07-24-25,Kitchen
CLM-5249,HOM-3530554,shoes stolen from outside door. nike sneakers worth 8000. .  The water has damaged the wooden flooring as well.    I hope this is covered under my policy.,Vikram Singh,Home,Shoe theft,Nike sneakers,Low,Neutral,05-22-25,Front door
CLM-5250,HOM-5503840,bicycle stolen from parking. lock broken. cycle worth 15000. policy .      I hope this is covered under my policy.,Anjali Kumar,Home,Bicycle theft,Bicycle lock,Medium,Neutral,03-13-25,Apartment parking
CLM-5251,HOM-5390474,flower pots stolen from garden. expensive ceramic pots. .    Waiting for your quick response.,Kavita Reddy,Home,Garden theft,Ceramic flower pots,Low,Neutral,03-11-25,Garden area
CLM-5252,HOM-6825958,package stolen from doorstep. amazon delivery. electronics inside. policy .      I have been a loyal customer for 5 years.,Mohan Das,Home,Package theft,Delivery package electronics,Low,Neutral,04-26-25,Front porch
CLM-5253,HOM-9132722,laptop stolen from home office. window was open. macbook air. .  I have been a loyal customer for 5 years.    Please let me know the next steps immediately.,Rajesh Iyer,Home,Laptop theft,MacBook Air,High,Neutral,06-14-25,Home office ground floor
CLM-5254,HOM-2480690,pipe burst under sink. kitchen cabinet ruined. water on floor. .  This has caused a lot of stress to my family.  This is the first time I am filing a claim.  We have lost many valuable items.,Geeta Sharma,Home,Pipe burst,Kitchen cabinet floor,Medium,Neutral,05-18-25,Kitchen sink area
CLM-5255,HOM-8341276,roof leaking in heavy rain. bedroom ceiling wet. paint peeling. policy .      We had to stay at a hotel for the night.,Ravi Kumar,Home,Roof leak,Bedroom ceiling paint,Medium,Neutral,01-25-25,Master bedroom
CLM-5256,HOM-9832245,ac drain blocked. water leaked on wall. wallpaper damaged. fungus growth. .  We have lost many valuable items.    I have been a loyal customer for 5 years.,Anita Desai,Home,AC leak,Wall wallpaper,Low,Neutral,03-21-25,Living room wall
CLM-5257,HOM-4061661,water tank overflowed. terrace flooded. water seeped into walls. policy .      Please let me know the next steps immediately.,Suresh Reddy,Home,Tank overflow,Terrace walls seepage,Medium,Neutral,06-16-25,Terrace and walls
CLM-5258,HOM-2416048,washing machine hose leak. laundry room flooded. tiles slippery. .    The security guard saw the person running away.,Meera Menon,Home,Appliance leak,Laundry room floor,Low,Neutral,02-17-25,Utility area
CLM-5259,HOM-3960202,short circuit in switch board. sparks and smoke. wall blackened. policy .  I have been a loyal customer for 5 years.,Karthik Iyer,Home,Short circuit,Switch board wall paint,Medium,Neutral,02-17-25,Bedroom
CLM-5260,HOM-9155272,iron left on clothes. shirt burned. ironing board cover damaged. .,Priya Sharma,Home,Iron burn,Shirt ironing board,Low,Neutral,06-18-25,Laundry room
CLM-5261,HOM-2536151,voltage fluctuation damaged tv. tv not turning on. motherboard fried. policy .  I hope this is covered under my policy.  It happened so suddenly I was in shock.,Deepak Verma,Home,Voltage surge,TV motherboard,Medium,Neutral,03-28-25,Living room
CLM-5262,HOM-1598699,candle fell on carpet. small fire. carpet burned. smoke smell. .  This is the first time I am filing a claim.  I hope this is covered under my policy.,Sunita Joshi,Home,Candle fire,Carpet rug,Medium,Neutral,07-12-25,Dining room
CLM-5263,HOM-7886799,toaster caught fire. kitchen smoke. toaster melted. counter mark. policy .  I have been a loyal customer for 5 years.  This has caused a lot of stress to my family.,Rahul Nair,Home,Toaster fire,Toaster kitchen counter,Low,Neutral,05-15-25,Kitchen
CLM-5264,HOM-1456327,shoes stolen from outside door. nike sneakers worth 8000. .    It happened so suddenly I was in shock.,Vikram Singh,Home,Shoe theft,Nike sneakers,Low,Neutral,03-21-25,Front door
CLM-5265,HOM-6159155,bicycle stolen from parking. lock broken. cycle worth 15000. policy .  The security guard saw the person running away.  It happened so suddenly I was in shock.  Please let me know the next steps immediately.,Anjali Kumar,Home,Bicycle theft,Bicycle lock,Medium,Neutral,03-10-25,Apartment parking
CLM-5266,HOM-7411230,flower pots stolen from garden. expensive ceramic pots. .,Kavita Reddy,Home,Garden theft,Ceramic flower pots,Low,Neutral,07-24-25,Garden area
CLM-5267,HOM-4189886,package stolen from doorstep. amazon delivery. electronics inside. policy .  This has caused a lot of stress to my family.    I hope this is covered under my policy.,Mohan Das,Home,Package theft,Delivery package electronics,Low,Neutral,06-18-25,Front porch
CLM-5268,HOM-8161467,laptop stolen from home office. window was open. macbook air. .  This has caused a lot of stress to my family.  Waiting for your quick response.,Rajesh Iyer,Home,Laptop theft,MacBook Air,High,Neutral,05-22-25,Home office ground floor
CLM-5269,HOM-5668323,pipe burst under sink. kitchen cabinet ruined. water on floor. .    The water has damaged the wooden flooring as well.  Waiting for your quick response.,Geeta Sharma,Home,Pipe burst,Kitchen cabinet floor,Medium,Neutral,01-23-25,Kitchen sink area
CLM-5270,HOM-1689225,roof leaking in heavy rain. bedroom ceiling wet. paint peeling. policy .  I have been a loyal customer for 5 years.  Please let me know the next steps immediately.,Ravi Kumar,Home,Roof leak,Bedroom ceiling paint,Medium,Neutral,05-24-25,Master bedroom
CLM-5271,HOM-5818981,ac drain blocked. water leaked on wall. wallpaper damaged. fungus growth. .  This has caused a lot of stress to my family.    I have been a loyal customer for 5 years.,Anita Desai,Home,AC leak,Wall wallpaper,Low,Neutral,02-14-25,Living room wall
CLM-5272,HOM-4548556,water tank overflowed. terrace flooded. water seeped into walls. policy .    We had to stay at a hotel for the night.  The water has damaged the wooden flooring as well.,Suresh Reddy,Home,Tank overflow,Terrace walls seepage,Medium,Neutral,07-20-25,Terrace and walls
CLM-5273,HOM-6270384,washing machine hose leak. laundry room flooded. tiles slippery. .  Please let me know the next steps immediately.  The security guard saw the person running away.,Meera Menon,Home,Appliance leak,Laundry room floor,Low,Neutral,04-16-25,Utility area
CLM-5274,HOM-4592729,short circuit in switch board. sparks and smoke. wall blackened. policy .  The security guard saw the person running away.  I hope this is covered under my policy.  The water has damaged the wooden flooring as well.,Karthik Iyer,Home,Short circuit,Switch board wall paint,Medium,Neutral,03-11-25,Bedroom
CLM-5275,HOM-3594113,iron left on clothes. shirt burned. ironing board cover damaged. .    This has caused a lot of stress to my family.,Priya Sharma,Home,Iron burn,Shirt ironing board,Low,Neutral,07-14-25,Laundry room
CLM-5276,HOM-2892259,voltage fluctuation damaged tv. tv not turning on. motherboard fried. policy .  We have lost many valuable items.  Please let me know the next steps immediately.  This is the first time I am filing a claim.,Deepak Verma,Home,Voltage surge,TV motherboard,Medium,Neutral,03-17-25,Living room
CLM-5277,HOM-6359062,candle fell on carpet. small fire. carpet burned. smoke smell. .  I have been a loyal customer for 5 years.,Sunita Joshi,Home,Candle fire,Carpet rug,Medium,Neutral,05-12-25,Dining room
CLM-5278,HOM-5731029,toaster caught fire. kitchen smoke. toaster melted. counter mark. policy .    Waiting for your quick response.,Rahul Nair,Home,Toaster fire,Toaster kitchen counter,Low,Neutral,04-19-25,Kitchen
CLM-5279,HOM-6058545,shoes stolen from outside door. nike sneakers worth 8000. .  I hope this is covered under my policy.,Vikram Singh,Home,Shoe theft,Nike sneakers,Low,Neutral,03-11-25,Front door
CLM-5280,HOM-5053420,bicycle stolen from parking. lock broken. cycle worth 15000. policy .    Waiting for your quick response.,Anjali Kumar,Home,Bicycle theft,Bicycle lock,Medium,Neutral,02-24-25,Apartment parking
CLM-5281,HOM-3674908,flower pots stolen from garden. expensive ceramic pots. .,Kavita Reddy,Home,Garden theft,Ceramic flower pots,Low,Neutral,03-16-25,Garden area
CLM-5282,HOM-9542913,package stolen from doorstep. amazon delivery. electronics inside. policy .    The water has damaged the wooden flooring as well.  This is the first time I am filing a claim.,Mohan Das,Home,Package theft,Delivery package electronics,Low,Neutral,05-17-25,Front porch
CLM-5283,HOM-1278644,laptop stolen from home office. window was open. macbook air. .  This has caused a lot of stress to my family.,Rajesh Iyer,Home,Laptop theft,MacBook Air,High,Neutral,05-23-25,Home office ground floor
CLM-5284,HLTH-6588352,cut finger while chopping vegetables. deep cut. stitches needed. .  Please let me know the next steps immediately.,Meera Gupta,Health,Kitchen injury,Left index finger cut,Low,Neutral,07-27-25,Kitchen
CLM-5285,HLTH-5573732,twisted ankle while running. swelling and pain. xray done. sprain. policy .  Please let me know the next steps immediately.  This has affected my ability to go to work.  The hospital staff was very helpful during admission.,Arjun Reddy,Health,Ankle sprain,Right ankle ligament,Medium,Neutral,02-10-25,Park jogging track
CLM-5286,HLTH-4985557,burned hand on hot pan. blisters formed. skin peeled. .  I have been a loyal customer for 5 years.  It happened so suddenly I was in shock.,Priya Menon,Health,Burn injury,Right palm burn,Medium,Neutral,06-20-25,Kitchen
CLM-5287,HLTH-1900522,hit head on cabinet door. bump and dizziness. doctor visit. policy .  Waiting for your quick response.  The doctor has advised complete bed rest for 2 weeks.,Suresh Joshi,Health,Head injury,Forehead bump mild concussion,Low,Neutral,05-25-25,Bedroom
CLM-5288,HLTH-8114072,back pain after lifting heavy box. muscle spasm. cant stand straight. .  Please let me know the next steps immediately.  It happened so suddenly I was in shock.,Anita Kumar,Health,Back injury,Lower back muscle spasm,Medium,Neutral,01-28-25,Store room
CLM-5289,HLTH-9804465,severe food poisoning. vomiting and dehydration. iv fluids given. policy .  It happened so suddenly I was in shock.,Rahul Verma,Health,Food poisoning,Stomach infection dehydration,Medium,Neutral,05-14-25,Home
CLM-5290,HLTH-5484634,viral fever high temperature. body ache. blood tests done. .    The hospital staff was very helpful during admission.  The doctor has advised complete bed rest for 2 weeks.,Sunita Sharma,Health,Viral fever,High fever body pain,Low,Neutral,03-14-25,Home
CLM-5291,HLTH-6273177,eye infection conjunctivitis. red eyes swelling. drops prescribed. policy .  Please let me know the next steps immediately.  This has caused a lot of stress to my family.  This has affected my ability to go to work.,Deepak Nair,Health,Eye infection,Both eyes conjunctivitis,Low,Neutral,01-10-25,Home
CLM-5292,HLTH-5483995,migraine attack severe headache. vomiting. admitted for pain relief. .  I have already spent 20000 on medicines.  The doctor has advised complete bed rest for 2 weeks.  I have been a loyal customer for 5 years.,Kavita Iyer,Health,Migraine,Severe headache nausea,Medium,Neutral,03-22-25,Home
CLM-5293,HLTH-2116057,asthma attack breathing trouble. nebulizer used. oxygen level low. policy .  This has caused a lot of stress to my family.  The doctor has advised complete bed rest for 2 weeks.,Mohan Reddy,Health,Asthma attack,Respiratory system lungs,High,Neutral,01-24-25,Home
CLM-5294,HLTH-4297443,fell in bathroom. slippery floor. bruised hip. pain in leg. .  It happened so suddenly I was in shock.  The surgery is scheduled for tomorrow morning.,Geeta Das,Health,Bathroom fall,Left hip bruise leg pain,Medium,Neutral,05-24-25,Bathroom
CLM-5295,HLTH-5545390,dog chased me fell from cycle. scraped knees and elbows. tetanus shot. policy .  I hope this is covered under my policy.,Vikram Patel,Health,Cycle fall,Knees and elbows abrasion,Low,Neutral,02-26-25,Street
CLM-5296,HLTH-5958077,stepped on nail. punctured foot. bleeding. tetanus injection. .  Waiting for your quick response.  This has caused a lot of stress to my family.,Anjali Sharma,Health,Foot puncture,Right foot sole puncture,Medium,Neutral,04-16-25,Construction site nearby
CLM-5297,HLTH-1054109,hot water spilled on leg. scald burn. skin red and burning. policy .  I hope this is covered under my policy.  The pain is unbearable especially at night.,Rajesh Kumar,Health,Scald burn,Left thigh scald,Medium,Neutral,06-10-25,Bathroom
CLM-5298,HLTH-5614785,gym injury shoulder pain. rotator cuff strain. physiotherapy needed. .  I have been a loyal customer for 5 years.  Please let me know the next steps immediately.,Priya Singh,Health,Shoulder strain,Right shoulder rotator cuff,Medium,Neutral,03-25-25,Gym
CLM-5299,HLTH-9342572,cut finger while chopping vegetables. deep cut. stitches needed. .  I hope this is covered under my policy.  I have been a loyal customer for 5 years.  Please let me know the next steps immediately.,Meera Gupta,Health,Kitchen injury,Left index finger cut,Low,Neutral,04-21-25,Kitchen
CLM-5300,HLTH-9303570,twisted ankle while running. swelling and pain. xray done. sprain. policy .  I hope this is covered under my policy.  The surgery is scheduled for tomorrow morning.  The hospital staff was very helpful during admission.,Arjun Reddy,Health,Ankle sprain,Right ankle ligament,Medium,Neutral,01-25-25,Park jogging track
CLM-5301,HLTH-8368457,burned hand on hot pan. blisters formed. skin peeled. .    I have been a loyal customer for 5 years.  The pain is unbearable especially at night.,Priya Menon,Health,Burn injury,Right palm burn,Medium,Neutral,04-12-25,Kitchen
CLM-5302,HLTH-7070026,hit head on cabinet door. bump and dizziness. doctor visit. policy .  I have already spent 20000 on medicines.  I might need physiotherapy sessions later.,Suresh Joshi,Health,Head injury,Forehead bump mild concussion,Low,Neutral,04-10-25,Bedroom
CLM-5303,HLTH-6776179,back pain after lifting heavy box. muscle spasm. cant stand straight. .  It happened so suddenly I was in shock.  The pain is unbearable especially at night.,Anita Kumar,Health,Back injury,Lower back muscle spasm,Medium,Neutral,02-27-25,Store room
CLM-5304,HLTH-1180643,severe food poisoning. vomiting and dehydration. iv fluids given. policy .    Waiting for your quick response.,Rahul Verma,Health,Food poisoning,Stomach infection dehydration,Medium,Neutral,03-22-25,Home
CLM-5305,HLTH-1671090,viral fever high temperature. body ache. blood tests done. .    This is the first time I am filing a claim.  The surgery is scheduled for tomorrow morning.,Sunita Sharma,Health,Viral fever,High fever body pain,Low,Neutral,01-24-25,Home
CLM-5306,HLTH-6439805,eye infection conjunctivitis. red eyes swelling. drops prescribed. policy .    Waiting for your quick response.  The hospital staff was very helpful during admission.,Deepak Nair,Health,Eye infection,Both eyes conjunctivitis,Low,Neutral,04-22-25,Home
CLM-5307,HLTH-2218451,migraine attack severe headache. vomiting. admitted for pain relief. .  This has affected my ability to go to work.  This has caused a lot of stress to my family.,Kavita Iyer,Health,Migraine,Severe headache nausea,Medium,Neutral,04-19-25,Home
CLM-5308,HLTH-2209833,asthma attack breathing trouble. nebulizer used. oxygen level low. policy .  It happened so suddenly I was in shock.  I have already spent 20000 on medicines.  Please let me know the next steps immediately.,Mohan Reddy,Health,Asthma attack,Respiratory system lungs,High,Neutral,04-15-25,Home
CLM-5309,HLTH-6157937,fell in bathroom. slippery floor. bruised hip. pain in leg. .  This is the first time I am filing a claim.,Geeta Das,Health,Bathroom fall,Left hip bruise leg pain,Medium,Neutral,01-14-25,Bathroom
CLM-5310,HLTH-2267423,dog chased me fell from cycle. scraped knees and elbows. tetanus shot. policy .  I hope this is covered under my policy.  This has affected my ability to go to work.  Waiting for your quick response.,Vikram Patel,Health,Cycle fall,Knees and elbows abrasion,Low,Neutral,01-14-25,Street
CLM-5311,HLTH-8075297,stepped on nail. punctured foot. bleeding. tetanus injection. .    Please let me know the next steps immediately.  The doctor has advised complete bed rest for 2 weeks.,Anjali Sharma,Health,Foot puncture,Right foot sole puncture,Medium,Neutral,04-18-25,Construction site nearby
CLM-5312,HLTH-8713733,hot water spilled on leg. scald burn. skin red and burning. policy .  The doctor has advised complete bed rest for 2 weeks.  I have already spent 20000 on medicines.,Rajesh Kumar,Health,Scald burn,Left thigh scald,Medium,Neutral,02-17-25,Bathroom
CLM-5313,HLTH-4648616,gym injury shoulder pain. rotator cuff strain. physiotherapy needed. .  I have been a loyal customer for 5 years.  This is the first time I am filing a claim.,Priya Singh,Health,Shoulder strain,Right shoulder rotator cuff,Medium,Neutral,05-28-25,Gym
CLM-5314,HLTH-5604149,cut finger while chopping vegetables. deep cut. stitches needed. .    The hospital staff was very helpful during admission.,Meera Gupta,Health,Kitchen injury,Left index finger cut,Low,Neutral,01-21-25,Kitchen
CLM-5315,HLTH-1458915,twisted ankle while running. swelling and pain. xray done. sprain. policy .  It happened so suddenly I was in shock.  The pain is unbearable especially at night.,Arjun Reddy,Health,Ankle sprain,Right ankle ligament,Medium,Neutral,06-20-25,Park jogging track
CLM-5316,HLTH-4087966,burned hand on hot pan. blisters formed. skin peeled. .  The pain is unbearable especially at night.    I might need physiotherapy sessions later.,Priya Menon,Health,Burn injury,Right palm burn,Medium,Neutral,05-17-25,Kitchen
CLM-5317,HLTH-5502266,hit head on cabinet door. bump and dizziness. doctor visit. policy .  I have been a loyal customer for 5 years.  The doctor has advised complete bed rest for 2 weeks.,Suresh Joshi,Health,Head injury,Forehead bump mild concussion,Low,Neutral,06-22-25,Bedroom
CLM-5318,HLTH-5375542,back pain after lifting heavy box. muscle spasm. cant stand straight. .  The hospital staff was very helpful during admission.  I have already spent 20000 on medicines.  This has affected my ability to go to work.,Anita Kumar,Health,Back injury,Lower back muscle spasm,Medium,Neutral,04-13-25,Store room
CLM-5319,HLTH-2019131,severe food poisoning. vomiting and dehydration. iv fluids given. policy .  This is the first time I am filing a claim.  The pain is unbearable especially at night.  This has affected my ability to go to work.,Rahul Verma,Health,Food poisoning,Stomach infection dehydration,Medium,Neutral,07-13-25,Home
CLM-5320,HLTH-2012876,viral fever high temperature. body ache. blood tests done. .  The doctor has advised complete bed rest for 2 weeks.  The surgery is scheduled for tomorrow morning.,Sunita Sharma,Health,Viral fever,High fever body pain,Low,Neutral,05-25-25,Home
CLM-5321,HLTH-5201686,eye infection conjunctivitis. red eyes swelling. drops prescribed. policy .    It happened so suddenly I was in shock.  The surgery is scheduled for tomorrow morning.,Deepak Nair,Health,Eye infection,Both eyes conjunctivitis,Low,Neutral,03-15-25,Home
CLM-5322,HLTH-4359566,migraine attack severe headache. vomiting. admitted for pain relief. .    I might need physiotherapy sessions later.  Please let me know the next steps immediately.,Kavita Iyer,Health,Migraine,Severe headache nausea,Medium,Neutral,03-25-25,Home
CLM-5323,HLTH-7748348,asthma attack breathing trouble. nebulizer used. oxygen level low. policy .  The pain is unbearable especially at night.    I have already spent 20000 on medicines.,Mohan Reddy,Health,Asthma attack,Respiratory system lungs,High,Neutral,03-19-25,Home
CLM-5324,HLTH-2316952,fell in bathroom. slippery floor. bruised hip. pain in leg. .  I hope this is covered under my policy.,Geeta Das,Health,Bathroom fall,Left hip bruise leg pain,Medium,Neutral,04-22-25,Bathroom
CLM-5325,HLTH-3736046,dog chased me fell from cycle. scraped knees and elbows. tetanus shot. policy .    This has caused a lot of stress to my family.,Vikram Patel,Health,Cycle fall,Knees and elbows abrasion,Low,Neutral,06-11-25,Street
CLM-5326,HLTH-6873263,stepped on nail. punctured foot. bleeding. tetanus injection. .  Please let me know the next steps immediately.  I have already spent 20000 on medicines.,Anjali Sharma,Health,Foot puncture,Right foot sole puncture,Medium,Neutral,01-20-25,Construction site nearby
CLM-5327,HLTH-2962393,hot water spilled on leg. scald burn. skin red and burning. policy .  I hope this is covered under my policy.  It happened so suddenly I was in shock.,Rajesh Kumar,Health,Scald burn,Left thigh scald,Medium,Neutral,03-22-25,Bathroom
CLM-5328,HLTH-4312704,gym injury shoulder pain. rotator cuff strain. physiotherapy needed. .  I might need physiotherapy sessions later.  I hope this is covered under my policy.,Priya Singh,Health,Shoulder strain,Right shoulder rotator cuff,Medium,Neutral,06-24-25,Gym
CLM-5329,HLTH-1773037,cut finger while chopping vegetables. deep cut. stitches needed. .  Waiting for your quick response.  Please let me know the next steps immediately.,Meera Gupta,Health,Kitchen injury,Left index finger cut,Low,Neutral,06-12-25,Kitchen
CLM-5330,HLTH-8601118,twisted ankle while running. swelling and pain. xray done. sprain. policy .  Waiting for your quick response.    I might need physiotherapy sessions later.,Arjun Reddy,Health,Ankle sprain,Right ankle ligament,Medium,Neutral,04-13-25,Park jogging track
CLM-5331,HLTH-2976741,burned hand on hot pan. blisters formed. skin peeled. .  It happened so suddenly I was in shock.  I might need physiotherapy sessions later.,Priya Menon,Health,Burn injury,Right palm burn,Medium,Neutral,07-20-25,Kitchen
CLM-5332,HLTH-7217380,hit head on cabinet door. bump and dizziness. doctor visit. policy .  The doctor has advised complete bed rest for 2 weeks.,Suresh Joshi,Health,Head injury,Forehead bump mild concussion,Low,Neutral,07-13-25,Bedroom
CLM-5333,HLTH-4910147,back pain after lifting heavy box. muscle spasm. cant stand straight. .  The doctor has advised complete bed rest for 2 weeks.    The hospital staff was very helpful during admission.,Anita Kumar,Health,Back injury,Lower back muscle spasm,Medium,Neutral,06-20-25,Store room
CLM-5334,HLTH-7262288,severe food poisoning. vomiting and dehydration. iv fluids given. policy .  This has affected my ability to go to work.  Waiting for your quick response.  The doctor has advised complete bed rest for 2 weeks.,Rahul Verma,Health,Food poisoning,Stomach infection dehydration,Medium,Neutral,01-25-25,Home
CLM-5335,HLTH-1485521,viral fever high temperature. body ache. blood tests done. .    It happened so suddenly I was in shock.  The surgery is scheduled for tomorrow morning.,Sunita Sharma,Health,Viral fever,High fever body pain,Low,Neutral,03-16-25,Home
CLM-5336,HLTH-7159552,eye infection conjunctivitis. red eyes swelling. drops prescribed. policy .  The surgery is scheduled for tomorrow morning.  The pain is unbearable especially at night.,Deepak Nair,Health,Eye infection,Both eyes conjunctivitis,Low,Neutral,07-22-25,Home
CLM-5337,HLTH-5644916,migraine attack severe headache. vomiting. admitted for pain relief. .  I have been a loyal customer for 5 years.  The surgery is scheduled for tomorrow morning.  The doctor has advised complete bed rest for 2 weeks.,Kavita Iyer,Health,Migraine,Severe headache nausea,Medium,Neutral,03-17-25,Home
CLM-5338,HLTH-5172507,asthma attack breathing trouble. nebulizer used. oxygen level low. policy .  I have been a loyal customer for 5 years.  The doctor has advised complete bed rest for 2 weeks.,Mohan Reddy,Health,Asthma attack,Respiratory system lungs,High,Neutral,07-23-25,Home
CLM-5339,HLTH-4071573,fell in bathroom. slippery floor. bruised hip. pain in leg. .    I have been a loyal customer for 5 years.  The pain is unbearable especially at night.,Geeta Das,Health,Bathroom fall,Left hip bruise leg pain,Medium,Neutral,02-25-25,Bathroom
CLM-5340,HLTH-6101606,dog chased me fell from cycle. scraped knees and elbows. tetanus shot. policy .,Vikram Patel,Health,Cycle fall,Knees and elbows abrasion,Low,Neutral,04-25-25,Street
CLM-5341,HLTH-4819994,stepped on nail. punctured foot. bleeding. tetanus injection. .  It happened so suddenly I was in shock.    Please let me know the next steps immediately.,Anjali Sharma,Health,Foot puncture,Right foot sole puncture,Medium,Neutral,05-19-25,Construction site nearby
CLM-5342,HLTH-6543292,hot water spilled on leg. scald burn. skin red and burning. policy .    The hospital staff was very helpful during admission.  Please let me know the next steps immediately.,Rajesh Kumar,Health,Scald burn,Left thigh scald,Medium,Neutral,06-18-25,Bathroom
CLM-5343,HLTH-8824421,gym injury shoulder pain. rotator cuff strain. physiotherapy needed. .  I have already spent 20000 on medicines.  I have been a loyal customer for 5 years.  The hospital staff was very helpful during admission.,Priya Singh,Health,Shoulder strain,Right shoulder rotator cuff,Medium,Neutral,07-14-25,Gym
CLM-5344,HLTH-3098232,cut finger while chopping vegetables. deep cut. stitches needed. .  Waiting for your quick response.  The doctor has advised complete bed rest for 2 weeks.,Meera Gupta,Health,Kitchen injury,Left index finger cut,Low,Neutral,03-13-25,Kitchen
CLM-5345,HLTH-4519592,twisted ankle while running. swelling and pain. xray done. sprain. policy .,Arjun Reddy,Health,Ankle sprain,Right ankle ligament,Medium,Neutral,03-17-25,Park jogging track
CLM-5346,HLTH-7150252,burned hand on hot pan. blisters formed. skin peeled. .    It happened so suddenly I was in shock.  I might need physiotherapy sessions later.,Priya Menon,Health,Burn injury,Right palm burn,Medium,Neutral,03-21-25,Kitchen
CLM-5347,HLTH-9365946,hit head on cabinet door. bump and dizziness. doctor visit. policy .  The pain is unbearable especially at night.  I hope this is covered under my policy.,Suresh Joshi,Health,Head injury,Forehead bump mild concussion,Low,Neutral,03-13-25,Bedroom
CLM-5348,HLTH-1189736,back pain after lifting heavy box. muscle spasm. cant stand straight. .  Waiting for your quick response.  I have been a loyal customer for 5 years.,Anita Kumar,Health,Back injury,Lower back muscle spasm,Medium,Neutral,04-20-25,Store room
CLM-5349,HLTH-4960635,severe food poisoning. vomiting and dehydration. iv fluids given. policy .  This is the first time I am filing a claim.,Rahul Verma,Health,Food poisoning,Stomach infection dehydration,Medium,Neutral,02-19-25,Home
CLM-5350,HLTH-8158045,viral fever high temperature. body ache. blood tests done. .  I have already spent 20000 on medicines.  It happened so suddenly I was in shock.,Sunita Sharma,Health,Viral fever,High fever body pain,Low,Neutral,03-16-25,Home
CLM-5351,HLTH-3765537,eye infection conjunctivitis. red eyes swelling. drops prescribed. policy .  The doctor has advised complete bed rest for 2 weeks.  This has caused a lot of stress to my family.  I hope this is covered under my policy.,Deepak Nair,Health,Eye infection,Both eyes conjunctivitis,Low,Neutral,06-16-25,Home
CLM-5352,HLTH-9371607,migraine attack severe headache. vomiting. admitted for pain relief. .  Please let me know the next steps immediately.,Kavita Iyer,Health,Migraine,Severe headache nausea,Medium,Neutral,05-20-25,Home
CLM-5353,HLTH-1075301,asthma attack breathing trouble. nebulizer used. oxygen level low. policy .  I have been a loyal customer for 5 years.  Please let me know the next steps immediately.,Mohan Reddy,Health,Asthma attack,Respiratory system lungs,High,Neutral,02-14-25,Home
CLM-5354,HLTH-3982836,fell in bathroom. slippery floor. bruised hip. pain in leg. .  It happened so suddenly I was in shock.  The doctor has advised complete bed rest for 2 weeks.  This has caused a lot of stress to my family.,Geeta Das,Health,Bathroom fall,Left hip bruise leg pain,Medium,Neutral,02-11-25,Bathroom
CLM-5355,HLTH-7903731,dog chased me fell from cycle. scraped knees and elbows. tetanus shot. policy .  I have been a loyal customer for 5 years.,Vikram Patel,Health,Cycle fall,Knees and elbows abrasion,Low,Neutral,04-19-25,Street
CLM-5356,HLTH-7391161,stepped on nail. punctured foot. bleeding. tetanus injection. .  The doctor has advised complete bed rest for 2 weeks.  This is the first time I am filing a claim.,Anjali Sharma,Health,Foot puncture,Right foot sole puncture,Medium,Neutral,06-22-25,Construction site nearby
CLM-5357,HLTH-3846759,hot water spilled on leg. scald burn. skin red and burning. policy .    Please let me know the next steps immediately.  This is the first time I am filing a claim.,Rajesh Kumar,Health,Scald burn,Left thigh scald,Medium,Neutral,04-24-25,Bathroom
CLM-5358,HLTH-8039194,gym injury shoulder pain. rotator cuff strain. physiotherapy needed. .  I might need physiotherapy sessions later.  Please let me know the next steps immediately.  I hope this is covered under my policy.,Priya Singh,Health,Shoulder strain,Right shoulder rotator cuff,Medium,Neutral,04-26-25,Gym
CLM-5359,HLTH-6571497,cut finger while chopping vegetables. deep cut. stitches needed. .,Meera Gupta,Health,Kitchen injury,Left index finger cut,Low,Neutral,04-10-25,Kitchen
CLM-5360,HLTH-3595515,twisted ankle while running. swelling and pain. xray done. sprain. policy .  I hope this is covered under my policy.  It happened so suddenly I was in shock.,Arjun Reddy,Health,Ankle sprain,Right ankle ligament,Medium,Neutral,03-26-25,Park jogging track
CLM-5361,HLTH-6898699,burned hand on hot pan. blisters formed. skin peeled. .  Please let me know the next steps immediately.    This is the first time I am filing a claim.,Priya Menon,Health,Burn injury,Right palm burn,Medium,Neutral,01-10-25,Kitchen
CLM-5362,HLTH-4211396,hit head on cabinet door. bump and dizziness. doctor visit. policy .  The doctor has advised complete bed rest for 2 weeks.  This is the first time I am filing a claim.,Suresh Joshi,Health,Head injury,Forehead bump mild concussion,Low,Neutral,01-13-25,Bedroom
CLM-5363,HLTH-2855386,back pain after lifting heavy box. muscle spasm. cant stand straight. .  Please let me know the next steps immediately.  I have already spent 20000 on medicines.,Anita Kumar,Health,Back injury,Lower back muscle spasm,Medium,Neutral,07-21-25,Store room
CLM-5364,HLTH-8005350,severe food poisoning. vomiting and dehydration. iv fluids given. policy .  I have already spent 20000 on medicines.,Rahul Verma,Health,Food poisoning,Stomach infection dehydration,Medium,Neutral,01-12-25,Home
CLM-5365,HLTH-7887635,viral fever high temperature. body ache. blood tests done. .  The doctor has advised complete bed rest for 2 weeks.  Please let me know the next steps immediately.,Sunita Sharma,Health,Viral fever,High fever body pain,Low,Neutral,02-23-25,Home
CLM-5366,HLTH-2133135,eye infection conjunctivitis. red eyes swelling. drops prescribed. policy .  This has affected my ability to go to work.  I hope this is covered under my policy.,Deepak Nair,Health,Eye infection,Both eyes conjunctivitis,Low,Neutral,02-15-25,Home
CLM-5367,HLTH-6185177,migraine attack severe headache. vomiting. admitted for pain relief. .  I hope this is covered under my policy.  This has affected my ability to go to work.,Kavita Iyer,Health,Migraine,Severe headache nausea,Medium,Neutral,05-15-25,Home
CLM-5368,HLTH-6994909,asthma attack breathing trouble. nebulizer used. oxygen level low. policy .  Waiting for your quick response.  The hospital staff was very helpful during admission.,Mohan Reddy,Health,Asthma attack,Respiratory system lungs,High,Neutral,07-11-25,Home
CLM-5369,HLTH-6172806,fell in bathroom. slippery floor. bruised hip. pain in leg. .    The doctor has advised complete bed rest for 2 weeks.,Geeta Das,Health,Bathroom fall,Left hip bruise leg pain,Medium,Neutral,01-19-25,Bathroom
CLM-5370,HLTH-9339451,dog chased me fell from cycle. scraped knees and elbows. tetanus shot. policy .  I have been a loyal customer for 5 years.,Vikram Patel,Health,Cycle fall,Knees and elbows abrasion,Low,Neutral,07-18-25,Street
CLM-5371,HLTH-8730683,stepped on nail. punctured foot. bleeding. tetanus injection. .      I hope this is covered under my policy.,Anjali Sharma,Health,Foot puncture,Right foot sole puncture,Medium,Neutral,07-26-25,Construction site nearby
CLM-5372,HLTH-3928991,hot water spilled on leg. scald burn. skin red and burning. policy .  I have already spent 20000 on medicines.    Please let me know the next steps immediately.,Rajesh Kumar,Health,Scald burn,Left thigh scald,Medium,Neutral,05-20-25,Bathroom
CLM-5373,HLTH-6245437,gym injury shoulder pain. rotator cuff strain. physiotherapy needed. .    I might need physiotherapy sessions later.  The pain is unbearable especially at night.,Priya Singh,Health,Shoulder strain,Right shoulder rotator cuff,Medium,Neutral,03-16-25,Gym
